event_id,ticker,hypothesis,branch,impact_grade,grade_implied_from_fib,branch_weight,is_necessity_leaf,model,model_transition,trigger,date,from,to,score_delta,direction,tree_age_days,vocab_migration,next_transition_days,days_since_prev_transition,gap_days,row_date,conviction_at,price_at,price_era,pre_h1,pre_row_date,conviction_delta_1w,fwd_h1,fwd_h2,fwd_h3,fwd_h4,fwd_h5,fwd_h6,fwd_h7,fwd_h8,schema_version,cluster_id,cluster_size,pool_h1,excess_h1,pool_h2,excess_h2,pool_h3,excess_h3,pool_h4,excess_h4,pool_h5,excess_h5,pool_h6,excess_h6,pool_h7,excess_h7,pool_h8,excess_h8,excess_pre
005930.KS:B1:2026-07-18,005930.KS,B1,B,明顯受損,False,0.9,False,deepseek/deepseek-v4-pro,True,,2026-07-18,Inconclusive,Trending negative,-1,downgrade,0,False,,,0,2026-07-18,0.5576,255000.0,live,-0.105263,2026-07-11,-0.2558,,-0.021569,0.029412,,,,,,2,005930.KS@2026-W29,1,0.030292,,-0.015403,-0.006166,-0.006025,0.035437,-0.042566,,0.098491,,,,,,,,-0.05398
005930.KS:C3:2026-08-01,005930.KS,C3,C,明顯受損,False,0.9,False,x-ai/grok-4.3,False,weekly,2026-08-01,Trending positive,Validated,1,upgrade,14,False,1,,0,2026-08-01,0.3124,262500.0,live,0.052104,2026-07-25,,,,,,,,,,2,005930.KS@2026-W31,2,,,,,,,,,,,,,,,,,0.050873
005930.KS:C3:2026-08-02,005930.KS,C3,C,明顯受損,False,0.9,False,x-ai/grok-4.3,False,correction,2026-08-02,Validated,Trending positive,-1,downgrade,15,False,,1,,,,,,,,,,,,,,,,,2,005930.KS@2026-W31,2,,,,,,,,,,,,,,,,,
9992:A1:2026-05-15,9992,A1,A,致命,False,2.5,False,x-ai/grok-4.5,False,,2026-05-15,partially_supported,Inconclusive,0,lateral,0,True,1,,1,2026-05-16,,152.4,hist_backfill,-0.093397,2026-05-09,,-0.012467,0.137795,0.15748,0.200787,0.078084,0.040026,0.005906,-0.011155,2,9992@2026-W20,24,0.021569,-0.034036,0.067122,0.070673,0.014269,0.143211,-0.010315,0.211102,0.004574,0.07351,-0.046622,0.086648,-0.018337,0.024243,-0.007325,-0.00383,-0.094111
9992:A1:2026-05-16,9992,A1,A,致命,False,2.5,False,x-ai/grok-4.5,False,,2026-05-16,Inconclusive,Trending positive,1,upgrade,1,True,,1,0,2026-05-16,,152.4,hist_backfill,-0.093397,2026-05-09,,-0.012467,0.137795,0.15748,0.200787,0.078084,0.040026,0.005906,-0.011155,2,9992@2026-W20,24,0.021569,-0.034036,0.067122,0.070673,0.014269,0.143211,-0.010315,0.211102,0.004574,0.07351,-0.046622,0.086648,-0.018337,0.024243,-0.007325,-0.00383,-0.094111
9992:A2:2026-05-15,9992,A2,A,致命,False,2.5,False,x-ai/grok-4.5,False,,2026-05-15,supported,Validated,0,lateral,0,True,1,,1,2026-05-16,,152.4,hist_backfill,-0.093397,2026-05-09,,-0.012467,0.137795,0.15748,0.200787,0.078084,0.040026,0.005906,-0.011155,2,9992@2026-W20,24,0.021569,-0.034036,0.067122,0.070673,0.014269,0.143211,-0.010315,0.211102,0.004574,0.07351,-0.046622,0.086648,-0.018337,0.024243,-0.007325,-0.00383,-0.094111
9992:A2:2026-05-16,9992,A2,A,致命,False,2.5,False,x-ai/grok-4.5,False,,2026-05-16,Validated,Validated,0,lateral,1,True,,1,0,2026-05-16,,152.4,hist_backfill,-0.093397,2026-05-09,,-0.012467,0.137795,0.15748,0.200787,0.078084,0.040026,0.005906,-0.011155,2,9992@2026-W20,24,0.021569,-0.034036,0.067122,0.070673,0.014269,0.143211,-0.010315,0.211102,0.004574,0.07351,-0.046622,0.086648,-0.018337,0.024243,-0.007325,-0.00383,-0.094111
9992:A3:2026-05-15,9992,A3,A,致命,False,2.5,False,x-ai/grok-4.5,False,,2026-05-15,challenged,Approaching falsification,0,lateral,0,True,1,,1,2026-05-16,,152.4,hist_backfill,-0.093397,2026-05-09,,-0.012467,0.137795,0.15748,0.200787,0.078084,0.040026,0.005906,-0.011155,2,9992@2026-W20,24,0.021569,-0.034036,0.067122,0.070673,0.014269,0.143211,-0.010315,0.211102,0.004574,0.07351,-0.046622,0.086648,-0.018337,0.024243,-0.007325,-0.00383,-0.094111
9992:A3:2026-05-16,9992,A3,A,致命,False,2.5,False,x-ai/grok-4.5,False,,2026-05-16,Approaching falsification,Trending negative,1,upgrade,1,True,,1,0,2026-05-16,,152.4,hist_backfill,-0.093397,2026-05-09,,-0.012467,0.137795,0.15748,0.200787,0.078084,0.040026,0.005906,-0.011155,2,9992@2026-W20,24,0.021569,-0.034036,0.067122,0.070673,0.014269,0.143211,-0.010315,0.211102,0.004574,0.07351,-0.046622,0.086648,-0.018337,0.024243,-0.007325,-0.00383,-0.094111
9992:B1:2026-05-15,9992,B1,B,重創,False,1.6,False,x-ai/grok-4.5,False,,2026-05-15,supported,Validated,0,lateral,0,True,1,,1,2026-05-16,,152.4,hist_backfill,-0.093397,2026-05-09,,-0.012467,0.137795,0.15748,0.200787,0.078084,0.040026,0.005906,-0.011155,2,9992@2026-W20,24,0.021569,-0.034036,0.067122,0.070673,0.014269,0.143211,-0.010315,0.211102,0.004574,0.07351,-0.046622,0.086648,-0.018337,0.024243,-0.007325,-0.00383,-0.094111
9992:B1:2026-05-16,9992,B1,B,重創,False,1.6,False,x-ai/grok-4.5,False,,2026-05-16,Validated,Validated,0,lateral,1,True,,1,0,2026-05-16,,152.4,hist_backfill,-0.093397,2026-05-09,,-0.012467,0.137795,0.15748,0.200787,0.078084,0.040026,0.005906,-0.011155,2,9992@2026-W20,24,0.021569,-0.034036,0.067122,0.070673,0.014269,0.143211,-0.010315,0.211102,0.004574,0.07351,-0.046622,0.086648,-0.018337,0.024243,-0.007325,-0.00383,-0.094111
9992:B2:2026-05-15,9992,B2,B,重創,False,1.6,False,x-ai/grok-4.5,False,,2026-05-15,supported,Validated,0,lateral,0,True,1,,1,2026-05-16,,152.4,hist_backfill,-0.093397,2026-05-09,,-0.012467,0.137795,0.15748,0.200787,0.078084,0.040026,0.005906,-0.011155,2,9992@2026-W20,24,0.021569,-0.034036,0.067122,0.070673,0.014269,0.143211,-0.010315,0.211102,0.004574,0.07351,-0.046622,0.086648,-0.018337,0.024243,-0.007325,-0.00383,-0.094111
9992:B2:2026-05-16,9992,B2,B,重創,False,1.6,False,x-ai/grok-4.5,False,,2026-05-16,Validated,Validated,0,lateral,1,True,,1,0,2026-05-16,,152.4,hist_backfill,-0.093397,2026-05-09,,-0.012467,0.137795,0.15748,0.200787,0.078084,0.040026,0.005906,-0.011155,2,9992@2026-W20,24,0.021569,-0.034036,0.067122,0.070673,0.014269,0.143211,-0.010315,0.211102,0.004574,0.07351,-0.046622,0.086648,-0.018337,0.024243,-0.007325,-0.00383,-0.094111
9992:B3:2026-05-15,9992,B3,B,重創,False,1.6,False,x-ai/grok-4.5,False,,2026-05-15,partially_supported,Inconclusive,0,lateral,0,True,1,,1,2026-05-16,,152.4,hist_backfill,-0.093397,2026-05-09,,-0.012467,0.137795,0.15748,0.200787,0.078084,0.040026,0.005906,-0.011155,2,9992@2026-W20,24,0.021569,-0.034036,0.067122,0.070673,0.014269,0.143211,-0.010315,0.211102,0.004574,0.07351,-0.046622,0.086648,-0.018337,0.024243,-0.007325,-0.00383,-0.094111
9992:B3:2026-05-16,9992,B3,B,重創,False,1.6,False,x-ai/grok-4.5,False,,2026-05-16,Inconclusive,Trending positive,1,upgrade,1,True,,1,0,2026-05-16,,152.4,hist_backfill,-0.093397,2026-05-09,,-0.012467,0.137795,0.15748,0.200787,0.078084,0.040026,0.005906,-0.011155,2,9992@2026-W20,24,0.021569,-0.034036,0.067122,0.070673,0.014269,0.143211,-0.010315,0.211102,0.004574,0.07351,-0.046622,0.086648,-0.018337,0.024243,-0.007325,-0.00383,-0.094111
9992:C1:2026-05-15,9992,C1,C,明顯受損,False,0.9,False,x-ai/grok-4.5,False,,2026-05-15,partially_supported,Inconclusive,0,lateral,0,True,1,,1,2026-05-16,,152.4,hist_backfill,-0.093397,2026-05-09,,-0.012467,0.137795,0.15748,0.200787,0.078084,0.040026,0.005906,-0.011155,2,9992@2026-W20,24,0.021569,-0.034036,0.067122,0.070673,0.014269,0.143211,-0.010315,0.211102,0.004574,0.07351,-0.046622,0.086648,-0.018337,0.024243,-0.007325,-0.00383,-0.094111
9992:C1:2026-05-16,9992,C1,C,明顯受損,False,0.9,False,x-ai/grok-4.5,False,,2026-05-16,Inconclusive,Trending positive,1,upgrade,1,True,63,1,0,2026-05-16,,152.4,hist_backfill,-0.093397,2026-05-09,,-0.012467,0.137795,0.15748,0.200787,0.078084,0.040026,0.005906,-0.011155,2,9992@2026-W20,24,0.021569,-0.034036,0.067122,0.070673,0.014269,0.143211,-0.010315,0.211102,0.004574,0.07351,-0.046622,0.086648,-0.018337,0.024243,-0.007325,-0.00383,-0.094111
9992:C1:2026-07-18,9992,C1,C,明顯受損,False,0.9,False,deepseek/deepseek-v4-pro,True,,2026-07-18,Trending positive,Trending negative,-2,downgrade,64,False,,63,0,2026-07-18,0.8182,163.6,live,0.085601,2026-07-11,-0.1776,,-0.016504,-0.006112,,,,,,2,9992@2026-W29,1,0.030292,,-0.015403,-0.001101,-0.006025,-8.7e-05,-0.042566,,0.098491,,,,,,,,0.136884
9992:C2:2026-05-15,9992,C2,C,明顯受損,False,0.9,False,x-ai/grok-4.5,False,,2026-05-15,supported,Validated,0,lateral,0,True,1,,1,2026-05-16,,152.4,hist_backfill,-0.093397,2026-05-09,,-0.012467,0.137795,0.15748,0.200787,0.078084,0.040026,0.005906,-0.011155,2,9992@2026-W20,24,0.021569,-0.034036,0.067122,0.070673,0.014269,0.143211,-0.010315,0.211102,0.004574,0.07351,-0.046622,0.086648,-0.018337,0.024243,-0.007325,-0.00383,-0.094111
9992:C2:2026-05-16,9992,C2,C,明顯受損,False,0.9,False,x-ai/grok-4.5,False,,2026-05-16,Validated,Validated,0,lateral,1,True,,1,0,2026-05-16,,152.4,hist_backfill,-0.093397,2026-05-09,,-0.012467,0.137795,0.15748,0.200787,0.078084,0.040026,0.005906,-0.011155,2,9992@2026-W20,24,0.021569,-0.034036,0.067122,0.070673,0.014269,0.143211,-0.010315,0.211102,0.004574,0.07351,-0.046622,0.086648,-0.018337,0.024243,-0.007325,-0.00383,-0.094111
9992:C3:2026-05-15,9992,C3,C,明顯受損,False,0.9,False,x-ai/grok-4.5,False,,2026-05-15,supported,Validated,0,lateral,0,True,1,,1,2026-05-16,,152.4,hist_backfill,-0.093397,2026-05-09,,-0.012467,0.137795,0.15748,0.200787,0.078084,0.040026,0.005906,-0.011155,2,9992@2026-W20,24,0.021569,-0.034036,0.067122,0.070673,0.014269,0.143211,-0.010315,0.211102,0.004574,0.07351,-0.046622,0.086648,-0.018337,0.024243,-0.007325,-0.00383,-0.094111
9992:C3:2026-05-16,9992,C3,C,明顯受損,False,0.9,False,x-ai/grok-4.5,False,,2026-05-16,Validated,Validated,0,lateral,1,True,,1,0,2026-05-16,,152.4,hist_backfill,-0.093397,2026-05-09,,-0.012467,0.137795,0.15748,0.200787,0.078084,0.040026,0.005906,-0.011155,2,9992@2026-W20,24,0.021569,-0.034036,0.067122,0.070673,0.014269,0.143211,-0.010315,0.211102,0.004574,0.07351,-0.046622,0.086648,-0.018337,0.024243,-0.007325,-0.00383,-0.094111
9992:D1:2026-05-15,9992,D1,D,輕微,False,0.4,False,x-ai/grok-4.5,False,,2026-05-15,supported,Validated,0,lateral,0,True,1,,1,2026-05-16,,152.4,hist_backfill,-0.093397,2026-05-09,,-0.012467,0.137795,0.15748,0.200787,0.078084,0.040026,0.005906,-0.011155,2,9992@2026-W20,24,0.021569,-0.034036,0.067122,0.070673,0.014269,0.143211,-0.010315,0.211102,0.004574,0.07351,-0.046622,0.086648,-0.018337,0.024243,-0.007325,-0.00383,-0.094111
9992:D1:2026-05-16,9992,D1,D,輕微,False,0.4,False,x-ai/grok-4.5,False,,2026-05-16,Validated,Validated,0,lateral,1,True,,1,0,2026-05-16,,152.4,hist_backfill,-0.093397,2026-05-09,,-0.012467,0.137795,0.15748,0.200787,0.078084,0.040026,0.005906,-0.011155,2,9992@2026-W20,24,0.021569,-0.034036,0.067122,0.070673,0.014269,0.143211,-0.010315,0.211102,0.004574,0.07351,-0.046622,0.086648,-0.018337,0.024243,-0.007325,-0.00383,-0.094111
9992:D2:2026-05-15,9992,D2,D,輕微,False,0.4,False,x-ai/grok-4.5,False,,2026-05-15,supported,Validated,0,lateral,0,True,1,,1,2026-05-16,,152.4,hist_backfill,-0.093397,2026-05-09,,-0.012467,0.137795,0.15748,0.200787,0.078084,0.040026,0.005906,-0.011155,2,9992@2026-W20,24,0.021569,-0.034036,0.067122,0.070673,0.014269,0.143211,-0.010315,0.211102,0.004574,0.07351,-0.046622,0.086648,-0.018337,0.024243,-0.007325,-0.00383,-0.094111
9992:D2:2026-05-16,9992,D2,D,輕微,False,0.4,False,x-ai/grok-4.5,False,,2026-05-16,Validated,Validated,0,lateral,1,True,,1,0,2026-05-16,,152.4,hist_backfill,-0.093397,2026-05-09,,-0.012467,0.137795,0.15748,0.200787,0.078084,0.040026,0.005906,-0.011155,2,9992@2026-W20,24,0.021569,-0.034036,0.067122,0.070673,0.014269,0.143211,-0.010315,0.211102,0.004574,0.07351,-0.046622,0.086648,-0.018337,0.024243,-0.007325,-0.00383,-0.094111
9992:D3:2026-05-15,9992,D3,D,輕微,False,0.4,False,x-ai/grok-4.5,False,,2026-05-15,partially_supported,Inconclusive,0,lateral,0,True,1,,1,2026-05-16,,152.4,hist_backfill,-0.093397,2026-05-09,,-0.012467,0.137795,0.15748,0.200787,0.078084,0.040026,0.005906,-0.011155,2,9992@2026-W20,24,0.021569,-0.034036,0.067122,0.070673,0.014269,0.143211,-0.010315,0.211102,0.004574,0.07351,-0.046622,0.086648,-0.018337,0.024243,-0.007325,-0.00383,-0.094111
9992:D3:2026-05-16,9992,D3,D,輕微,False,0.4,False,x-ai/grok-4.5,False,,2026-05-16,Inconclusive,Trending positive,1,upgrade,1,True,,1,0,2026-05-16,,152.4,hist_backfill,-0.093397,2026-05-09,,-0.012467,0.137795,0.15748,0.200787,0.078084,0.040026,0.005906,-0.011155,2,9992@2026-W20,24,0.021569,-0.034036,0.067122,0.070673,0.014269,0.143211,-0.010315,0.211102,0.004574,0.07351,-0.046622,0.086648,-0.018337,0.024243,-0.007325,-0.00383,-0.094111
AAOI:A1:2026-05-15,AAOI,A1,A,致命,False,2.5,False,x-ai/grok-4.5,False,,2026-05-15,partially_supported,Inconclusive,0,lateral,7,True,1,,1,2026-05-16,,190.36,hist_backfill,0.278099,2026-05-09,,-0.046596,-0.16784,-0.070183,-0.111946,-0.149769,-0.287193,-0.364625,-0.370036,2,AAOI@2026-W20,34,0.021569,-0.068165,0.067122,-0.234962,0.014269,-0.084452,-0.010315,-0.101631,0.004574,-0.154343,-0.046622,-0.240571,-0.018337,-0.346288,-0.007325,-0.362711,0.277385
AAOI:A1:2026-05-16,AAOI,A1,A,致命,False,2.5,False,x-ai/grok-4.5,False,,2026-05-16,Inconclusive,Trending negative,-1,downgrade,8,True,,1,0,2026-05-16,,190.36,hist_backfill,0.278099,2026-05-09,,-0.046596,-0.16784,-0.070183,-0.111946,-0.149769,-0.287193,-0.364625,-0.370036,2,AAOI@2026-W20,34,0.021569,-0.068165,0.067122,-0.234962,0.014269,-0.084452,-0.010315,-0.101631,0.004574,-0.154343,-0.046622,-0.240571,-0.018337,-0.346288,-0.007325,-0.362711,0.277385
AAOI:A2:2026-05-15,AAOI,A2,A,致命,False,2.5,False,x-ai/grok-4.5,False,,2026-05-15,partially_supported,Inconclusive,0,lateral,7,True,1,,1,2026-05-16,,190.36,hist_backfill,0.278099,2026-05-09,,-0.046596,-0.16784,-0.070183,-0.111946,-0.149769,-0.287193,-0.364625,-0.370036,2,AAOI@2026-W20,34,0.021569,-0.068165,0.067122,-0.234962,0.014269,-0.084452,-0.010315,-0.101631,0.004574,-0.154343,-0.046622,-0.240571,-0.018337,-0.346288,-0.007325,-0.362711,0.277385
AAOI:A2:2026-05-16,AAOI,A2,A,致命,False,2.5,False,x-ai/grok-4.5,False,,2026-05-16,Inconclusive,Trending positive,1,upgrade,8,True,,1,0,2026-05-16,,190.36,hist_backfill,0.278099,2026-05-09,,-0.046596,-0.16784,-0.070183,-0.111946,-0.149769,-0.287193,-0.364625,-0.370036,2,AAOI@2026-W20,34,0.021569,-0.068165,0.067122,-0.234962,0.014269,-0.084452,-0.010315,-0.101631,0.004574,-0.154343,-0.046622,-0.240571,-0.018337,-0.346288,-0.007325,-0.362711,0.277385
AAOI:A3:2026-05-15,AAOI,A3,A,致命,False,2.5,False,x-ai/grok-4.5,False,,2026-05-15,partially_supported,Inconclusive,0,lateral,7,True,1,,1,2026-05-16,,190.36,hist_backfill,0.278099,2026-05-09,,-0.046596,-0.16784,-0.070183,-0.111946,-0.149769,-0.287193,-0.364625,-0.370036,2,AAOI@2026-W20,34,0.021569,-0.068165,0.067122,-0.234962,0.014269,-0.084452,-0.010315,-0.101631,0.004574,-0.154343,-0.046622,-0.240571,-0.018337,-0.346288,-0.007325,-0.362711,0.277385
AAOI:A3:2026-05-16,AAOI,A3,A,致命,False,2.5,False,x-ai/grok-4.5,False,,2026-05-16,Inconclusive,Trending positive,1,upgrade,8,True,,1,0,2026-05-16,,190.36,hist_backfill,0.278099,2026-05-09,,-0.046596,-0.16784,-0.070183,-0.111946,-0.149769,-0.287193,-0.364625,-0.370036,2,AAOI@2026-W20,34,0.021569,-0.068165,0.067122,-0.234962,0.014269,-0.084452,-0.010315,-0.101631,0.004574,-0.154343,-0.046622,-0.240571,-0.018337,-0.346288,-0.007325,-0.362711,0.277385
AAOI:A4:2026-05-15,AAOI,A4,A,致命,False,2.5,False,x-ai/grok-4.5,False,,2026-05-15,partially_supported,Inconclusive,0,lateral,7,True,1,,1,2026-05-16,,190.36,hist_backfill,0.278099,2026-05-09,,-0.046596,-0.16784,-0.070183,-0.111946,-0.149769,-0.287193,-0.364625,-0.370036,2,AAOI@2026-W20,34,0.021569,-0.068165,0.067122,-0.234962,0.014269,-0.084452,-0.010315,-0.101631,0.004574,-0.154343,-0.046622,-0.240571,-0.018337,-0.346288,-0.007325,-0.362711,0.277385
AAOI:A4:2026-05-16,AAOI,A4,A,致命,False,2.5,False,x-ai/grok-4.5,False,,2026-05-16,Inconclusive,Trending positive,1,upgrade,8,True,,1,0,2026-05-16,,190.36,hist_backfill,0.278099,2026-05-09,,-0.046596,-0.16784,-0.070183,-0.111946,-0.149769,-0.287193,-0.364625,-0.370036,2,AAOI@2026-W20,34,0.021569,-0.068165,0.067122,-0.234962,0.014269,-0.084452,-0.010315,-0.101631,0.004574,-0.154343,-0.046622,-0.240571,-0.018337,-0.346288,-0.007325,-0.362711,0.277385
AAOI:B1:2026-05-15,AAOI,B1,B,致命,False,2.5,False,x-ai/grok-4.5,False,,2026-05-15,partially_supported,Inconclusive,0,lateral,7,True,1,,1,2026-05-16,,190.36,hist_backfill,0.278099,2026-05-09,,-0.046596,-0.16784,-0.070183,-0.111946,-0.149769,-0.287193,-0.364625,-0.370036,2,AAOI@2026-W20,34,0.021569,-0.068165,0.067122,-0.234962,0.014269,-0.084452,-0.010315,-0.101631,0.004574,-0.154343,-0.046622,-0.240571,-0.018337,-0.346288,-0.007325,-0.362711,0.277385
AAOI:B1:2026-05-16,AAOI,B1,B,致命,False,2.5,False,x-ai/grok-4.5,False,,2026-05-16,Inconclusive,Trending positive,1,upgrade,8,True,,1,0,2026-05-16,,190.36,hist_backfill,0.278099,2026-05-09,,-0.046596,-0.16784,-0.070183,-0.111946,-0.149769,-0.287193,-0.364625,-0.370036,2,AAOI@2026-W20,34,0.021569,-0.068165,0.067122,-0.234962,0.014269,-0.084452,-0.010315,-0.101631,0.004574,-0.154343,-0.046622,-0.240571,-0.018337,-0.346288,-0.007325,-0.362711,0.277385
AAOI:B2:2026-05-15,AAOI,B2,B,致命,False,2.5,False,x-ai/grok-4.5,False,,2026-05-15,challenged,Approaching falsification,0,lateral,7,True,1,,1,2026-05-16,,190.36,hist_backfill,0.278099,2026-05-09,,-0.046596,-0.16784,-0.070183,-0.111946,-0.149769,-0.287193,-0.364625,-0.370036,2,AAOI@2026-W20,34,0.021569,-0.068165,0.067122,-0.234962,0.014269,-0.084452,-0.010315,-0.101631,0.004574,-0.154343,-0.046622,-0.240571,-0.018337,-0.346288,-0.007325,-0.362711,0.277385
AAOI:B2:2026-05-16,AAOI,B2,B,致命,False,2.5,False,x-ai/grok-4.5,False,,2026-05-16,Approaching falsification,Trending negative,1,upgrade,8,True,,1,0,2026-05-16,,190.36,hist_backfill,0.278099,2026-05-09,,-0.046596,-0.16784,-0.070183,-0.111946,-0.149769,-0.287193,-0.364625,-0.370036,2,AAOI@2026-W20,34,0.021569,-0.068165,0.067122,-0.234962,0.014269,-0.084452,-0.010315,-0.101631,0.004574,-0.154343,-0.046622,-0.240571,-0.018337,-0.346288,-0.007325,-0.362711,0.277385
AAOI:B3:2026-05-15,AAOI,B3,B,致命,False,2.5,False,x-ai/grok-4.5,False,,2026-05-15,partially_supported,Inconclusive,0,lateral,7,True,1,,1,2026-05-16,,190.36,hist_backfill,0.278099,2026-05-09,,-0.046596,-0.16784,-0.070183,-0.111946,-0.149769,-0.287193,-0.364625,-0.370036,2,AAOI@2026-W20,34,0.021569,-0.068165,0.067122,-0.234962,0.014269,-0.084452,-0.010315,-0.101631,0.004574,-0.154343,-0.046622,-0.240571,-0.018337,-0.346288,-0.007325,-0.362711,0.277385
AAOI:B3:2026-05-16,AAOI,B3,B,致命,False,2.5,False,x-ai/grok-4.5,False,,2026-05-16,Inconclusive,Trending positive,1,upgrade,8,True,,1,0,2026-05-16,,190.36,hist_backfill,0.278099,2026-05-09,,-0.046596,-0.16784,-0.070183,-0.111946,-0.149769,-0.287193,-0.364625,-0.370036,2,AAOI@2026-W20,34,0.021569,-0.068165,0.067122,-0.234962,0.014269,-0.084452,-0.010315,-0.101631,0.004574,-0.154343,-0.046622,-0.240571,-0.018337,-0.346288,-0.007325,-0.362711,0.277385
AAOI:C1:2026-05-08,AAOI,C1,C,重創,False,1.6,False,x-ai/grok-4.5,False,,2026-05-08,partially_supported,challenged,-2,downgrade,0,True,7,,1,2026-05-09,,148.94,hist_backfill,-0.188382,2026-05-02,,0.278099,0.218544,0.063583,0.188398,0.135021,0.086679,-0.088962,-0.187928,2,AAOI@2026-W19,2,0.000714,0.277385,0.022903,0.195641,0.063736,-0.000153,0.022851,0.165547,0.018774,0.116247,0.039023,0.047656,-0.014805,-0.074157,-0.010483,-0.177445,-0.213422
AAOI:C1:2026-05-15,AAOI,C1,C,重創,False,1.6,False,x-ai/grok-4.5,False,,2026-05-15,challenged,Approaching falsification,0,lateral,7,True,1,7,1,2026-05-16,,190.36,hist_backfill,0.278099,2026-05-09,,-0.046596,-0.16784,-0.070183,-0.111946,-0.149769,-0.287193,-0.364625,-0.370036,2,AAOI@2026-W20,34,0.021569,-0.068165,0.067122,-0.234962,0.014269,-0.084452,-0.010315,-0.101631,0.004574,-0.154343,-0.046622,-0.240571,-0.018337,-0.346288,-0.007325,-0.362711,0.277385
AAOI:C1:2026-05-16,AAOI,C1,C,重創,False,1.6,False,x-ai/grok-4.5,False,,2026-05-16,Approaching falsification,Trending negative,1,upgrade,8,True,14,1,0,2026-05-16,,190.36,hist_backfill,0.278099,2026-05-09,,-0.046596,-0.16784,-0.070183,-0.111946,-0.149769,-0.287193,-0.364625,-0.370036,2,AAOI@2026-W20,34,0.021569,-0.068165,0.067122,-0.234962,0.014269,-0.084452,-0.010315,-0.101631,0.004574,-0.154343,-0.046622,-0.240571,-0.018337,-0.346288,-0.007325,-0.362711,0.277385
AAOI:C1:2026-05-30,AAOI,C1,C,重創,False,1.6,False,x-ai/grok-4.5,False,,2026-05-30,Trending negative,Approaching falsification,-1,downgrade,22,False,,14,0,2026-05-30,,158.41,hist_backfill,-0.12717,2026-05-23,,0.117354,0.067167,0.021716,-0.143425,-0.236475,-0.242977,-0.353513,-0.353513,2,AAOI@2026-W22,1,-0.048107,0.165461,-0.05432,0.121487,-0.032366,0.054082,-0.085928,-0.057497,-0.067788,-0.168687,-0.043977,-0.199,-0.107618,-0.245895,-0.122884,-0.230629,-0.16943
AAOI:C2:2026-05-15,AAOI,C2,C,重創,False,1.6,False,x-ai/grok-4.5,False,,2026-05-15,partially_supported,Inconclusive,0,lateral,7,True,1,,1,2026-05-16,,190.36,hist_backfill,0.278099,2026-05-09,,-0.046596,-0.16784,-0.070183,-0.111946,-0.149769,-0.287193,-0.364625,-0.370036,2,AAOI@2026-W20,34,0.021569,-0.068165,0.067122,-0.234962,0.014269,-0.084452,-0.010315,-0.101631,0.004574,-0.154343,-0.046622,-0.240571,-0.018337,-0.346288,-0.007325,-0.362711,0.277385
AAOI:C2:2026-05-16,AAOI,C2,C,重創,False,1.6,False,x-ai/grok-4.5,False,,2026-05-16,Inconclusive,Trending positive,1,upgrade,8,True,,1,0,2026-05-16,,190.36,hist_backfill,0.278099,2026-05-09,,-0.046596,-0.16784,-0.070183,-0.111946,-0.149769,-0.287193,-0.364625,-0.370036,2,AAOI@2026-W20,34,0.021569,-0.068165,0.067122,-0.234962,0.014269,-0.084452,-0.010315,-0.101631,0.004574,-0.154343,-0.046622,-0.240571,-0.018337,-0.346288,-0.007325,-0.362711,0.277385
AAOI:C3:2026-05-15,AAOI,C3,C,重創,False,1.6,False,x-ai/grok-4.5,False,,2026-05-15,challenged,Approaching falsification,0,lateral,7,True,1,,1,2026-05-16,,190.36,hist_backfill,0.278099,2026-05-09,,-0.046596,-0.16784,-0.070183,-0.111946,-0.149769,-0.287193,-0.364625,-0.370036,2,AAOI@2026-W20,34,0.021569,-0.068165,0.067122,-0.234962,0.014269,-0.084452,-0.010315,-0.101631,0.004574,-0.154343,-0.046622,-0.240571,-0.018337,-0.346288,-0.007325,-0.362711,0.277385
AAOI:C3:2026-05-16,AAOI,C3,C,重創,False,1.6,False,x-ai/grok-4.5,False,,2026-05-16,Approaching falsification,Trending negative,1,upgrade,8,True,,1,0,2026-05-16,,190.36,hist_backfill,0.278099,2026-05-09,,-0.046596,-0.16784,-0.070183,-0.111946,-0.149769,-0.287193,-0.364625,-0.370036,2,AAOI@2026-W20,34,0.021569,-0.068165,0.067122,-0.234962,0.014269,-0.084452,-0.010315,-0.101631,0.004574,-0.154343,-0.046622,-0.240571,-0.018337,-0.346288,-0.007325,-0.362711,0.277385
AAOI:D1:2026-05-15,AAOI,D1,D,重創,False,1.6,False,x-ai/grok-4.5,False,,2026-05-15,partially_supported,Inconclusive,0,lateral,7,True,1,,1,2026-05-16,,190.36,hist_backfill,0.278099,2026-05-09,,-0.046596,-0.16784,-0.070183,-0.111946,-0.149769,-0.287193,-0.364625,-0.370036,2,AAOI@2026-W20,34,0.021569,-0.068165,0.067122,-0.234962,0.014269,-0.084452,-0.010315,-0.101631,0.004574,-0.154343,-0.046622,-0.240571,-0.018337,-0.346288,-0.007325,-0.362711,0.277385
AAOI:D1:2026-05-16,AAOI,D1,D,重創,False,1.6,False,x-ai/grok-4.5,False,,2026-05-16,Inconclusive,Trending positive,1,upgrade,8,True,,1,0,2026-05-16,,190.36,hist_backfill,0.278099,2026-05-09,,-0.046596,-0.16784,-0.070183,-0.111946,-0.149769,-0.287193,-0.364625,-0.370036,2,AAOI@2026-W20,34,0.021569,-0.068165,0.067122,-0.234962,0.014269,-0.084452,-0.010315,-0.101631,0.004574,-0.154343,-0.046622,-0.240571,-0.018337,-0.346288,-0.007325,-0.362711,0.277385
AAOI:D2:2026-05-15,AAOI,D2,D,重創,False,1.6,False,x-ai/grok-4.5,False,,2026-05-15,partially_supported,Inconclusive,0,lateral,7,True,1,,1,2026-05-16,,190.36,hist_backfill,0.278099,2026-05-09,,-0.046596,-0.16784,-0.070183,-0.111946,-0.149769,-0.287193,-0.364625,-0.370036,2,AAOI@2026-W20,34,0.021569,-0.068165,0.067122,-0.234962,0.014269,-0.084452,-0.010315,-0.101631,0.004574,-0.154343,-0.046622,-0.240571,-0.018337,-0.346288,-0.007325,-0.362711,0.277385
AAOI:D2:2026-05-16,AAOI,D2,D,重創,False,1.6,False,x-ai/grok-4.5,False,,2026-05-16,Inconclusive,Trending positive,1,upgrade,8,True,,1,0,2026-05-16,,190.36,hist_backfill,0.278099,2026-05-09,,-0.046596,-0.16784,-0.070183,-0.111946,-0.149769,-0.287193,-0.364625,-0.370036,2,AAOI@2026-W20,34,0.021569,-0.068165,0.067122,-0.234962,0.014269,-0.084452,-0.010315,-0.101631,0.004574,-0.154343,-0.046622,-0.240571,-0.018337,-0.346288,-0.007325,-0.362711,0.277385
AAOI:D3:2026-05-10,AAOI,D3,D,重創,False,1.6,False,x-ai/grok-4.5,False,,2026-05-10,challenged,partially_supported,2,upgrade,2,True,5,,6,2026-05-16,,190.36,hist_backfill,0.278099,2026-05-09,,-0.046596,-0.16784,-0.070183,-0.111946,-0.149769,-0.287193,-0.364625,-0.370036,2,AAOI@2026-W19,2,0.021569,-0.068165,0.067122,-0.234962,0.014269,-0.084452,-0.010315,-0.101631,0.004574,-0.154343,-0.046622,-0.240571,-0.018337,-0.346288,-0.007325,-0.362711,0.277385
AAOI:D3:2026-05-15,AAOI,D3,D,重創,False,1.6,False,x-ai/grok-4.5,False,,2026-05-15,partially_supported,Inconclusive,0,lateral,7,True,1,5,1,2026-05-16,,190.36,hist_backfill,0.278099,2026-05-09,,-0.046596,-0.16784,-0.070183,-0.111946,-0.149769,-0.287193,-0.364625,-0.370036,2,AAOI@2026-W20,34,0.021569,-0.068165,0.067122,-0.234962,0.014269,-0.084452,-0.010315,-0.101631,0.004574,-0.154343,-0.046622,-0.240571,-0.018337,-0.346288,-0.007325,-0.362711,0.277385
AAOI:D3:2026-05-16,AAOI,D3,D,重創,False,1.6,False,x-ai/grok-4.5,False,,2026-05-16,Inconclusive,Trending positive,1,upgrade,8,True,,1,0,2026-05-16,,190.36,hist_backfill,0.278099,2026-05-09,,-0.046596,-0.16784,-0.070183,-0.111946,-0.149769,-0.287193,-0.364625,-0.370036,2,AAOI@2026-W20,34,0.021569,-0.068165,0.067122,-0.234962,0.014269,-0.084452,-0.010315,-0.101631,0.004574,-0.154343,-0.046622,-0.240571,-0.018337,-0.346288,-0.007325,-0.362711,0.277385
AAOI:E1:2026-05-15,AAOI,E1,E,明顯受損,False,0.9,False,x-ai/grok-4.5,False,,2026-05-15,challenged,Approaching falsification,0,lateral,7,True,1,,1,2026-05-16,,190.36,hist_backfill,0.278099,2026-05-09,,-0.046596,-0.16784,-0.070183,-0.111946,-0.149769,-0.287193,-0.364625,-0.370036,2,AAOI@2026-W20,34,0.021569,-0.068165,0.067122,-0.234962,0.014269,-0.084452,-0.010315,-0.101631,0.004574,-0.154343,-0.046622,-0.240571,-0.018337,-0.346288,-0.007325,-0.362711,0.277385
AAOI:E1:2026-05-16,AAOI,E1,E,明顯受損,False,0.9,False,x-ai/grok-4.5,False,,2026-05-16,Approaching falsification,Trending negative,1,upgrade,8,True,,1,0,2026-05-16,,190.36,hist_backfill,0.278099,2026-05-09,,-0.046596,-0.16784,-0.070183,-0.111946,-0.149769,-0.287193,-0.364625,-0.370036,2,AAOI@2026-W20,34,0.021569,-0.068165,0.067122,-0.234962,0.014269,-0.084452,-0.010315,-0.101631,0.004574,-0.154343,-0.046622,-0.240571,-0.018337,-0.346288,-0.007325,-0.362711,0.277385
AAOI:E2:2026-05-15,AAOI,E2,E,明顯受損,False,0.9,False,x-ai/grok-4.5,False,,2026-05-15,partially_supported,Inconclusive,0,lateral,7,True,1,,1,2026-05-16,,190.36,hist_backfill,0.278099,2026-05-09,,-0.046596,-0.16784,-0.070183,-0.111946,-0.149769,-0.287193,-0.364625,-0.370036,2,AAOI@2026-W20,34,0.021569,-0.068165,0.067122,-0.234962,0.014269,-0.084452,-0.010315,-0.101631,0.004574,-0.154343,-0.046622,-0.240571,-0.018337,-0.346288,-0.007325,-0.362711,0.277385
AAOI:E2:2026-05-16,AAOI,E2,E,明顯受損,False,0.9,False,x-ai/grok-4.5,False,,2026-05-16,Inconclusive,Trending positive,1,upgrade,8,True,,1,0,2026-05-16,,190.36,hist_backfill,0.278099,2026-05-09,,-0.046596,-0.16784,-0.070183,-0.111946,-0.149769,-0.287193,-0.364625,-0.370036,2,AAOI@2026-W20,34,0.021569,-0.068165,0.067122,-0.234962,0.014269,-0.084452,-0.010315,-0.101631,0.004574,-0.154343,-0.046622,-0.240571,-0.018337,-0.346288,-0.007325,-0.362711,0.277385
AAOI:E3:2026-05-15,AAOI,E3,E,明顯受損,False,0.9,False,x-ai/grok-4.5,False,,2026-05-15,partially_supported,Inconclusive,0,lateral,7,True,1,,1,2026-05-16,,190.36,hist_backfill,0.278099,2026-05-09,,-0.046596,-0.16784,-0.070183,-0.111946,-0.149769,-0.287193,-0.364625,-0.370036,2,AAOI@2026-W20,34,0.021569,-0.068165,0.067122,-0.234962,0.014269,-0.084452,-0.010315,-0.101631,0.004574,-0.154343,-0.046622,-0.240571,-0.018337,-0.346288,-0.007325,-0.362711,0.277385
AAOI:E3:2026-05-16,AAOI,E3,E,明顯受損,False,0.9,False,x-ai/grok-4.5,False,,2026-05-16,Inconclusive,Trending positive,1,upgrade,8,True,,1,0,2026-05-16,,190.36,hist_backfill,0.278099,2026-05-09,,-0.046596,-0.16784,-0.070183,-0.111946,-0.149769,-0.287193,-0.364625,-0.370036,2,AAOI@2026-W20,34,0.021569,-0.068165,0.067122,-0.234962,0.014269,-0.084452,-0.010315,-0.101631,0.004574,-0.154343,-0.046622,-0.240571,-0.018337,-0.346288,-0.007325,-0.362711,0.277385
AAOI:E4:2026-05-15,AAOI,E4,E,明顯受損,False,0.9,False,x-ai/grok-4.5,False,,2026-05-15,partially_supported,Inconclusive,0,lateral,7,True,1,,1,2026-05-16,,190.36,hist_backfill,0.278099,2026-05-09,,-0.046596,-0.16784,-0.070183,-0.111946,-0.149769,-0.287193,-0.364625,-0.370036,2,AAOI@2026-W20,34,0.021569,-0.068165,0.067122,-0.234962,0.014269,-0.084452,-0.010315,-0.101631,0.004574,-0.154343,-0.046622,-0.240571,-0.018337,-0.346288,-0.007325,-0.362711,0.277385
AAOI:E4:2026-05-16,AAOI,E4,E,明顯受損,False,0.9,False,x-ai/grok-4.5,False,,2026-05-16,Inconclusive,Trending positive,1,upgrade,8,True,,1,0,2026-05-16,,190.36,hist_backfill,0.278099,2026-05-09,,-0.046596,-0.16784,-0.070183,-0.111946,-0.149769,-0.287193,-0.364625,-0.370036,2,AAOI@2026-W20,34,0.021569,-0.068165,0.067122,-0.234962,0.014269,-0.084452,-0.010315,-0.101631,0.004574,-0.154343,-0.046622,-0.240571,-0.018337,-0.346288,-0.007325,-0.362711,0.277385
AAPL:A1:2026-05-15,AAPL,A1,A,致命,False,2.5,False,x-ai/grok-4.5,False,,2026-05-15,supported,Validated,0,lateral,7,True,1,,1,2026-05-16,,300.23,hist_backfill,0.023558,2026-05-09,,0.028611,0.039403,0.023682,-0.03031,-0.007394,-0.054791,0.027979,0.050261,2,AAPL@2026-W20,32,0.021569,0.007042,0.067122,-0.027719,0.014269,0.009413,-0.010315,-0.019995,0.004574,-0.011968,-0.046622,-0.008169,-0.018337,0.046316,-0.007325,0.057586,0.022844
AAPL:A1:2026-05-16,AAPL,A1,A,致命,False,2.5,False,x-ai/grok-4.5,False,,2026-05-16,Validated,Validated,0,lateral,8,True,,1,0,2026-05-16,,300.23,hist_backfill,0.023558,2026-05-09,,0.028611,0.039403,0.023682,-0.03031,-0.007394,-0.054791,0.027979,0.050261,2,AAPL@2026-W20,32,0.021569,0.007042,0.067122,-0.027719,0.014269,0.009413,-0.010315,-0.019995,0.004574,-0.011968,-0.046622,-0.008169,-0.018337,0.046316,-0.007325,0.057586,0.022844
AAPL:A2:2026-05-15,AAPL,A2,A,致命,False,2.5,False,x-ai/grok-4.5,False,,2026-05-15,partially_supported,Inconclusive,0,lateral,7,True,1,,1,2026-05-16,,300.23,hist_backfill,0.023558,2026-05-09,,0.028611,0.039403,0.023682,-0.03031,-0.007394,-0.054791,0.027979,0.050261,2,AAPL@2026-W20,32,0.021569,0.007042,0.067122,-0.027719,0.014269,0.009413,-0.010315,-0.019995,0.004574,-0.011968,-0.046622,-0.008169,-0.018337,0.046316,-0.007325,0.057586,0.022844
AAPL:A2:2026-05-16,AAPL,A2,A,致命,False,2.5,False,x-ai/grok-4.5,False,,2026-05-16,Inconclusive,Trending positive,1,upgrade,8,True,,1,0,2026-05-16,,300.23,hist_backfill,0.023558,2026-05-09,,0.028611,0.039403,0.023682,-0.03031,-0.007394,-0.054791,0.027979,0.050261,2,AAPL@2026-W20,32,0.021569,0.007042,0.067122,-0.027719,0.014269,0.009413,-0.010315,-0.019995,0.004574,-0.011968,-0.046622,-0.008169,-0.018337,0.046316,-0.007325,0.057586,0.022844
AAPL:A3:2026-05-15,AAPL,A3,A,致命,False,2.5,False,x-ai/grok-4.5,False,,2026-05-15,supported,Validated,0,lateral,7,True,1,,1,2026-05-16,,300.23,hist_backfill,0.023558,2026-05-09,,0.028611,0.039403,0.023682,-0.03031,-0.007394,-0.054791,0.027979,0.050261,2,AAPL@2026-W20,32,0.021569,0.007042,0.067122,-0.027719,0.014269,0.009413,-0.010315,-0.019995,0.004574,-0.011968,-0.046622,-0.008169,-0.018337,0.046316,-0.007325,0.057586,0.022844
AAPL:A3:2026-05-16,AAPL,A3,A,致命,False,2.5,False,x-ai/grok-4.5,False,,2026-05-16,Validated,Validated,0,lateral,8,True,,1,0,2026-05-16,,300.23,hist_backfill,0.023558,2026-05-09,,0.028611,0.039403,0.023682,-0.03031,-0.007394,-0.054791,0.027979,0.050261,2,AAPL@2026-W20,32,0.021569,0.007042,0.067122,-0.027719,0.014269,0.009413,-0.010315,-0.019995,0.004574,-0.011968,-0.046622,-0.008169,-0.018337,0.046316,-0.007325,0.057586,0.022844
AAPL:B1:2026-05-15,AAPL,B1,B,重創,False,1.6,False,x-ai/grok-4.5,False,,2026-05-15,partially_supported,Inconclusive,0,lateral,7,True,1,,1,2026-05-16,,300.23,hist_backfill,0.023558,2026-05-09,,0.028611,0.039403,0.023682,-0.03031,-0.007394,-0.054791,0.027979,0.050261,2,AAPL@2026-W20,32,0.021569,0.007042,0.067122,-0.027719,0.014269,0.009413,-0.010315,-0.019995,0.004574,-0.011968,-0.046622,-0.008169,-0.018337,0.046316,-0.007325,0.057586,0.022844
AAPL:B1:2026-05-16,AAPL,B1,B,重創,False,1.6,False,x-ai/grok-4.5,False,,2026-05-16,Inconclusive,Trending positive,1,upgrade,8,True,,1,0,2026-05-16,,300.23,hist_backfill,0.023558,2026-05-09,,0.028611,0.039403,0.023682,-0.03031,-0.007394,-0.054791,0.027979,0.050261,2,AAPL@2026-W20,32,0.021569,0.007042,0.067122,-0.027719,0.014269,0.009413,-0.010315,-0.019995,0.004574,-0.011968,-0.046622,-0.008169,-0.018337,0.046316,-0.007325,0.057586,0.022844
AAPL:B2:2026-05-15,AAPL,B2,B,重創,False,1.6,False,x-ai/grok-4.5,False,,2026-05-15,partially_supported,Inconclusive,0,lateral,7,True,1,,1,2026-05-16,,300.23,hist_backfill,0.023558,2026-05-09,,0.028611,0.039403,0.023682,-0.03031,-0.007394,-0.054791,0.027979,0.050261,2,AAPL@2026-W20,32,0.021569,0.007042,0.067122,-0.027719,0.014269,0.009413,-0.010315,-0.019995,0.004574,-0.011968,-0.046622,-0.008169,-0.018337,0.046316,-0.007325,0.057586,0.022844
AAPL:B2:2026-05-16,AAPL,B2,B,重創,False,1.6,False,x-ai/grok-4.5,False,,2026-05-16,Inconclusive,Trending positive,1,upgrade,8,True,,1,0,2026-05-16,,300.23,hist_backfill,0.023558,2026-05-09,,0.028611,0.039403,0.023682,-0.03031,-0.007394,-0.054791,0.027979,0.050261,2,AAPL@2026-W20,32,0.021569,0.007042,0.067122,-0.027719,0.014269,0.009413,-0.010315,-0.019995,0.004574,-0.011968,-0.046622,-0.008169,-0.018337,0.046316,-0.007325,0.057586,0.022844
AAPL:B3:2026-05-15,AAPL,B3,B,重創,False,1.6,False,x-ai/grok-4.5,False,,2026-05-15,partially_supported,Inconclusive,0,lateral,7,True,1,,1,2026-05-16,,300.23,hist_backfill,0.023558,2026-05-09,,0.028611,0.039403,0.023682,-0.03031,-0.007394,-0.054791,0.027979,0.050261,2,AAPL@2026-W20,32,0.021569,0.007042,0.067122,-0.027719,0.014269,0.009413,-0.010315,-0.019995,0.004574,-0.011968,-0.046622,-0.008169,-0.018337,0.046316,-0.007325,0.057586,0.022844
AAPL:B3:2026-05-16,AAPL,B3,B,重創,False,1.6,False,x-ai/grok-4.5,False,,2026-05-16,Inconclusive,Trending positive,1,upgrade,8,True,,1,0,2026-05-16,,300.23,hist_backfill,0.023558,2026-05-09,,0.028611,0.039403,0.023682,-0.03031,-0.007394,-0.054791,0.027979,0.050261,2,AAPL@2026-W20,32,0.021569,0.007042,0.067122,-0.027719,0.014269,0.009413,-0.010315,-0.019995,0.004574,-0.011968,-0.046622,-0.008169,-0.018337,0.046316,-0.007325,0.057586,0.022844
AAPL:C1:2026-05-15,AAPL,C1,C,明顯受損,False,0.9,False,x-ai/grok-4.5,False,,2026-05-15,supported,Validated,0,lateral,7,True,1,,1,2026-05-16,,300.23,hist_backfill,0.023558,2026-05-09,,0.028611,0.039403,0.023682,-0.03031,-0.007394,-0.054791,0.027979,0.050261,2,AAPL@2026-W20,32,0.021569,0.007042,0.067122,-0.027719,0.014269,0.009413,-0.010315,-0.019995,0.004574,-0.011968,-0.046622,-0.008169,-0.018337,0.046316,-0.007325,0.057586,0.022844
AAPL:C1:2026-05-16,AAPL,C1,C,明顯受損,False,0.9,False,x-ai/grok-4.5,False,,2026-05-16,Validated,Validated,0,lateral,8,True,,1,0,2026-05-16,,300.23,hist_backfill,0.023558,2026-05-09,,0.028611,0.039403,0.023682,-0.03031,-0.007394,-0.054791,0.027979,0.050261,2,AAPL@2026-W20,32,0.021569,0.007042,0.067122,-0.027719,0.014269,0.009413,-0.010315,-0.019995,0.004574,-0.011968,-0.046622,-0.008169,-0.018337,0.046316,-0.007325,0.057586,0.022844
AAPL:C2:2026-05-15,AAPL,C2,C,明顯受損,False,0.9,False,x-ai/grok-4.5,False,,2026-05-15,partially_supported,Inconclusive,0,lateral,7,True,1,,1,2026-05-16,,300.23,hist_backfill,0.023558,2026-05-09,,0.028611,0.039403,0.023682,-0.03031,-0.007394,-0.054791,0.027979,0.050261,2,AAPL@2026-W20,32,0.021569,0.007042,0.067122,-0.027719,0.014269,0.009413,-0.010315,-0.019995,0.004574,-0.011968,-0.046622,-0.008169,-0.018337,0.046316,-0.007325,0.057586,0.022844
AAPL:C2:2026-05-16,AAPL,C2,C,明顯受損,False,0.9,False,x-ai/grok-4.5,False,,2026-05-16,Inconclusive,Trending positive,1,upgrade,8,True,,1,0,2026-05-16,,300.23,hist_backfill,0.023558,2026-05-09,,0.028611,0.039403,0.023682,-0.03031,-0.007394,-0.054791,0.027979,0.050261,2,AAPL@2026-W20,32,0.021569,0.007042,0.067122,-0.027719,0.014269,0.009413,-0.010315,-0.019995,0.004574,-0.011968,-0.046622,-0.008169,-0.018337,0.046316,-0.007325,0.057586,0.022844
AAPL:C3:2026-05-15,AAPL,C3,C,明顯受損,False,0.9,False,x-ai/grok-4.5,False,,2026-05-15,partially_supported,Inconclusive,0,lateral,7,True,1,,1,2026-05-16,,300.23,hist_backfill,0.023558,2026-05-09,,0.028611,0.039403,0.023682,-0.03031,-0.007394,-0.054791,0.027979,0.050261,2,AAPL@2026-W20,32,0.021569,0.007042,0.067122,-0.027719,0.014269,0.009413,-0.010315,-0.019995,0.004574,-0.011968,-0.046622,-0.008169,-0.018337,0.046316,-0.007325,0.057586,0.022844
AAPL:C3:2026-05-16,AAPL,C3,C,明顯受損,False,0.9,False,x-ai/grok-4.5,False,,2026-05-16,Inconclusive,Trending positive,1,upgrade,8,True,26,1,0,2026-05-16,,300.23,hist_backfill,0.023558,2026-05-09,,0.028611,0.039403,0.023682,-0.03031,-0.007394,-0.054791,0.027979,0.050261,2,AAPL@2026-W20,32,0.021569,0.007042,0.067122,-0.027719,0.014269,0.009413,-0.010315,-0.019995,0.004574,-0.011968,-0.046622,-0.008169,-0.018337,0.046316,-0.007325,0.057586,0.022844
AAPL:C3:2026-06-11,AAPL,C3,C,明顯受損,False,0.9,False,x-ai/grok-4.5,False,,2026-06-11,Trending positive,Falsified,-4,downgrade,34,False,,26,2,2026-06-13,,291.13,hist_backfill,-0.052743,2026-06-06,,0.023632,-0.025246,0.060111,0.08309,0.146361,0.146361,0.143888,0.145296,2,AAPL@2026-W24,1,0.018061,0.005571,-0.028848,0.003602,-0.011015,0.071126,-0.004343,0.087433,-0.035788,0.182149,-0.062963,0.209324,-0.103216,0.247104,-0.062595,0.207891,-0.041251
AAPL:D1:2026-05-15,AAPL,D1,D,輕微,False,0.4,False,x-ai/grok-4.5,False,,2026-05-15,challenged,Approaching falsification,0,lateral,7,True,1,,1,2026-05-16,,300.23,hist_backfill,0.023558,2026-05-09,,0.028611,0.039403,0.023682,-0.03031,-0.007394,-0.054791,0.027979,0.050261,2,AAPL@2026-W20,32,0.021569,0.007042,0.067122,-0.027719,0.014269,0.009413,-0.010315,-0.019995,0.004574,-0.011968,-0.046622,-0.008169,-0.018337,0.046316,-0.007325,0.057586,0.022844
AAPL:D1:2026-05-16,AAPL,D1,D,輕微,False,0.4,False,x-ai/grok-4.5,False,,2026-05-16,Approaching falsification,Trending negative,1,upgrade,8,True,77,1,0,2026-05-16,,300.23,hist_backfill,0.023558,2026-05-09,,0.028611,0.039403,0.023682,-0.03031,-0.007394,-0.054791,0.027979,0.050261,2,AAPL@2026-W20,32,0.021569,0.007042,0.067122,-0.027719,0.014269,0.009413,-0.010315,-0.019995,0.004574,-0.011968,-0.046622,-0.008169,-0.018337,0.046316,-0.007325,0.057586,0.022844
AAPL:D1:2026-08-01,AAPL,D1,D,輕微,False,0.4,False,x-ai/grok-4.3,False,weekly,2026-08-01,Trending negative,Trending positive,2,upgrade,85,False,,77,0,2026-08-01,0.628,308.91,live,-0.073539,2026-07-30,,,,,,,,,,2,AAPL@2026-W31,3,,,,,,,,,,,,,,,,,-0.226745
AAPL:D2:2026-05-09,AAPL,D2,D,輕微,False,0.4,False,x-ai/grok-4.5,False,,2026-05-09,partially_supported,supported,2,upgrade,1,True,6,,0,2026-05-09,,293.32,hist_backfill,0.047048,2026-05-02,,0.023558,0.052843,0.063889,0.047798,-0.007466,0.015989,-0.032524,0.052196,2,AAPL@2026-W19,4,0.000714,0.022844,0.022903,0.02994,0.063736,0.000153,0.022851,0.024947,0.018774,-0.02624,0.039023,-0.023034,-0.014805,-0.017719,-0.010483,0.062679,0.022008
AAPL:D2:2026-05-15,AAPL,D2,D,輕微,False,0.4,False,x-ai/grok-4.5,False,,2026-05-15,supported,Validated,0,lateral,7,True,1,6,1,2026-05-16,,300.23,hist_backfill,0.023558,2026-05-09,,0.028611,0.039403,0.023682,-0.03031,-0.007394,-0.054791,0.027979,0.050261,2,AAPL@2026-W20,32,0.021569,0.007042,0.067122,-0.027719,0.014269,0.009413,-0.010315,-0.019995,0.004574,-0.011968,-0.046622,-0.008169,-0.018337,0.046316,-0.007325,0.057586,0.022844
AAPL:D2:2026-05-16,AAPL,D2,D,輕微,False,0.4,False,x-ai/grok-4.5,False,,2026-05-16,Validated,Trending positive,-1,downgrade,8,True,,1,0,2026-05-16,,300.23,hist_backfill,0.023558,2026-05-09,,0.028611,0.039403,0.023682,-0.03031,-0.007394,-0.054791,0.027979,0.050261,2,AAPL@2026-W20,32,0.021569,0.007042,0.067122,-0.027719,0.014269,0.009413,-0.010315,-0.019995,0.004574,-0.011968,-0.046622,-0.008169,-0.018337,0.046316,-0.007325,0.057586,0.022844
AAPL:D3:2026-05-15,AAPL,D3,D,輕微,False,0.4,False,x-ai/grok-4.5,False,,2026-05-15,partially_supported,Inconclusive,0,lateral,7,True,1,,1,2026-05-16,,300.23,hist_backfill,0.023558,2026-05-09,,0.028611,0.039403,0.023682,-0.03031,-0.007394,-0.054791,0.027979,0.050261,2,AAPL@2026-W20,32,0.021569,0.007042,0.067122,-0.027719,0.014269,0.009413,-0.010315,-0.019995,0.004574,-0.011968,-0.046622,-0.008169,-0.018337,0.046316,-0.007325,0.057586,0.022844
AAPL:D3:2026-05-16,AAPL,D3,D,輕微,False,0.4,False,x-ai/grok-4.5,False,,2026-05-16,Inconclusive,Trending positive,1,upgrade,8,True,14,1,0,2026-05-16,,300.23,hist_backfill,0.023558,2026-05-09,,0.028611,0.039403,0.023682,-0.03031,-0.007394,-0.054791,0.027979,0.050261,2,AAPL@2026-W20,32,0.021569,0.007042,0.067122,-0.027719,0.014269,0.009413,-0.010315,-0.019995,0.004574,-0.011968,-0.046622,-0.008169,-0.018337,0.046316,-0.007325,0.057586,0.022844
AAPL:D3:2026-05-30,AAPL,D3,D,輕微,False,0.4,False,x-ai/grok-4.5,False,,2026-05-30,Trending positive,Falsified,-4,downgrade,22,False,,14,0,2026-05-30,,312.06,hist_backfill,0.010492,2026-05-23,,-0.015125,-0.06707,-0.045023,-0.090624,-0.010991,0.010447,0.069474,0.069474,2,AAPL@2026-W22,1,-0.048107,0.032982,-0.05432,-0.01275,-0.032366,-0.012657,-0.085928,-0.004696,-0.067788,0.056797,-0.043977,0.054424,-0.107618,0.177092,-0.122884,0.192358,-0.031768
AAPL:E1:2026-05-08,AAPL,E1,E,邊緣,False,0.15,False,x-ai/grok-4.5,False,,2026-05-08,None,supported,,,0,True,1,,1,2026-05-09,,293.32,hist_backfill,0.047048,2026-05-02,,0.023558,0.052843,0.063889,0.047798,-0.007466,0.015989,-0.032524,0.052196,2,AAPL@2026-W19,4,0.000714,0.022844,0.022903,0.02994,0.063736,0.000153,0.022851,0.024947,0.018774,-0.02624,0.039023,-0.023034,-0.014805,-0.017719,-0.010483,0.062679,0.022008
AAPL:E1:2026-05-09,AAPL,E1,E,邊緣,False,0.15,False,x-ai/grok-4.5,False,,2026-05-09,partially_supported,challenged,-2,downgrade,1,True,6,1,0,2026-05-09,,293.32,hist_backfill,0.047048,2026-05-02,,0.023558,0.052843,0.063889,0.047798,-0.007466,0.015989,-0.032524,0.052196,2,AAPL@2026-W19,4,0.000714,0.022844,0.022903,0.02994,0.063736,0.000153,0.022851,0.024947,0.018774,-0.02624,0.039023,-0.023034,-0.014805,-0.017719,-0.010483,0.062679,0.022008
AAPL:E1:2026-05-15,AAPL,E1,E,邊緣,False,0.15,False,x-ai/grok-4.5,False,,2026-05-15,challenged,Approaching falsification,0,lateral,7,True,1,6,1,2026-05-16,,300.23,hist_backfill,0.023558,2026-05-09,,0.028611,0.039403,0.023682,-0.03031,-0.007394,-0.054791,0.027979,0.050261,2,AAPL@2026-W20,32,0.021569,0.007042,0.067122,-0.027719,0.014269,0.009413,-0.010315,-0.019995,0.004574,-0.011968,-0.046622,-0.008169,-0.018337,0.046316,-0.007325,0.057586,0.022844
AAPL:E1:2026-05-16,AAPL,E1,E,邊緣,False,0.15,False,x-ai/grok-4.5,False,,2026-05-16,Approaching falsification,Trending positive,3,upgrade,8,True,,1,0,2026-05-16,,300.23,hist_backfill,0.023558,2026-05-09,,0.028611,0.039403,0.023682,-0.03031,-0.007394,-0.054791,0.027979,0.050261,2,AAPL@2026-W20,32,0.021569,0.007042,0.067122,-0.027719,0.014269,0.009413,-0.010315,-0.019995,0.004574,-0.011968,-0.046622,-0.008169,-0.018337,0.046316,-0.007325,0.057586,0.022844
AAPL:E2:2026-05-08,AAPL,E2,E,邊緣,False,0.15,False,x-ai/grok-4.5,False,,2026-05-08,partially_supported,supported,2,upgrade,0,True,7,,1,2026-05-09,,293.32,hist_backfill,0.047048,2026-05-02,,0.023558,0.052843,0.063889,0.047798,-0.007466,0.015989,-0.032524,0.052196,2,AAPL@2026-W19,4,0.000714,0.022844,0.022903,0.02994,0.063736,0.000153,0.022851,0.024947,0.018774,-0.02624,0.039023,-0.023034,-0.014805,-0.017719,-0.010483,0.062679,0.022008
AAPL:E2:2026-05-15,AAPL,E2,E,邊緣,False,0.15,False,x-ai/grok-4.5,False,,2026-05-15,supported,Validated,0,lateral,7,True,1,7,1,2026-05-16,,300.23,hist_backfill,0.023558,2026-05-09,,0.028611,0.039403,0.023682,-0.03031,-0.007394,-0.054791,0.027979,0.050261,2,AAPL@2026-W20,32,0.021569,0.007042,0.067122,-0.027719,0.014269,0.009413,-0.010315,-0.019995,0.004574,-0.011968,-0.046622,-0.008169,-0.018337,0.046316,-0.007325,0.057586,0.022844
AAPL:E2:2026-05-16,AAPL,E2,E,邊緣,False,0.15,False,x-ai/grok-4.5,False,,2026-05-16,Validated,Validated,0,lateral,8,True,,1,0,2026-05-16,,300.23,hist_backfill,0.023558,2026-05-09,,0.028611,0.039403,0.023682,-0.03031,-0.007394,-0.054791,0.027979,0.050261,2,AAPL@2026-W20,32,0.021569,0.007042,0.067122,-0.027719,0.014269,0.009413,-0.010315,-0.019995,0.004574,-0.011968,-0.046622,-0.008169,-0.018337,0.046316,-0.007325,0.057586,0.022844
AAPL:E3:2026-05-15,AAPL,E3,E,邊緣,False,0.15,False,x-ai/grok-4.5,False,,2026-05-15,supported,Validated,0,lateral,7,True,1,,1,2026-05-16,,300.23,hist_backfill,0.023558,2026-05-09,,0.028611,0.039403,0.023682,-0.03031,-0.007394,-0.054791,0.027979,0.050261,2,AAPL@2026-W20,32,0.021569,0.007042,0.067122,-0.027719,0.014269,0.009413,-0.010315,-0.019995,0.004574,-0.011968,-0.046622,-0.008169,-0.018337,0.046316,-0.007325,0.057586,0.022844
AAPL:E3:2026-05-16,AAPL,E3,E,邊緣,False,0.15,False,x-ai/grok-4.5,False,,2026-05-16,Validated,Validated,0,lateral,8,True,77,1,0,2026-05-16,,300.23,hist_backfill,0.023558,2026-05-09,,0.028611,0.039403,0.023682,-0.03031,-0.007394,-0.054791,0.027979,0.050261,2,AAPL@2026-W20,32,0.021569,0.007042,0.067122,-0.027719,0.014269,0.009413,-0.010315,-0.019995,0.004574,-0.011968,-0.046622,-0.008169,-0.018337,0.046316,-0.007325,0.057586,0.022844
AAPL:E3:2026-08-01,AAPL,E3,E,邊緣,False,0.15,False,x-ai/grok-4.3,False,weekly,2026-08-01,Validated,Falsified,-5,downgrade,85,False,1,77,0,2026-08-01,0.628,308.91,live,-0.073539,2026-07-30,,,,,,,,,,2,AAPL@2026-W31,3,,,,,,,,,,,,,,,,,-0.226745
AAPL:E3:2026-08-02,AAPL,E3,E,邊緣,False,0.15,False,x-ai/grok-4.3,False,correction,2026-08-02,Falsified,Trending negative,2,upgrade,86,False,,1,,,,,,,,,,,,,,,,,2,AAPL@2026-W31,3,,,,,,,,,,,,,,,,,
AAPL:E4:2026-05-15,AAPL,E4,E,邊緣,False,0.15,False,x-ai/grok-4.5,False,,2026-05-15,supported,Validated,0,lateral,7,True,1,,1,2026-05-16,,300.23,hist_backfill,0.023558,2026-05-09,,0.028611,0.039403,0.023682,-0.03031,-0.007394,-0.054791,0.027979,0.050261,2,AAPL@2026-W20,32,0.021569,0.007042,0.067122,-0.027719,0.014269,0.009413,-0.010315,-0.019995,0.004574,-0.011968,-0.046622,-0.008169,-0.018337,0.046316,-0.007325,0.057586,0.022844
AAPL:E4:2026-05-16,AAPL,E4,E,邊緣,False,0.15,False,x-ai/grok-4.5,False,,2026-05-16,Validated,Validated,0,lateral,8,True,,1,0,2026-05-16,,300.23,hist_backfill,0.023558,2026-05-09,,0.028611,0.039403,0.023682,-0.03031,-0.007394,-0.054791,0.027979,0.050261,2,AAPL@2026-W20,32,0.021569,0.007042,0.067122,-0.027719,0.014269,0.009413,-0.010315,-0.019995,0.004574,-0.011968,-0.046622,-0.008169,-0.018337,0.046316,-0.007325,0.057586,0.022844
ACN:A1:2026-07-18,ACN,A1,A,致命,False,2.5,False,deepseek/deepseek-v4-pro,True,,2026-07-18,Validated,Trending negative,-3,downgrade,42,False,,,0,2026-07-18,0.6636,143.57,live,0.061673,2026-07-11,-0.2488,,-0.033642,0.155673,,,,,,2,ACN@2026-W29,1,0.030292,,-0.015403,-0.018239,-0.006025,0.161698,-0.042566,,0.098491,,,,,,,,0.112956
ACN:A3:2026-07-11,ACN,A3,A,致命,False,2.5,False,x-ai/grok-4.5,False,,2026-07-11,Validated,Inconclusive,-2,downgrade,35,False,,,0,2026-07-11,0.8303,135.23,live,-0.015435,2026-07-09,-0.1667,0.061673,0.061673,0.025956,0.226947,,,,,2,ACN@2026-W28,1,-0.051283,0.112956,-0.066019,0.127692,-0.082329,0.108285,-0.070719,0.297666,-0.133121,,-0.041809,,,,,,-0.017831
ACN:B1:2026-07-04,ACN,B1,B,重創,False,1.6,False,x-ai/grok-4.5,False,,2026-07-04,Inconclusive,Trending negative,-1,downgrade,28,False,,,5,2026-07-09,0.8303,137.35,live,0.064894,2026-06-27,0.0,-0.015435,0.045286,0.045286,0.01012,0.208009,,,,2,ACN@2026-W27,2,0.002396,-0.017831,-0.031625,0.076911,-0.030509,0.075795,-0.05328,0.0634,-0.048645,0.256654,-0.068892,,0.043857,,,,0.048465
ACN:C1:2026-07-04,ACN,C1,C,明顯受損,False,0.9,False,x-ai/grok-4.5,False,,2026-07-04,Inconclusive,Trending positive,1,upgrade,28,False,,,5,2026-07-09,0.8303,137.35,live,0.064894,2026-06-27,0.0,-0.015435,0.045286,0.045286,0.01012,0.208009,,,,2,ACN@2026-W27,2,0.002396,-0.017831,-0.031625,0.076911,-0.030509,0.075795,-0.05328,0.0634,-0.048645,0.256654,-0.068892,,0.043857,,,,0.048465
ACN:C2:2026-06-20,ACN,C2,C,明顯受損,False,0.9,False,x-ai/grok-4.5,False,,2026-06-20,Inconclusive,Trending positive,1,upgrade,14,False,,,0,2026-06-20,,127.98,hist_backfill,-0.248414,2026-06-13,,0.007814,0.073215,0.056649,0.121816,0.121816,0.084076,0.296453,,2,ACN@2026-W25,1,-0.045262,0.053076,-0.025514,0.098729,0.0,0.056649,-0.057767,0.179583,-0.075728,0.197544,-0.116193,0.200269,-0.102168,0.398621,-0.128313,,-0.266475
ACN:D2:2026-06-06,ACN,D2,D,輕微,False,0.4,False,x-ai/grok-4.5,False,,2026-06-06,Inconclusive,Trending positive,1,upgrade,0,False,,,0,2026-06-06,,178.25,hist_backfill,-0.047148,2026-05-30,,-0.044712,-0.28202,-0.27641,-0.229453,-0.241346,-0.194558,-0.194558,-0.221655,2,ACN@2026-W23,1,-0.011492,-0.03322,0.011342,-0.293362,-0.041132,-0.235278,-0.017032,-0.212421,-0.013538,-0.227808,-0.050306,-0.144252,-0.05484,-0.139718,-0.083927,-0.137728,0.000959
ADBE:A1:2026-05-08,ADBE,A1,A,重創,False,1.6,False,x-ai/grok-4.5,False,,2026-05-08,partially_supported,supported,2,upgrade,0,True,7,,1,2026-05-09,,253.04,hist_backfill,0.009294,2026-05-02,,-0.021499,-0.032722,0.024383,-0.006323,-0.193724,-0.228739,-0.198822,-0.131679,2,ADBE@2026-W19,3,0.000714,-0.022213,0.022903,-0.055625,0.063736,-0.039353,0.022851,-0.029174,0.018774,-0.212498,0.039023,-0.267762,-0.014805,-0.184017,-0.010483,-0.121196,-0.015746
ADBE:A1:2026-05-15,ADBE,A1,A,重創,False,1.6,False,x-ai/grok-4.5,False,,2026-05-15,supported,Validated,0,lateral,7,True,1,7,1,2026-05-16,,247.6,hist_backfill,-0.021499,2026-05-09,,-0.01147,0.04689,0.015509,-0.17601,-0.211793,-0.18122,-0.112601,-0.096769,2,ADBE@2026-W20,24,0.021569,-0.033039,0.067122,-0.020232,0.014269,0.00124,-0.010315,-0.165695,0.004574,-0.216367,-0.046622,-0.134598,-0.018337,-0.094264,-0.007325,-0.089444,-0.022213
ADBE:A1:2026-05-16,ADBE,A1,A,重創,False,1.6,False,x-ai/grok-4.5,False,,2026-05-16,Validated,Validated,0,lateral,8,True,,1,0,2026-05-16,,247.6,hist_backfill,-0.021499,2026-05-09,,-0.01147,0.04689,0.015509,-0.17601,-0.211793,-0.18122,-0.112601,-0.096769,2,ADBE@2026-W20,24,0.021569,-0.033039,0.067122,-0.020232,0.014269,0.00124,-0.010315,-0.165695,0.004574,-0.216367,-0.046622,-0.134598,-0.018337,-0.094264,-0.007325,-0.089444,-0.022213
ADBE:A2:2026-05-08,ADBE,A2,A,重創,False,1.6,False,x-ai/grok-4.5,False,,2026-05-08,partially_supported,supported,2,upgrade,0,True,7,,1,2026-05-09,,253.04,hist_backfill,0.009294,2026-05-02,,-0.021499,-0.032722,0.024383,-0.006323,-0.193724,-0.228739,-0.198822,-0.131679,2,ADBE@2026-W19,3,0.000714,-0.022213,0.022903,-0.055625,0.063736,-0.039353,0.022851,-0.029174,0.018774,-0.212498,0.039023,-0.267762,-0.014805,-0.184017,-0.010483,-0.121196,-0.015746
ADBE:A2:2026-05-15,ADBE,A2,A,重創,False,1.6,False,x-ai/grok-4.5,False,,2026-05-15,supported,Validated,0,lateral,7,True,1,7,1,2026-05-16,,247.6,hist_backfill,-0.021499,2026-05-09,,-0.01147,0.04689,0.015509,-0.17601,-0.211793,-0.18122,-0.112601,-0.096769,2,ADBE@2026-W20,24,0.021569,-0.033039,0.067122,-0.020232,0.014269,0.00124,-0.010315,-0.165695,0.004574,-0.216367,-0.046622,-0.134598,-0.018337,-0.094264,-0.007325,-0.089444,-0.022213
ADBE:A2:2026-05-16,ADBE,A2,A,重創,False,1.6,False,x-ai/grok-4.5,False,,2026-05-16,Validated,Validated,0,lateral,8,True,,1,0,2026-05-16,,247.6,hist_backfill,-0.021499,2026-05-09,,-0.01147,0.04689,0.015509,-0.17601,-0.211793,-0.18122,-0.112601,-0.096769,2,ADBE@2026-W20,24,0.021569,-0.033039,0.067122,-0.020232,0.014269,0.00124,-0.010315,-0.165695,0.004574,-0.216367,-0.046622,-0.134598,-0.018337,-0.094264,-0.007325,-0.089444,-0.022213
ADBE:A3:2026-05-15,ADBE,A3,A,重創,False,1.6,False,x-ai/grok-4.5,False,,2026-05-15,partially_supported,Inconclusive,0,lateral,7,True,1,,1,2026-05-16,,247.6,hist_backfill,-0.021499,2026-05-09,,-0.01147,0.04689,0.015509,-0.17601,-0.211793,-0.18122,-0.112601,-0.096769,2,ADBE@2026-W20,24,0.021569,-0.033039,0.067122,-0.020232,0.014269,0.00124,-0.010315,-0.165695,0.004574,-0.216367,-0.046622,-0.134598,-0.018337,-0.094264,-0.007325,-0.089444,-0.022213
ADBE:A3:2026-05-16,ADBE,A3,A,重創,False,1.6,False,x-ai/grok-4.5,False,,2026-05-16,Inconclusive,Trending positive,1,upgrade,8,True,,1,0,2026-05-16,,247.6,hist_backfill,-0.021499,2026-05-09,,-0.01147,0.04689,0.015509,-0.17601,-0.211793,-0.18122,-0.112601,-0.096769,2,ADBE@2026-W20,24,0.021569,-0.033039,0.067122,-0.020232,0.014269,0.00124,-0.010315,-0.165695,0.004574,-0.216367,-0.046622,-0.134598,-0.018337,-0.094264,-0.007325,-0.089444,-0.022213
ADBE:B1:2026-05-15,ADBE,B1,B,重創,False,1.6,False,x-ai/grok-4.5,False,,2026-05-15,supported,Validated,0,lateral,7,True,1,,1,2026-05-16,,247.6,hist_backfill,-0.021499,2026-05-09,,-0.01147,0.04689,0.015509,-0.17601,-0.211793,-0.18122,-0.112601,-0.096769,2,ADBE@2026-W20,24,0.021569,-0.033039,0.067122,-0.020232,0.014269,0.00124,-0.010315,-0.165695,0.004574,-0.216367,-0.046622,-0.134598,-0.018337,-0.094264,-0.007325,-0.089444,-0.022213
ADBE:B1:2026-05-16,ADBE,B1,B,重創,False,1.6,False,x-ai/grok-4.5,False,,2026-05-16,Validated,Validated,0,lateral,8,True,,1,0,2026-05-16,,247.6,hist_backfill,-0.021499,2026-05-09,,-0.01147,0.04689,0.015509,-0.17601,-0.211793,-0.18122,-0.112601,-0.096769,2,ADBE@2026-W20,24,0.021569,-0.033039,0.067122,-0.020232,0.014269,0.00124,-0.010315,-0.165695,0.004574,-0.216367,-0.046622,-0.134598,-0.018337,-0.094264,-0.007325,-0.089444,-0.022213
ADBE:B2:2026-05-15,ADBE,B2,B,重創,False,1.6,False,x-ai/grok-4.5,False,,2026-05-15,supported,Validated,0,lateral,7,True,1,,1,2026-05-16,,247.6,hist_backfill,-0.021499,2026-05-09,,-0.01147,0.04689,0.015509,-0.17601,-0.211793,-0.18122,-0.112601,-0.096769,2,ADBE@2026-W20,24,0.021569,-0.033039,0.067122,-0.020232,0.014269,0.00124,-0.010315,-0.165695,0.004574,-0.216367,-0.046622,-0.134598,-0.018337,-0.094264,-0.007325,-0.089444,-0.022213
ADBE:B2:2026-05-16,ADBE,B2,B,重創,False,1.6,False,x-ai/grok-4.5,False,,2026-05-16,Validated,Validated,0,lateral,8,True,,1,0,2026-05-16,,247.6,hist_backfill,-0.021499,2026-05-09,,-0.01147,0.04689,0.015509,-0.17601,-0.211793,-0.18122,-0.112601,-0.096769,2,ADBE@2026-W20,24,0.021569,-0.033039,0.067122,-0.020232,0.014269,0.00124,-0.010315,-0.165695,0.004574,-0.216367,-0.046622,-0.134598,-0.018337,-0.094264,-0.007325,-0.089444,-0.022213
ADBE:B3:2026-05-15,ADBE,B3,B,重創,False,1.6,False,x-ai/grok-4.5,False,,2026-05-15,supported,Validated,0,lateral,7,True,1,,1,2026-05-16,,247.6,hist_backfill,-0.021499,2026-05-09,,-0.01147,0.04689,0.015509,-0.17601,-0.211793,-0.18122,-0.112601,-0.096769,2,ADBE@2026-W20,24,0.021569,-0.033039,0.067122,-0.020232,0.014269,0.00124,-0.010315,-0.165695,0.004574,-0.216367,-0.046622,-0.134598,-0.018337,-0.094264,-0.007325,-0.089444,-0.022213
ADBE:B3:2026-05-16,ADBE,B3,B,重創,False,1.6,False,x-ai/grok-4.5,False,,2026-05-16,Validated,Validated,0,lateral,8,True,,1,0,2026-05-16,,247.6,hist_backfill,-0.021499,2026-05-09,,-0.01147,0.04689,0.015509,-0.17601,-0.211793,-0.18122,-0.112601,-0.096769,2,ADBE@2026-W20,24,0.021569,-0.033039,0.067122,-0.020232,0.014269,0.00124,-0.010315,-0.165695,0.004574,-0.216367,-0.046622,-0.134598,-0.018337,-0.094264,-0.007325,-0.089444,-0.022213
ADBE:C1:2026-05-15,ADBE,C1,C,明顯受損,False,0.9,False,x-ai/grok-4.5,False,,2026-05-15,supported,Validated,0,lateral,7,True,1,,1,2026-05-16,,247.6,hist_backfill,-0.021499,2026-05-09,,-0.01147,0.04689,0.015509,-0.17601,-0.211793,-0.18122,-0.112601,-0.096769,2,ADBE@2026-W20,24,0.021569,-0.033039,0.067122,-0.020232,0.014269,0.00124,-0.010315,-0.165695,0.004574,-0.216367,-0.046622,-0.134598,-0.018337,-0.094264,-0.007325,-0.089444,-0.022213
ADBE:C1:2026-05-16,ADBE,C1,C,明顯受損,False,0.9,False,x-ai/grok-4.5,False,,2026-05-16,Validated,Validated,0,lateral,8,True,,1,0,2026-05-16,,247.6,hist_backfill,-0.021499,2026-05-09,,-0.01147,0.04689,0.015509,-0.17601,-0.211793,-0.18122,-0.112601,-0.096769,2,ADBE@2026-W20,24,0.021569,-0.033039,0.067122,-0.020232,0.014269,0.00124,-0.010315,-0.165695,0.004574,-0.216367,-0.046622,-0.134598,-0.018337,-0.094264,-0.007325,-0.089444,-0.022213
ADBE:C2:2026-05-15,ADBE,C2,C,明顯受損,False,0.9,False,x-ai/grok-4.5,False,,2026-05-15,supported,Validated,0,lateral,7,True,1,,1,2026-05-16,,247.6,hist_backfill,-0.021499,2026-05-09,,-0.01147,0.04689,0.015509,-0.17601,-0.211793,-0.18122,-0.112601,-0.096769,2,ADBE@2026-W20,24,0.021569,-0.033039,0.067122,-0.020232,0.014269,0.00124,-0.010315,-0.165695,0.004574,-0.216367,-0.046622,-0.134598,-0.018337,-0.094264,-0.007325,-0.089444,-0.022213
ADBE:C2:2026-05-16,ADBE,C2,C,明顯受損,False,0.9,False,x-ai/grok-4.5,False,,2026-05-16,Validated,Validated,0,lateral,8,True,,1,0,2026-05-16,,247.6,hist_backfill,-0.021499,2026-05-09,,-0.01147,0.04689,0.015509,-0.17601,-0.211793,-0.18122,-0.112601,-0.096769,2,ADBE@2026-W20,24,0.021569,-0.033039,0.067122,-0.020232,0.014269,0.00124,-0.010315,-0.165695,0.004574,-0.216367,-0.046622,-0.134598,-0.018337,-0.094264,-0.007325,-0.089444,-0.022213
ADBE:C3:2026-05-15,ADBE,C3,C,明顯受損,False,0.9,False,x-ai/grok-4.5,False,,2026-05-15,supported,Validated,0,lateral,7,True,1,,1,2026-05-16,,247.6,hist_backfill,-0.021499,2026-05-09,,-0.01147,0.04689,0.015509,-0.17601,-0.211793,-0.18122,-0.112601,-0.096769,2,ADBE@2026-W20,24,0.021569,-0.033039,0.067122,-0.020232,0.014269,0.00124,-0.010315,-0.165695,0.004574,-0.216367,-0.046622,-0.134598,-0.018337,-0.094264,-0.007325,-0.089444,-0.022213
ADBE:C3:2026-05-16,ADBE,C3,C,明顯受損,False,0.9,False,x-ai/grok-4.5,False,,2026-05-16,Validated,Validated,0,lateral,8,True,,1,0,2026-05-16,,247.6,hist_backfill,-0.021499,2026-05-09,,-0.01147,0.04689,0.015509,-0.17601,-0.211793,-0.18122,-0.112601,-0.096769,2,ADBE@2026-W20,24,0.021569,-0.033039,0.067122,-0.020232,0.014269,0.00124,-0.010315,-0.165695,0.004574,-0.216367,-0.046622,-0.134598,-0.018337,-0.094264,-0.007325,-0.089444,-0.022213
ADBE:D1:2026-05-15,ADBE,D1,D,邊緣,False,0.15,False,x-ai/grok-4.5,False,,2026-05-15,supported,Validated,0,lateral,7,True,1,,1,2026-05-16,,247.6,hist_backfill,-0.021499,2026-05-09,,-0.01147,0.04689,0.015509,-0.17601,-0.211793,-0.18122,-0.112601,-0.096769,2,ADBE@2026-W20,24,0.021569,-0.033039,0.067122,-0.020232,0.014269,0.00124,-0.010315,-0.165695,0.004574,-0.216367,-0.046622,-0.134598,-0.018337,-0.094264,-0.007325,-0.089444,-0.022213
ADBE:D1:2026-05-16,ADBE,D1,D,邊緣,False,0.15,False,x-ai/grok-4.5,False,,2026-05-16,Validated,Validated,0,lateral,8,True,63,1,0,2026-05-16,,247.6,hist_backfill,-0.021499,2026-05-09,,-0.01147,0.04689,0.015509,-0.17601,-0.211793,-0.18122,-0.112601,-0.096769,2,ADBE@2026-W20,24,0.021569,-0.033039,0.067122,-0.020232,0.014269,0.00124,-0.010315,-0.165695,0.004574,-0.216367,-0.046622,-0.134598,-0.018337,-0.094264,-0.007325,-0.089444,-0.022213
ADBE:D1:2026-07-18,ADBE,D1,D,邊緣,False,0.15,False,deepseek/deepseek-v4-pro,True,,2026-07-18,Validated,Trending positive,-1,downgrade,71,False,,63,0,2026-07-18,0.9576,237.25,live,0.060857,2026-07-11,-0.2455,,-0.05117,0.055469,,,,,,2,ADBE@2026-W29,1,0.030292,,-0.015403,-0.035767,-0.006025,0.061494,-0.042566,,0.098491,,,,,,,,0.11214
ADBE:D2:2026-05-15,ADBE,D2,D,邊緣,False,0.15,False,x-ai/grok-4.5,False,,2026-05-15,partially_supported,Inconclusive,0,lateral,7,True,1,,1,2026-05-16,,247.6,hist_backfill,-0.021499,2026-05-09,,-0.01147,0.04689,0.015509,-0.17601,-0.211793,-0.18122,-0.112601,-0.096769,2,ADBE@2026-W20,24,0.021569,-0.033039,0.067122,-0.020232,0.014269,0.00124,-0.010315,-0.165695,0.004574,-0.216367,-0.046622,-0.134598,-0.018337,-0.094264,-0.007325,-0.089444,-0.022213
ADBE:D2:2026-05-16,ADBE,D2,D,邊緣,False,0.15,False,x-ai/grok-4.5,False,,2026-05-16,Inconclusive,Trending positive,1,upgrade,8,True,,1,0,2026-05-16,,247.6,hist_backfill,-0.021499,2026-05-09,,-0.01147,0.04689,0.015509,-0.17601,-0.211793,-0.18122,-0.112601,-0.096769,2,ADBE@2026-W20,24,0.021569,-0.033039,0.067122,-0.020232,0.014269,0.00124,-0.010315,-0.165695,0.004574,-0.216367,-0.046622,-0.134598,-0.018337,-0.094264,-0.007325,-0.089444,-0.022213
ADBE:D3:2026-05-08,ADBE,D3,D,邊緣,False,0.15,False,x-ai/grok-4.5,False,,2026-05-08,partially_supported,supported,2,upgrade,0,True,7,,1,2026-05-09,,253.04,hist_backfill,0.009294,2026-05-02,,-0.021499,-0.032722,0.024383,-0.006323,-0.193724,-0.228739,-0.198822,-0.131679,2,ADBE@2026-W19,3,0.000714,-0.022213,0.022903,-0.055625,0.063736,-0.039353,0.022851,-0.029174,0.018774,-0.212498,0.039023,-0.267762,-0.014805,-0.184017,-0.010483,-0.121196,-0.015746
ADBE:D3:2026-05-15,ADBE,D3,D,邊緣,False,0.15,False,x-ai/grok-4.5,False,,2026-05-15,supported,Validated,0,lateral,7,True,1,7,1,2026-05-16,,247.6,hist_backfill,-0.021499,2026-05-09,,-0.01147,0.04689,0.015509,-0.17601,-0.211793,-0.18122,-0.112601,-0.096769,2,ADBE@2026-W20,24,0.021569,-0.033039,0.067122,-0.020232,0.014269,0.00124,-0.010315,-0.165695,0.004574,-0.216367,-0.046622,-0.134598,-0.018337,-0.094264,-0.007325,-0.089444,-0.022213
ADBE:D3:2026-05-16,ADBE,D3,D,邊緣,False,0.15,False,x-ai/grok-4.5,False,,2026-05-16,Validated,Validated,0,lateral,8,True,,1,0,2026-05-16,,247.6,hist_backfill,-0.021499,2026-05-09,,-0.01147,0.04689,0.015509,-0.17601,-0.211793,-0.18122,-0.112601,-0.096769,2,ADBE@2026-W20,24,0.021569,-0.033039,0.067122,-0.020232,0.014269,0.00124,-0.010315,-0.165695,0.004574,-0.216367,-0.046622,-0.134598,-0.018337,-0.094264,-0.007325,-0.089444,-0.022213
ADI:A1:2026-05-15,ADI,A1,A,致命,False,2.5,True,x-ai/grok-4.5,False,,2026-05-15,partially_supported,Inconclusive,0,lateral,0,True,1,,1,2026-05-16,,417.49,hist_backfill,0.002329,2026-05-09,,-0.048911,-0.008719,-0.038564,0.000719,0.040648,-0.073247,-0.096601,-0.052313,2,ADI@2026-W20,24,0.021569,-0.07048,0.067122,-0.075841,0.014269,-0.052833,-0.010315,0.011034,0.004574,0.036074,-0.046622,-0.026625,-0.018337,-0.078264,-0.007325,-0.044988,0.001615
ADI:A1:2026-05-16,ADI,A1,A,致命,False,2.5,True,x-ai/grok-4.5,False,,2026-05-16,Inconclusive,Trending positive,1,upgrade,1,True,,1,0,2026-05-16,,417.49,hist_backfill,0.002329,2026-05-09,,-0.048911,-0.008719,-0.038564,0.000719,0.040648,-0.073247,-0.096601,-0.052313,2,ADI@2026-W20,24,0.021569,-0.07048,0.067122,-0.075841,0.014269,-0.052833,-0.010315,0.011034,0.004574,0.036074,-0.046622,-0.026625,-0.018337,-0.078264,-0.007325,-0.044988,0.001615
ADI:A2:2026-05-15,ADI,A2,A,致命,False,2.5,False,x-ai/grok-4.5,False,,2026-05-15,supported,Validated,0,lateral,0,True,1,,1,2026-05-16,,417.49,hist_backfill,0.002329,2026-05-09,,-0.048911,-0.008719,-0.038564,0.000719,0.040648,-0.073247,-0.096601,-0.052313,2,ADI@2026-W20,24,0.021569,-0.07048,0.067122,-0.075841,0.014269,-0.052833,-0.010315,0.011034,0.004574,0.036074,-0.046622,-0.026625,-0.018337,-0.078264,-0.007325,-0.044988,0.001615
ADI:A2:2026-05-16,ADI,A2,A,致命,False,2.5,False,x-ai/grok-4.5,False,,2026-05-16,Validated,Validated,0,lateral,1,True,,1,0,2026-05-16,,417.49,hist_backfill,0.002329,2026-05-09,,-0.048911,-0.008719,-0.038564,0.000719,0.040648,-0.073247,-0.096601,-0.052313,2,ADI@2026-W20,24,0.021569,-0.07048,0.067122,-0.075841,0.014269,-0.052833,-0.010315,0.011034,0.004574,0.036074,-0.046622,-0.026625,-0.018337,-0.078264,-0.007325,-0.044988,0.001615
ADI:A3:2026-05-15,ADI,A3,A,致命,False,2.5,False,x-ai/grok-4.5,False,,2026-05-15,partially_supported,Inconclusive,0,lateral,0,True,1,,1,2026-05-16,,417.49,hist_backfill,0.002329,2026-05-09,,-0.048911,-0.008719,-0.038564,0.000719,0.040648,-0.073247,-0.096601,-0.052313,2,ADI@2026-W20,24,0.021569,-0.07048,0.067122,-0.075841,0.014269,-0.052833,-0.010315,0.011034,0.004574,0.036074,-0.046622,-0.026625,-0.018337,-0.078264,-0.007325,-0.044988,0.001615
ADI:A3:2026-05-16,ADI,A3,A,致命,False,2.5,False,x-ai/grok-4.5,False,,2026-05-16,Inconclusive,Trending positive,1,upgrade,1,True,,1,0,2026-05-16,,417.49,hist_backfill,0.002329,2026-05-09,,-0.048911,-0.008719,-0.038564,0.000719,0.040648,-0.073247,-0.096601,-0.052313,2,ADI@2026-W20,24,0.021569,-0.07048,0.067122,-0.075841,0.014269,-0.052833,-0.010315,0.011034,0.004574,0.036074,-0.046622,-0.026625,-0.018337,-0.078264,-0.007325,-0.044988,0.001615
ADI:B1:2026-05-15,ADI,B1,B,輕微,False,0.4,False,x-ai/grok-4.5,False,,2026-05-15,partially_supported,Inconclusive,0,lateral,0,True,1,,1,2026-05-16,,417.49,hist_backfill,0.002329,2026-05-09,,-0.048911,-0.008719,-0.038564,0.000719,0.040648,-0.073247,-0.096601,-0.052313,2,ADI@2026-W20,24,0.021569,-0.07048,0.067122,-0.075841,0.014269,-0.052833,-0.010315,0.011034,0.004574,0.036074,-0.046622,-0.026625,-0.018337,-0.078264,-0.007325,-0.044988,0.001615
ADI:B1:2026-05-16,ADI,B1,B,輕微,False,0.4,False,x-ai/grok-4.5,False,,2026-05-16,Inconclusive,Trending positive,1,upgrade,1,True,,1,0,2026-05-16,,417.49,hist_backfill,0.002329,2026-05-09,,-0.048911,-0.008719,-0.038564,0.000719,0.040648,-0.073247,-0.096601,-0.052313,2,ADI@2026-W20,24,0.021569,-0.07048,0.067122,-0.075841,0.014269,-0.052833,-0.010315,0.011034,0.004574,0.036074,-0.046622,-0.026625,-0.018337,-0.078264,-0.007325,-0.044988,0.001615
ADI:B2:2026-05-15,ADI,B2,B,輕微,False,0.4,False,x-ai/grok-4.5,False,,2026-05-15,challenged,Approaching falsification,0,lateral,0,True,1,,1,2026-05-16,,417.49,hist_backfill,0.002329,2026-05-09,,-0.048911,-0.008719,-0.038564,0.000719,0.040648,-0.073247,-0.096601,-0.052313,2,ADI@2026-W20,24,0.021569,-0.07048,0.067122,-0.075841,0.014269,-0.052833,-0.010315,0.011034,0.004574,0.036074,-0.046622,-0.026625,-0.018337,-0.078264,-0.007325,-0.044988,0.001615
ADI:B2:2026-05-16,ADI,B2,B,輕微,False,0.4,False,x-ai/grok-4.5,False,,2026-05-16,Approaching falsification,Trending negative,1,upgrade,1,True,,1,0,2026-05-16,,417.49,hist_backfill,0.002329,2026-05-09,,-0.048911,-0.008719,-0.038564,0.000719,0.040648,-0.073247,-0.096601,-0.052313,2,ADI@2026-W20,24,0.021569,-0.07048,0.067122,-0.075841,0.014269,-0.052833,-0.010315,0.011034,0.004574,0.036074,-0.046622,-0.026625,-0.018337,-0.078264,-0.007325,-0.044988,0.001615
ADI:B3:2026-05-15,ADI,B3,B,輕微,False,0.4,False,x-ai/grok-4.5,False,,2026-05-15,supported,Validated,0,lateral,0,True,1,,1,2026-05-16,,417.49,hist_backfill,0.002329,2026-05-09,,-0.048911,-0.008719,-0.038564,0.000719,0.040648,-0.073247,-0.096601,-0.052313,2,ADI@2026-W20,24,0.021569,-0.07048,0.067122,-0.075841,0.014269,-0.052833,-0.010315,0.011034,0.004574,0.036074,-0.046622,-0.026625,-0.018337,-0.078264,-0.007325,-0.044988,0.001615
ADI:B3:2026-05-16,ADI,B3,B,輕微,False,0.4,False,x-ai/grok-4.5,False,,2026-05-16,Validated,Validated,0,lateral,1,True,,1,0,2026-05-16,,417.49,hist_backfill,0.002329,2026-05-09,,-0.048911,-0.008719,-0.038564,0.000719,0.040648,-0.073247,-0.096601,-0.052313,2,ADI@2026-W20,24,0.021569,-0.07048,0.067122,-0.075841,0.014269,-0.052833,-0.010315,0.011034,0.004574,0.036074,-0.046622,-0.026625,-0.018337,-0.078264,-0.007325,-0.044988,0.001615
ADI:C1:2026-05-15,ADI,C1,C,重創,False,1.6,False,x-ai/grok-4.5,False,,2026-05-15,partially_supported,Inconclusive,0,lateral,0,True,1,,1,2026-05-16,,417.49,hist_backfill,0.002329,2026-05-09,,-0.048911,-0.008719,-0.038564,0.000719,0.040648,-0.073247,-0.096601,-0.052313,2,ADI@2026-W20,24,0.021569,-0.07048,0.067122,-0.075841,0.014269,-0.052833,-0.010315,0.011034,0.004574,0.036074,-0.046622,-0.026625,-0.018337,-0.078264,-0.007325,-0.044988,0.001615
ADI:C1:2026-05-16,ADI,C1,C,重創,False,1.6,False,x-ai/grok-4.5,False,,2026-05-16,Inconclusive,Trending positive,1,upgrade,1,True,,1,0,2026-05-16,,417.49,hist_backfill,0.002329,2026-05-09,,-0.048911,-0.008719,-0.038564,0.000719,0.040648,-0.073247,-0.096601,-0.052313,2,ADI@2026-W20,24,0.021569,-0.07048,0.067122,-0.075841,0.014269,-0.052833,-0.010315,0.011034,0.004574,0.036074,-0.046622,-0.026625,-0.018337,-0.078264,-0.007325,-0.044988,0.001615
ADI:C2:2026-05-15,ADI,C2,C,重創,False,1.6,False,x-ai/grok-4.5,False,,2026-05-15,partially_supported,Inconclusive,0,lateral,0,True,1,,1,2026-05-16,,417.49,hist_backfill,0.002329,2026-05-09,,-0.048911,-0.008719,-0.038564,0.000719,0.040648,-0.073247,-0.096601,-0.052313,2,ADI@2026-W20,24,0.021569,-0.07048,0.067122,-0.075841,0.014269,-0.052833,-0.010315,0.011034,0.004574,0.036074,-0.046622,-0.026625,-0.018337,-0.078264,-0.007325,-0.044988,0.001615
ADI:C2:2026-05-16,ADI,C2,C,重創,False,1.6,False,x-ai/grok-4.5,False,,2026-05-16,Inconclusive,Trending positive,1,upgrade,1,True,,1,0,2026-05-16,,417.49,hist_backfill,0.002329,2026-05-09,,-0.048911,-0.008719,-0.038564,0.000719,0.040648,-0.073247,-0.096601,-0.052313,2,ADI@2026-W20,24,0.021569,-0.07048,0.067122,-0.075841,0.014269,-0.052833,-0.010315,0.011034,0.004574,0.036074,-0.046622,-0.026625,-0.018337,-0.078264,-0.007325,-0.044988,0.001615
ADI:C3:2026-05-15,ADI,C3,C,重創,False,1.6,False,x-ai/grok-4.5,False,,2026-05-15,supported,Validated,0,lateral,0,True,1,,1,2026-05-16,,417.49,hist_backfill,0.002329,2026-05-09,,-0.048911,-0.008719,-0.038564,0.000719,0.040648,-0.073247,-0.096601,-0.052313,2,ADI@2026-W20,24,0.021569,-0.07048,0.067122,-0.075841,0.014269,-0.052833,-0.010315,0.011034,0.004574,0.036074,-0.046622,-0.026625,-0.018337,-0.078264,-0.007325,-0.044988,0.001615
ADI:C3:2026-05-16,ADI,C3,C,重創,False,1.6,False,x-ai/grok-4.5,False,,2026-05-16,Validated,Validated,0,lateral,1,True,,1,0,2026-05-16,,417.49,hist_backfill,0.002329,2026-05-09,,-0.048911,-0.008719,-0.038564,0.000719,0.040648,-0.073247,-0.096601,-0.052313,2,ADI@2026-W20,24,0.021569,-0.07048,0.067122,-0.075841,0.014269,-0.052833,-0.010315,0.011034,0.004574,0.036074,-0.046622,-0.026625,-0.018337,-0.078264,-0.007325,-0.044988,0.001615
ADI:D1:2026-05-15,ADI,D1,D,邊緣,False,0.15,False,x-ai/grok-4.5,False,,2026-05-15,partially_supported,Inconclusive,0,lateral,0,True,1,,1,2026-05-16,,417.49,hist_backfill,0.002329,2026-05-09,,-0.048911,-0.008719,-0.038564,0.000719,0.040648,-0.073247,-0.096601,-0.052313,2,ADI@2026-W20,24,0.021569,-0.07048,0.067122,-0.075841,0.014269,-0.052833,-0.010315,0.011034,0.004574,0.036074,-0.046622,-0.026625,-0.018337,-0.078264,-0.007325,-0.044988,0.001615
ADI:D1:2026-05-16,ADI,D1,D,邊緣,False,0.15,False,x-ai/grok-4.5,False,,2026-05-16,Inconclusive,Trending positive,1,upgrade,1,True,,1,0,2026-05-16,,417.49,hist_backfill,0.002329,2026-05-09,,-0.048911,-0.008719,-0.038564,0.000719,0.040648,-0.073247,-0.096601,-0.052313,2,ADI@2026-W20,24,0.021569,-0.07048,0.067122,-0.075841,0.014269,-0.052833,-0.010315,0.011034,0.004574,0.036074,-0.046622,-0.026625,-0.018337,-0.078264,-0.007325,-0.044988,0.001615
ADI:D2:2026-05-15,ADI,D2,D,邊緣,False,0.15,False,x-ai/grok-4.5,False,,2026-05-15,partially_supported,Inconclusive,0,lateral,0,True,1,,1,2026-05-16,,417.49,hist_backfill,0.002329,2026-05-09,,-0.048911,-0.008719,-0.038564,0.000719,0.040648,-0.073247,-0.096601,-0.052313,2,ADI@2026-W20,24,0.021569,-0.07048,0.067122,-0.075841,0.014269,-0.052833,-0.010315,0.011034,0.004574,0.036074,-0.046622,-0.026625,-0.018337,-0.078264,-0.007325,-0.044988,0.001615
ADI:D2:2026-05-16,ADI,D2,D,邊緣,False,0.15,False,x-ai/grok-4.5,False,,2026-05-16,Inconclusive,Trending positive,1,upgrade,1,True,,1,0,2026-05-16,,417.49,hist_backfill,0.002329,2026-05-09,,-0.048911,-0.008719,-0.038564,0.000719,0.040648,-0.073247,-0.096601,-0.052313,2,ADI@2026-W20,24,0.021569,-0.07048,0.067122,-0.075841,0.014269,-0.052833,-0.010315,0.011034,0.004574,0.036074,-0.046622,-0.026625,-0.018337,-0.078264,-0.007325,-0.044988,0.001615
ADI:D3:2026-05-15,ADI,D3,D,邊緣,False,0.15,False,x-ai/grok-4.5,False,,2026-05-15,partially_supported,Inconclusive,0,lateral,0,True,1,,1,2026-05-16,,417.49,hist_backfill,0.002329,2026-05-09,,-0.048911,-0.008719,-0.038564,0.000719,0.040648,-0.073247,-0.096601,-0.052313,2,ADI@2026-W20,24,0.021569,-0.07048,0.067122,-0.075841,0.014269,-0.052833,-0.010315,0.011034,0.004574,0.036074,-0.046622,-0.026625,-0.018337,-0.078264,-0.007325,-0.044988,0.001615
ADI:D3:2026-05-16,ADI,D3,D,邊緣,False,0.15,False,x-ai/grok-4.5,False,,2026-05-16,Inconclusive,Trending positive,1,upgrade,1,True,,1,0,2026-05-16,,417.49,hist_backfill,0.002329,2026-05-09,,-0.048911,-0.008719,-0.038564,0.000719,0.040648,-0.073247,-0.096601,-0.052313,2,ADI@2026-W20,24,0.021569,-0.07048,0.067122,-0.075841,0.014269,-0.052833,-0.010315,0.011034,0.004574,0.036074,-0.046622,-0.026625,-0.018337,-0.078264,-0.007325,-0.044988,0.001615
ALAB:D3:2026-07-18,ALAB,D3,D,重創,False,1.6,False,deepseek/deepseek-v4-pro,True,,2026-07-18,Inconclusive,Approaching falsification,-2,downgrade,0,False,,,0,2026-07-18,0.7091,303.62,live,-0.264789,2026-07-11,-0.1157,,0.076905,0.025064,,,,,,2,ALAB@2026-W29,1,0.030292,,-0.015403,0.092308,-0.006025,0.031089,-0.042566,,0.098491,,,,,,,,-0.213506
AMD:A4:2026-07-18,AMD,A4,A,致命,False,2.5,False,deepseek/deepseek-v4-pro,True,,2026-07-18,Trending positive,Validated,1,upgrade,0,False,,,0,2026-07-18,0.7864,495.76,live,-0.111366,2026-07-11,-0.0809,,0.052828,-0.082984,-0.039555,,,,,2,AMD@2026-W29,1,0.030292,,-0.015403,0.068231,-0.006025,-0.076959,-0.042566,0.003011,0.098491,,,,,,,,-0.060083
AMD:D3:2026-07-25,AMD,D3,D,明顯受損,False,0.9,False,x-ai/grok-4.3,False,,2026-07-25,Trending positive,Validated,1,upgrade,7,False,,,0,2026-07-25,0.7132,521.95,live,0.052828,2026-07-22,0.0,-0.128997,-0.087748,,,,,,,2,AMD@2026-W30,1,0.001231,-0.130228,-0.005814,-0.081934,0.170049,,,,,,,,,,,,0.069348
AMZN:D1:2026-05-30,AMZN,D1,D,致命,False,2.5,False,x-ai/grok-4.5,False,,2026-05-30,Trending positive,Trending negative,-2,downgrade,0,False,7,,0,2026-05-30,,270.64,hist_backfill,0.016221,2026-05-23,,-0.090933,-0.118571,-0.096992,-0.140223,-0.103348,-0.093482,-0.086499,-0.086499,2,AMZN@2026-W22,1,-0.048107,-0.042826,-0.05432,-0.064251,-0.032366,-0.064626,-0.085928,-0.054295,-0.067788,-0.03556,-0.043977,-0.049505,-0.107618,0.021119,-0.122884,0.036385,-0.026039
AMZN:D1:2026-06-06,AMZN,D1,D,致命,False,2.5,False,x-ai/grok-4.5,False,,2026-06-06,Trending negative,Approaching falsification,-1,downgrade,7,False,52,7,0,2026-06-06,,246.03,hist_backfill,-0.090933,2026-05-30,,-0.030403,-0.006666,-0.054221,-0.013657,-0.002805,0.004877,0.004877,-0.056578,2,AMZN@2026-W23,1,-0.011492,-0.018911,0.011342,-0.018008,-0.041132,-0.013089,-0.017032,0.003375,-0.013538,0.010733,-0.050306,0.055183,-0.05484,0.059717,-0.083927,0.027349,-0.042826
AMZN:D1:2026-07-28,AMZN,D1,D,致命,False,2.5,False,x-ai/grok-4.3,False,weekly,2026-07-28,Approaching falsification,Trending positive,3,upgrade,59,False,,52,0,2026-07-28,0.638,231.39,live,-0.003102,2026-07-25,0.0,0.017762,0.173689,,,,,,,2,AMZN@2026-W31,2,0.065363,-0.047601,0.173689,-0.0,,,,,,,,,,,,,-0.004333
AMZN:D3:2026-08-01,AMZN,D3,D,致命,False,2.5,False,x-ai/grok-4.3,False,weekly,2026-08-01,Trending positive,Falsified,-4,downgrade,63,False,,,0,2026-08-01,0.4681,271.58,live,0.153206,2026-07-30,,,,,,,,,,2,AMZN@2026-W31,2,,,,,,,,,,,,,,,,,0.0
APP:D3:2026-08-01,APP,D3,D,輕微,False,0.4,False,x-ai/grok-4.3,False,weekly,2026-08-01,Trending negative,Trending positive,2,upgrade,0,False,1,,0,2026-08-01,0.4392,395.9,live,0.010001,2026-07-25,,,,,,,,,,2,APP@2026-W31,2,,,,,,,,,,,,,,,,,0.00877
APP:D3:2026-08-02,APP,D3,D,輕微,False,0.4,False,x-ai/grok-4.3,False,correction,2026-08-02,Trending positive,Trending negative,-2,downgrade,1,False,,1,,,,,,,,,,,,,,,,,2,APP@2026-W31,2,,,,,,,,,,,,,,,,,
BABA:A1:2026-05-13,BABA,A1,A,致命,False,2.5,False,x-ai/grok-4.5,False,,2026-05-13,supported,Validated,0,lateral,5,True,,,3,2026-05-16,,132.59,hist_backfill,-0.053334,2026-05-09,,-0.019534,-0.063127,-0.08696,-0.149106,-0.192247,-0.284939,-0.274908,-0.152802,2,BABA@2026-W20,12,0.021569,-0.041103,0.067122,-0.130249,0.014269,-0.101229,-0.010315,-0.138791,0.004574,-0.196821,-0.046622,-0.238317,-0.018337,-0.256571,-0.007325,-0.145477,-0.054048
BABA:A2:2026-05-13,BABA,A2,A,致命,False,2.5,False,x-ai/grok-4.5,False,,2026-05-13,partially_supported,Trending positive,1,upgrade,5,True,,,3,2026-05-16,,132.59,hist_backfill,-0.053334,2026-05-09,,-0.019534,-0.063127,-0.08696,-0.149106,-0.192247,-0.284939,-0.274908,-0.152802,2,BABA@2026-W20,12,0.021569,-0.041103,0.067122,-0.130249,0.014269,-0.101229,-0.010315,-0.138791,0.004574,-0.196821,-0.046622,-0.238317,-0.018337,-0.256571,-0.007325,-0.145477,-0.054048
BABA:A3:2026-05-13,BABA,A3,A,致命,False,2.5,False,x-ai/grok-4.5,False,,2026-05-13,partially_supported,Validated,2,upgrade,5,True,,,3,2026-05-16,,132.59,hist_backfill,-0.053334,2026-05-09,,-0.019534,-0.063127,-0.08696,-0.149106,-0.192247,-0.284939,-0.274908,-0.152802,2,BABA@2026-W20,12,0.021569,-0.041103,0.067122,-0.130249,0.014269,-0.101229,-0.010315,-0.138791,0.004574,-0.196821,-0.046622,-0.238317,-0.018337,-0.256571,-0.007325,-0.145477,-0.054048
BABA:B1:2026-05-13,BABA,B1,B,重創,False,1.6,False,x-ai/grok-4.5,False,,2026-05-13,partially_supported,Trending positive,1,upgrade,5,True,,,3,2026-05-16,,132.59,hist_backfill,-0.053334,2026-05-09,,-0.019534,-0.063127,-0.08696,-0.149106,-0.192247,-0.284939,-0.274908,-0.152802,2,BABA@2026-W20,12,0.021569,-0.041103,0.067122,-0.130249,0.014269,-0.101229,-0.010315,-0.138791,0.004574,-0.196821,-0.046622,-0.238317,-0.018337,-0.256571,-0.007325,-0.145477,-0.054048
BABA:B2:2026-05-13,BABA,B2,B,重創,False,1.6,False,x-ai/grok-4.5,False,,2026-05-13,partially_supported,Trending positive,1,upgrade,5,True,,,3,2026-05-16,,132.59,hist_backfill,-0.053334,2026-05-09,,-0.019534,-0.063127,-0.08696,-0.149106,-0.192247,-0.284939,-0.274908,-0.152802,2,BABA@2026-W20,12,0.021569,-0.041103,0.067122,-0.130249,0.014269,-0.101229,-0.010315,-0.138791,0.004574,-0.196821,-0.046622,-0.238317,-0.018337,-0.256571,-0.007325,-0.145477,-0.054048
BABA:B3:2026-05-08,BABA,B3,B,重創,False,1.6,False,x-ai/grok-4.5,False,,2026-05-08,partially_supported,challenged,-2,downgrade,0,True,5,,1,2026-05-09,,140.06,hist_backfill,0.065095,2026-05-02,,-0.053334,-0.071826,-0.113094,-0.135656,-0.194488,-0.235328,-0.323076,-0.31358,2,BABA@2026-W19,1,0.000714,-0.054048,0.022903,-0.094729,0.063736,-0.17683,0.022851,-0.158507,0.018774,-0.213262,0.039023,-0.274351,-0.014805,-0.308271,-0.010483,-0.303097,0.040055
BABA:B3:2026-05-13,BABA,B3,B,重創,False,1.6,False,x-ai/grok-4.5,False,,2026-05-13,challenged,Trending positive,3,upgrade,5,True,,5,3,2026-05-16,,132.59,hist_backfill,-0.053334,2026-05-09,,-0.019534,-0.063127,-0.08696,-0.149106,-0.192247,-0.284939,-0.274908,-0.152802,2,BABA@2026-W20,12,0.021569,-0.041103,0.067122,-0.130249,0.014269,-0.101229,-0.010315,-0.138791,0.004574,-0.196821,-0.046622,-0.238317,-0.018337,-0.256571,-0.007325,-0.145477,-0.054048
BABA:C1:2026-05-13,BABA,C1,C,明顯受損,False,0.9,False,x-ai/grok-4.5,False,,2026-05-13,supported,Validated,0,lateral,5,True,,,3,2026-05-16,,132.59,hist_backfill,-0.053334,2026-05-09,,-0.019534,-0.063127,-0.08696,-0.149106,-0.192247,-0.284939,-0.274908,-0.152802,2,BABA@2026-W20,12,0.021569,-0.041103,0.067122,-0.130249,0.014269,-0.101229,-0.010315,-0.138791,0.004574,-0.196821,-0.046622,-0.238317,-0.018337,-0.256571,-0.007325,-0.145477,-0.054048
BABA:C2:2026-05-13,BABA,C2,C,明顯受損,False,0.9,False,x-ai/grok-4.5,False,,2026-05-13,partially_supported,Trending positive,1,upgrade,5,True,,,3,2026-05-16,,132.59,hist_backfill,-0.053334,2026-05-09,,-0.019534,-0.063127,-0.08696,-0.149106,-0.192247,-0.284939,-0.274908,-0.152802,2,BABA@2026-W20,12,0.021569,-0.041103,0.067122,-0.130249,0.014269,-0.101229,-0.010315,-0.138791,0.004574,-0.196821,-0.046622,-0.238317,-0.018337,-0.256571,-0.007325,-0.145477,-0.054048
BABA:C3:2026-05-13,BABA,C3,C,明顯受損,False,0.9,False,x-ai/grok-4.5,False,,2026-05-13,partially_supported,Trending positive,1,upgrade,5,True,,,3,2026-05-16,,132.59,hist_backfill,-0.053334,2026-05-09,,-0.019534,-0.063127,-0.08696,-0.149106,-0.192247,-0.284939,-0.274908,-0.152802,2,BABA@2026-W20,12,0.021569,-0.041103,0.067122,-0.130249,0.014269,-0.101229,-0.010315,-0.138791,0.004574,-0.196821,-0.046622,-0.238317,-0.018337,-0.256571,-0.007325,-0.145477,-0.054048
BABA:D1:2026-05-13,BABA,D1,D,輕微,False,0.4,False,x-ai/grok-4.5,False,,2026-05-13,partially_supported,Trending positive,1,upgrade,5,True,,,3,2026-05-16,,132.59,hist_backfill,-0.053334,2026-05-09,,-0.019534,-0.063127,-0.08696,-0.149106,-0.192247,-0.284939,-0.274908,-0.152802,2,BABA@2026-W20,12,0.021569,-0.041103,0.067122,-0.130249,0.014269,-0.101229,-0.010315,-0.138791,0.004574,-0.196821,-0.046622,-0.238317,-0.018337,-0.256571,-0.007325,-0.145477,-0.054048
BABA:D2:2026-05-13,BABA,D2,D,輕微,False,0.4,False,x-ai/grok-4.5,False,,2026-05-13,challenged,Inconclusive,2,upgrade,5,True,,,3,2026-05-16,,132.59,hist_backfill,-0.053334,2026-05-09,,-0.019534,-0.063127,-0.08696,-0.149106,-0.192247,-0.284939,-0.274908,-0.152802,2,BABA@2026-W20,12,0.021569,-0.041103,0.067122,-0.130249,0.014269,-0.101229,-0.010315,-0.138791,0.004574,-0.196821,-0.046622,-0.238317,-0.018337,-0.256571,-0.007325,-0.145477,-0.054048
BABA:D3:2026-05-13,BABA,D3,D,輕微,False,0.4,False,x-ai/grok-4.5,False,,2026-05-13,partially_supported,Trending positive,1,upgrade,5,True,,,3,2026-05-16,,132.59,hist_backfill,-0.053334,2026-05-09,,-0.019534,-0.063127,-0.08696,-0.149106,-0.192247,-0.284939,-0.274908,-0.152802,2,BABA@2026-W20,12,0.021569,-0.041103,0.067122,-0.130249,0.014269,-0.101229,-0.010315,-0.138791,0.004574,-0.196821,-0.046622,-0.238317,-0.018337,-0.256571,-0.007325,-0.145477,-0.054048
CBRS:A3:2026-07-18,CBRS,A3,A,致命,False,2.5,False,deepseek/deepseek-v4-pro,True,,2026-07-18,Inconclusive,Trending positive,1,upgrade,0,False,,,0,2026-07-18,0.5455,172.86,live,-0.196299,2026-07-11,-0.2378,,0.272706,0.149543,,,,,,2,CBRS@2026-W29,1,0.030292,,-0.015403,0.288109,-0.006025,0.155568,-0.042566,,0.098491,,,,,,,,-0.145016
CEG:A1:2026-05-15,CEG,A1,A,致命,False,2.5,True,x-ai/grok-4.5,False,,2026-05-15,supported,Validated,0,lateral,7,True,1,,1,2026-05-16,,267.2,hist_backfill,-0.119982,2026-05-09,,0.100561,0.076909,-0.046295,-0.050299,0.025674,-0.011901,-0.104603,-0.059207,2,CEG@2026-W20,24,0.021569,0.078992,0.067122,0.009787,0.014269,-0.060564,-0.010315,-0.039984,0.004574,0.0211,-0.046622,0.034721,-0.018337,-0.086266,-0.007325,-0.051882,-0.120696
CEG:A1:2026-05-16,CEG,A1,A,致命,False,2.5,True,x-ai/grok-4.5,False,,2026-05-16,Validated,Validated,0,lateral,8,True,,1,0,2026-05-16,,267.2,hist_backfill,-0.119982,2026-05-09,,0.100561,0.076909,-0.046295,-0.050299,0.025674,-0.011901,-0.104603,-0.059207,2,CEG@2026-W20,24,0.021569,0.078992,0.067122,0.009787,0.014269,-0.060564,-0.010315,-0.039984,0.004574,0.0211,-0.046622,0.034721,-0.018337,-0.086266,-0.007325,-0.051882,-0.120696
CEG:A2:2026-05-15,CEG,A2,A,致命,False,2.5,False,x-ai/grok-4.5,False,,2026-05-15,partially_supported,Inconclusive,0,lateral,7,True,1,,1,2026-05-16,,267.2,hist_backfill,-0.119982,2026-05-09,,0.100561,0.076909,-0.046295,-0.050299,0.025674,-0.011901,-0.104603,-0.059207,2,CEG@2026-W20,24,0.021569,0.078992,0.067122,0.009787,0.014269,-0.060564,-0.010315,-0.039984,0.004574,0.0211,-0.046622,0.034721,-0.018337,-0.086266,-0.007325,-0.051882,-0.120696
CEG:A2:2026-05-16,CEG,A2,A,致命,False,2.5,False,x-ai/grok-4.5,False,,2026-05-16,Inconclusive,Trending positive,1,upgrade,8,True,,1,0,2026-05-16,,267.2,hist_backfill,-0.119982,2026-05-09,,0.100561,0.076909,-0.046295,-0.050299,0.025674,-0.011901,-0.104603,-0.059207,2,CEG@2026-W20,24,0.021569,0.078992,0.067122,0.009787,0.014269,-0.060564,-0.010315,-0.039984,0.004574,0.0211,-0.046622,0.034721,-0.018337,-0.086266,-0.007325,-0.051882,-0.120696
CEG:A3:2026-05-15,CEG,A3,A,致命,False,2.5,False,x-ai/grok-4.5,False,,2026-05-15,supported,Validated,0,lateral,7,True,1,,1,2026-05-16,,267.2,hist_backfill,-0.119982,2026-05-09,,0.100561,0.076909,-0.046295,-0.050299,0.025674,-0.011901,-0.104603,-0.059207,2,CEG@2026-W20,24,0.021569,0.078992,0.067122,0.009787,0.014269,-0.060564,-0.010315,-0.039984,0.004574,0.0211,-0.046622,0.034721,-0.018337,-0.086266,-0.007325,-0.051882,-0.120696
CEG:A3:2026-05-16,CEG,A3,A,致命,False,2.5,False,x-ai/grok-4.5,False,,2026-05-16,Validated,Validated,0,lateral,8,True,,1,0,2026-05-16,,267.2,hist_backfill,-0.119982,2026-05-09,,0.100561,0.076909,-0.046295,-0.050299,0.025674,-0.011901,-0.104603,-0.059207,2,CEG@2026-W20,24,0.021569,0.078992,0.067122,0.009787,0.014269,-0.060564,-0.010315,-0.039984,0.004574,0.0211,-0.046622,0.034721,-0.018337,-0.086266,-0.007325,-0.051882,-0.120696
CEG:B1:2026-05-15,CEG,B1,B,明顯受損,False,0.9,False,x-ai/grok-4.5,False,,2026-05-15,supported,Validated,0,lateral,7,True,1,,1,2026-05-16,,267.2,hist_backfill,-0.119982,2026-05-09,,0.100561,0.076909,-0.046295,-0.050299,0.025674,-0.011901,-0.104603,-0.059207,2,CEG@2026-W20,24,0.021569,0.078992,0.067122,0.009787,0.014269,-0.060564,-0.010315,-0.039984,0.004574,0.0211,-0.046622,0.034721,-0.018337,-0.086266,-0.007325,-0.051882,-0.120696
CEG:B1:2026-05-16,CEG,B1,B,明顯受損,False,0.9,False,x-ai/grok-4.5,False,,2026-05-16,Validated,Validated,0,lateral,8,True,,1,0,2026-05-16,,267.2,hist_backfill,-0.119982,2026-05-09,,0.100561,0.076909,-0.046295,-0.050299,0.025674,-0.011901,-0.104603,-0.059207,2,CEG@2026-W20,24,0.021569,0.078992,0.067122,0.009787,0.014269,-0.060564,-0.010315,-0.039984,0.004574,0.0211,-0.046622,0.034721,-0.018337,-0.086266,-0.007325,-0.051882,-0.120696
CEG:B2:2026-05-15,CEG,B2,B,明顯受損,False,0.9,False,x-ai/grok-4.5,False,,2026-05-15,supported,Validated,0,lateral,7,True,1,,1,2026-05-16,,267.2,hist_backfill,-0.119982,2026-05-09,,0.100561,0.076909,-0.046295,-0.050299,0.025674,-0.011901,-0.104603,-0.059207,2,CEG@2026-W20,24,0.021569,0.078992,0.067122,0.009787,0.014269,-0.060564,-0.010315,-0.039984,0.004574,0.0211,-0.046622,0.034721,-0.018337,-0.086266,-0.007325,-0.051882,-0.120696
CEG:B2:2026-05-16,CEG,B2,B,明顯受損,False,0.9,False,x-ai/grok-4.5,False,,2026-05-16,Validated,Validated,0,lateral,8,True,,1,0,2026-05-16,,267.2,hist_backfill,-0.119982,2026-05-09,,0.100561,0.076909,-0.046295,-0.050299,0.025674,-0.011901,-0.104603,-0.059207,2,CEG@2026-W20,24,0.021569,0.078992,0.067122,0.009787,0.014269,-0.060564,-0.010315,-0.039984,0.004574,0.0211,-0.046622,0.034721,-0.018337,-0.086266,-0.007325,-0.051882,-0.120696
CEG:B3:2026-05-15,CEG,B3,B,明顯受損,False,0.9,False,x-ai/grok-4.5,False,,2026-05-15,partially_supported,Inconclusive,0,lateral,7,True,1,,1,2026-05-16,,267.2,hist_backfill,-0.119982,2026-05-09,,0.100561,0.076909,-0.046295,-0.050299,0.025674,-0.011901,-0.104603,-0.059207,2,CEG@2026-W20,24,0.021569,0.078992,0.067122,0.009787,0.014269,-0.060564,-0.010315,-0.039984,0.004574,0.0211,-0.046622,0.034721,-0.018337,-0.086266,-0.007325,-0.051882,-0.120696
CEG:B3:2026-05-16,CEG,B3,B,明顯受損,False,0.9,False,x-ai/grok-4.5,False,,2026-05-16,Inconclusive,Trending positive,1,upgrade,8,True,,1,0,2026-05-16,,267.2,hist_backfill,-0.119982,2026-05-09,,0.100561,0.076909,-0.046295,-0.050299,0.025674,-0.011901,-0.104603,-0.059207,2,CEG@2026-W20,24,0.021569,0.078992,0.067122,0.009787,0.014269,-0.060564,-0.010315,-0.039984,0.004574,0.0211,-0.046622,0.034721,-0.018337,-0.086266,-0.007325,-0.051882,-0.120696
CEG:C1:2026-05-15,CEG,C1,C,致命,False,2.5,False,x-ai/grok-4.5,False,,2026-05-15,partially_supported,Inconclusive,0,lateral,7,True,1,,1,2026-05-16,,267.2,hist_backfill,-0.119982,2026-05-09,,0.100561,0.076909,-0.046295,-0.050299,0.025674,-0.011901,-0.104603,-0.059207,2,CEG@2026-W20,24,0.021569,0.078992,0.067122,0.009787,0.014269,-0.060564,-0.010315,-0.039984,0.004574,0.0211,-0.046622,0.034721,-0.018337,-0.086266,-0.007325,-0.051882,-0.120696
CEG:C1:2026-05-16,CEG,C1,C,致命,False,2.5,False,x-ai/grok-4.5,False,,2026-05-16,Inconclusive,Trending negative,-1,downgrade,8,True,21,1,0,2026-05-16,,267.2,hist_backfill,-0.119982,2026-05-09,,0.100561,0.076909,-0.046295,-0.050299,0.025674,-0.011901,-0.104603,-0.059207,2,CEG@2026-W20,24,0.021569,0.078992,0.067122,0.009787,0.014269,-0.060564,-0.010315,-0.039984,0.004574,0.0211,-0.046622,0.034721,-0.018337,-0.086266,-0.007325,-0.051882,-0.120696
CEG:C1:2026-06-06,CEG,C1,C,致命,False,2.5,False,x-ai/grok-4.5,False,,2026-06-06,Trending negative,Trending positive,2,upgrade,29,False,,21,0,2026-06-06,,254.83,hist_backfill,-0.114405,2026-05-30,,-0.004199,0.075462,0.036063,-0.061139,-0.013538,-0.009575,-0.009575,0.0766,2,CEG@2026-W23,1,-0.011492,0.007293,0.011342,0.06412,-0.041132,0.077195,-0.017032,-0.044107,-0.013538,0.0,-0.050306,0.040731,-0.05484,0.045265,-0.083927,0.160527,-0.066298
CEG:C2:2026-05-15,CEG,C2,C,致命,False,2.5,True,x-ai/grok-4.5,False,,2026-05-15,partially_supported,Inconclusive,0,lateral,7,True,1,,1,2026-05-16,,267.2,hist_backfill,-0.119982,2026-05-09,,0.100561,0.076909,-0.046295,-0.050299,0.025674,-0.011901,-0.104603,-0.059207,2,CEG@2026-W20,24,0.021569,0.078992,0.067122,0.009787,0.014269,-0.060564,-0.010315,-0.039984,0.004574,0.0211,-0.046622,0.034721,-0.018337,-0.086266,-0.007325,-0.051882,-0.120696
CEG:C2:2026-05-16,CEG,C2,C,致命,False,2.5,True,x-ai/grok-4.5,False,,2026-05-16,Inconclusive,Trending negative,-1,downgrade,8,True,70,1,0,2026-05-16,,267.2,hist_backfill,-0.119982,2026-05-09,,0.100561,0.076909,-0.046295,-0.050299,0.025674,-0.011901,-0.104603,-0.059207,2,CEG@2026-W20,24,0.021569,0.078992,0.067122,0.009787,0.014269,-0.060564,-0.010315,-0.039984,0.004574,0.0211,-0.046622,0.034721,-0.018337,-0.086266,-0.007325,-0.051882,-0.120696
CEG:C2:2026-07-25,CEG,C2,C,致命,False,2.5,True,x-ai/grok-4.3,False,,2026-07-25,Trending negative,Validated,3,upgrade,78,False,,70,0,2026-07-25,0.7575,274.35,live,0.087008,2026-07-22,0.0,-0.042282,,,,,,,,2,CEG@2026-W30,1,0.001231,-0.043513,-0.005814,,0.170049,,,,,,,,,,,,0.103528
CEG:C3:2026-05-15,CEG,C3,C,致命,False,2.5,False,x-ai/grok-4.5,False,,2026-05-15,partially_supported,Inconclusive,0,lateral,7,True,1,,1,2026-05-16,,267.2,hist_backfill,-0.119982,2026-05-09,,0.100561,0.076909,-0.046295,-0.050299,0.025674,-0.011901,-0.104603,-0.059207,2,CEG@2026-W20,24,0.021569,0.078992,0.067122,0.009787,0.014269,-0.060564,-0.010315,-0.039984,0.004574,0.0211,-0.046622,0.034721,-0.018337,-0.086266,-0.007325,-0.051882,-0.120696
CEG:C3:2026-05-16,CEG,C3,C,致命,False,2.5,False,x-ai/grok-4.5,False,,2026-05-16,Inconclusive,Trending positive,1,upgrade,8,True,,1,0,2026-05-16,,267.2,hist_backfill,-0.119982,2026-05-09,,0.100561,0.076909,-0.046295,-0.050299,0.025674,-0.011901,-0.104603,-0.059207,2,CEG@2026-W20,24,0.021569,0.078992,0.067122,0.009787,0.014269,-0.060564,-0.010315,-0.039984,0.004574,0.0211,-0.046622,0.034721,-0.018337,-0.086266,-0.007325,-0.051882,-0.120696
CEG:D1:2026-05-08,CEG,D1,D,輕微,False,0.4,False,x-ai/grok-4.5,False,,2026-05-08,partially_supported,supported,2,upgrade,0,True,7,,1,2026-05-09,,303.63,hist_backfill,-0.01358,2026-05-02,,-0.119982,-0.031486,-0.0523,-0.160722,-0.164246,-0.097388,-0.130455,-0.212034,2,CEG@2026-W19,2,0.000714,-0.120696,0.022903,-0.054389,0.063736,-0.116036,0.022851,-0.183573,0.018774,-0.18302,0.039023,-0.136411,-0.014805,-0.11565,-0.010483,-0.201551,-0.03862
CEG:D1:2026-05-15,CEG,D1,D,輕微,False,0.4,False,x-ai/grok-4.5,False,,2026-05-15,supported,Validated,0,lateral,7,True,1,7,1,2026-05-16,,267.2,hist_backfill,-0.119982,2026-05-09,,0.100561,0.076909,-0.046295,-0.050299,0.025674,-0.011901,-0.104603,-0.059207,2,CEG@2026-W20,24,0.021569,0.078992,0.067122,0.009787,0.014269,-0.060564,-0.010315,-0.039984,0.004574,0.0211,-0.046622,0.034721,-0.018337,-0.086266,-0.007325,-0.051882,-0.120696
CEG:D1:2026-05-16,CEG,D1,D,輕微,False,0.4,False,x-ai/grok-4.5,False,,2026-05-16,Validated,Validated,0,lateral,8,True,,1,0,2026-05-16,,267.2,hist_backfill,-0.119982,2026-05-09,,0.100561,0.076909,-0.046295,-0.050299,0.025674,-0.011901,-0.104603,-0.059207,2,CEG@2026-W20,24,0.021569,0.078992,0.067122,0.009787,0.014269,-0.060564,-0.010315,-0.039984,0.004574,0.0211,-0.046622,0.034721,-0.018337,-0.086266,-0.007325,-0.051882,-0.120696
CEG:D2:2026-05-08,CEG,D2,D,輕微,False,0.4,False,x-ai/grok-4.5,False,,2026-05-08,partially_supported,challenged,-2,downgrade,0,True,7,,1,2026-05-09,,303.63,hist_backfill,-0.01358,2026-05-02,,-0.119982,-0.031486,-0.0523,-0.160722,-0.164246,-0.097388,-0.130455,-0.212034,2,CEG@2026-W19,2,0.000714,-0.120696,0.022903,-0.054389,0.063736,-0.116036,0.022851,-0.183573,0.018774,-0.18302,0.039023,-0.136411,-0.014805,-0.11565,-0.010483,-0.201551,-0.03862
CEG:D2:2026-05-15,CEG,D2,D,輕微,False,0.4,False,x-ai/grok-4.5,False,,2026-05-15,challenged,Approaching falsification,0,lateral,7,True,1,7,1,2026-05-16,,267.2,hist_backfill,-0.119982,2026-05-09,,0.100561,0.076909,-0.046295,-0.050299,0.025674,-0.011901,-0.104603,-0.059207,2,CEG@2026-W20,24,0.021569,0.078992,0.067122,0.009787,0.014269,-0.060564,-0.010315,-0.039984,0.004574,0.0211,-0.046622,0.034721,-0.018337,-0.086266,-0.007325,-0.051882,-0.120696
CEG:D2:2026-05-16,CEG,D2,D,輕微,False,0.4,False,x-ai/grok-4.5,False,,2026-05-16,Approaching falsification,Trending negative,1,upgrade,8,True,,1,0,2026-05-16,,267.2,hist_backfill,-0.119982,2026-05-09,,0.100561,0.076909,-0.046295,-0.050299,0.025674,-0.011901,-0.104603,-0.059207,2,CEG@2026-W20,24,0.021569,0.078992,0.067122,0.009787,0.014269,-0.060564,-0.010315,-0.039984,0.004574,0.0211,-0.046622,0.034721,-0.018337,-0.086266,-0.007325,-0.051882,-0.120696
CEG:D3:2026-05-15,CEG,D3,D,輕微,False,0.4,False,x-ai/grok-4.5,False,,2026-05-15,partially_supported,Inconclusive,0,lateral,7,True,1,,1,2026-05-16,,267.2,hist_backfill,-0.119982,2026-05-09,,0.100561,0.076909,-0.046295,-0.050299,0.025674,-0.011901,-0.104603,-0.059207,2,CEG@2026-W20,24,0.021569,0.078992,0.067122,0.009787,0.014269,-0.060564,-0.010315,-0.039984,0.004574,0.0211,-0.046622,0.034721,-0.018337,-0.086266,-0.007325,-0.051882,-0.120696
CEG:D3:2026-05-16,CEG,D3,D,輕微,False,0.4,False,x-ai/grok-4.5,False,,2026-05-16,Inconclusive,Trending positive,1,upgrade,8,True,,1,0,2026-05-16,,267.2,hist_backfill,-0.119982,2026-05-09,,0.100561,0.076909,-0.046295,-0.050299,0.025674,-0.011901,-0.104603,-0.059207,2,CEG@2026-W20,24,0.021569,0.078992,0.067122,0.009787,0.014269,-0.060564,-0.010315,-0.039984,0.004574,0.0211,-0.046622,0.034721,-0.018337,-0.086266,-0.007325,-0.051882,-0.120696
COHR:A3:2026-08-01,COHR,A3,A,致命,False,2.5,False,x-ai/grok-4.3,False,weekly,2026-08-01,Trending positive,Approaching falsification,-3,downgrade,14,False,,,0,2026-08-01,0.4695,262.89,live,-0.069053,2026-07-25,,,,,,,,,,2,COHR@2026-W31,1,,,,,,,,,,,,,,,,,-0.070284
COHR:B3:2026-07-18,COHR,B3,B,重創,False,1.6,False,deepseek/deepseek-v4-pro,True,,2026-07-18,Trending positive,Trending negative,-2,downgrade,0,False,,,0,2026-07-18,0.7576,277.6,live,-0.14453,2026-07-11,-0.1845,,0.017255,-0.05299,,,,,,2,COHR@2026-W29,1,0.030292,,-0.015403,0.032658,-0.006025,-0.046965,-0.042566,,0.098491,,,,,,,,-0.093247
CRM:A1:2026-05-30,CRM,A1,A,致命,False,2.5,True,x-ai/grok-4.5,False,,2026-05-30,Inconclusive,Trending positive,1,upgrade,0,False,,,0,2026-05-30,,191.1,hist_backfill,0.061254,2026-05-23,,-0.028467,-0.13192,-0.205756,-0.171272,-0.130769,-0.145369,-0.106384,-0.106384,2,CRM@2026-W22,1,-0.048107,0.01964,-0.05432,-0.0776,-0.032366,-0.17339,-0.085928,-0.085344,-0.067788,-0.062981,-0.043977,-0.101392,-0.107618,0.001234,-0.122884,0.0165,0.018994
CRM:A3:2026-07-18,CRM,A3,A,致命,False,2.5,False,deepseek/deepseek-v4-pro,True,,2026-07-18,Inconclusive,Trending positive,1,upgrade,49,False,,,0,2026-07-18,0.703,170.77,live,0.045616,2026-07-11,-0.196,,-0.081045,0.07759,,,,,,2,CRM@2026-W29,2,0.030292,,-0.015403,-0.065642,-0.006025,0.083615,-0.042566,,0.098491,,,,,,,,0.096899
CRM:D1:2026-07-18,CRM,D1,D,輕微,False,0.4,False,deepseek/deepseek-v4-pro,True,,2026-07-18,Inconclusive,Trending negative,-1,downgrade,49,False,,,0,2026-07-18,0.703,170.77,live,0.045616,2026-07-11,-0.196,,-0.081045,0.07759,,,,,,2,CRM@2026-W29,2,0.030292,,-0.015403,-0.065642,-0.006025,0.083615,-0.042566,,0.098491,,,,,,,,0.096899
CVX:A1:2026-05-15,CVX,A1,A,致命,False,2.5,False,x-ai/grok-4.5,False,,2026-05-15,partially_supported,Inconclusive,0,lateral,7,True,1,,1,2026-05-16,,191.1,hist_backfill,0.052197,2026-05-09,,0.001727,-0.045212,-0.019833,-0.020304,-0.091418,-0.104867,-0.1146,-0.076923,2,CVX@2026-W20,24,0.021569,-0.019842,0.067122,-0.112334,0.014269,-0.034102,-0.010315,-0.009989,0.004574,-0.095992,-0.046622,-0.058245,-0.018337,-0.096263,-0.007325,-0.069598,0.051483
CVX:A1:2026-05-16,CVX,A1,A,致命,False,2.5,False,x-ai/grok-4.5,False,,2026-05-16,Inconclusive,Trending positive,1,upgrade,8,True,,1,0,2026-05-16,,191.1,hist_backfill,0.052197,2026-05-09,,0.001727,-0.045212,-0.019833,-0.020304,-0.091418,-0.104867,-0.1146,-0.076923,2,CVX@2026-W20,24,0.021569,-0.019842,0.067122,-0.112334,0.014269,-0.034102,-0.010315,-0.009989,0.004574,-0.095992,-0.046622,-0.058245,-0.018337,-0.096263,-0.007325,-0.069598,0.051483
CVX:A2:2026-05-15,CVX,A2,A,致命,False,2.5,False,x-ai/grok-4.5,False,,2026-05-15,partially_supported,Inconclusive,0,lateral,7,True,1,,1,2026-05-16,,191.1,hist_backfill,0.052197,2026-05-09,,0.001727,-0.045212,-0.019833,-0.020304,-0.091418,-0.104867,-0.1146,-0.076923,2,CVX@2026-W20,24,0.021569,-0.019842,0.067122,-0.112334,0.014269,-0.034102,-0.010315,-0.009989,0.004574,-0.095992,-0.046622,-0.058245,-0.018337,-0.096263,-0.007325,-0.069598,0.051483
CVX:A2:2026-05-16,CVX,A2,A,致命,False,2.5,False,x-ai/grok-4.5,False,,2026-05-16,Inconclusive,Trending positive,1,upgrade,8,True,7,1,0,2026-05-16,,191.1,hist_backfill,0.052197,2026-05-09,,0.001727,-0.045212,-0.019833,-0.020304,-0.091418,-0.104867,-0.1146,-0.076923,2,CVX@2026-W20,24,0.021569,-0.019842,0.067122,-0.112334,0.014269,-0.034102,-0.010315,-0.009989,0.004574,-0.095992,-0.046622,-0.058245,-0.018337,-0.096263,-0.007325,-0.069598,0.051483
CVX:A2:2026-05-23,CVX,A2,A,致命,False,2.5,False,x-ai/grok-4.5,False,,2026-05-23,Trending positive,Trending negative,-2,downgrade,15,False,56,7,0,2026-05-23,,191.43,hist_backfill,0.001727,2026-05-16,,-0.046858,-0.021522,-0.021992,-0.092984,-0.10641,-0.116126,-0.078514,-0.021157,2,CVX@2026-W21,1,0.04226,-0.089118,-0.004539,-0.016983,-0.024816,0.002824,-0.011236,-0.081748,-0.060176,-0.046234,-0.027596,-0.08853,-0.012035,-0.066479,-0.071681,0.050524,-0.019842
CVX:A2:2026-07-18,CVX,A2,A,致命,False,2.5,False,deepseek/deepseek-v4-pro,True,,2026-07-18,Trending negative,Falsified,-2,downgrade,71,False,,56,0,2026-07-18,0.6727,187.38,live,0.062245,2026-07-11,-0.2046,,0.039545,0.050432,0.050432,,,,,2,CVX@2026-W29,3,0.030292,,-0.015403,0.054948,-0.006025,0.056457,-0.042566,0.092998,0.098491,,,,,,,,0.113528
CVX:A3:2026-05-15,CVX,A3,A,致命,False,2.5,False,x-ai/grok-4.5,False,,2026-05-15,supported,Validated,0,lateral,7,True,1,,1,2026-05-16,,191.1,hist_backfill,0.052197,2026-05-09,,0.001727,-0.045212,-0.019833,-0.020304,-0.091418,-0.104867,-0.1146,-0.076923,2,CVX@2026-W20,24,0.021569,-0.019842,0.067122,-0.112334,0.014269,-0.034102,-0.010315,-0.009989,0.004574,-0.095992,-0.046622,-0.058245,-0.018337,-0.096263,-0.007325,-0.069598,0.051483
CVX:A3:2026-05-16,CVX,A3,A,致命,False,2.5,False,x-ai/grok-4.5,False,,2026-05-16,Validated,Validated,0,lateral,8,True,63,1,0,2026-05-16,,191.1,hist_backfill,0.052197,2026-05-09,,0.001727,-0.045212,-0.019833,-0.020304,-0.091418,-0.104867,-0.1146,-0.076923,2,CVX@2026-W20,24,0.021569,-0.019842,0.067122,-0.112334,0.014269,-0.034102,-0.010315,-0.009989,0.004574,-0.095992,-0.046622,-0.058245,-0.018337,-0.096263,-0.007325,-0.069598,0.051483
CVX:A3:2026-07-18,CVX,A3,A,致命,False,2.5,False,deepseek/deepseek-v4-pro,True,,2026-07-18,Validated,Trending negative,-3,downgrade,71,False,,63,0,2026-07-18,0.6727,187.38,live,0.062245,2026-07-11,-0.2046,,0.039545,0.050432,0.050432,,,,,2,CVX@2026-W29,3,0.030292,,-0.015403,0.054948,-0.006025,0.056457,-0.042566,0.092998,0.098491,,,,,,,,0.113528
CVX:B1:2026-05-15,CVX,B1,B,致命,False,2.5,False,x-ai/grok-4.5,False,,2026-05-15,supported,Validated,0,lateral,7,True,1,,1,2026-05-16,,191.1,hist_backfill,0.052197,2026-05-09,,0.001727,-0.045212,-0.019833,-0.020304,-0.091418,-0.104867,-0.1146,-0.076923,2,CVX@2026-W20,24,0.021569,-0.019842,0.067122,-0.112334,0.014269,-0.034102,-0.010315,-0.009989,0.004574,-0.095992,-0.046622,-0.058245,-0.018337,-0.096263,-0.007325,-0.069598,0.051483
CVX:B1:2026-05-16,CVX,B1,B,致命,False,2.5,False,x-ai/grok-4.5,False,,2026-05-16,Validated,Validated,0,lateral,8,True,63,1,0,2026-05-16,,191.1,hist_backfill,0.052197,2026-05-09,,0.001727,-0.045212,-0.019833,-0.020304,-0.091418,-0.104867,-0.1146,-0.076923,2,CVX@2026-W20,24,0.021569,-0.019842,0.067122,-0.112334,0.014269,-0.034102,-0.010315,-0.009989,0.004574,-0.095992,-0.046622,-0.058245,-0.018337,-0.096263,-0.007325,-0.069598,0.051483
CVX:B1:2026-07-18,CVX,B1,B,致命,False,2.5,False,deepseek/deepseek-v4-pro,True,,2026-07-18,Validated,Trending positive,-1,downgrade,71,False,,63,0,2026-07-18,0.6727,187.38,live,0.062245,2026-07-11,-0.2046,,0.039545,0.050432,0.050432,,,,,2,CVX@2026-W29,3,0.030292,,-0.015403,0.054948,-0.006025,0.056457,-0.042566,0.092998,0.098491,,,,,,,,0.113528
CVX:B2:2026-05-15,CVX,B2,B,致命,False,2.5,False,x-ai/grok-4.5,False,,2026-05-15,partially_supported,Inconclusive,0,lateral,7,True,1,,1,2026-05-16,,191.1,hist_backfill,0.052197,2026-05-09,,0.001727,-0.045212,-0.019833,-0.020304,-0.091418,-0.104867,-0.1146,-0.076923,2,CVX@2026-W20,24,0.021569,-0.019842,0.067122,-0.112334,0.014269,-0.034102,-0.010315,-0.009989,0.004574,-0.095992,-0.046622,-0.058245,-0.018337,-0.096263,-0.007325,-0.069598,0.051483
CVX:B2:2026-05-16,CVX,B2,B,致命,False,2.5,False,x-ai/grok-4.5,False,,2026-05-16,Inconclusive,Trending positive,1,upgrade,8,True,,1,0,2026-05-16,,191.1,hist_backfill,0.052197,2026-05-09,,0.001727,-0.045212,-0.019833,-0.020304,-0.091418,-0.104867,-0.1146,-0.076923,2,CVX@2026-W20,24,0.021569,-0.019842,0.067122,-0.112334,0.014269,-0.034102,-0.010315,-0.009989,0.004574,-0.095992,-0.046622,-0.058245,-0.018337,-0.096263,-0.007325,-0.069598,0.051483
CVX:B3:2026-05-08,CVX,B3,B,致命,False,2.5,False,x-ai/grok-4.5,False,,2026-05-08,partially_supported,supported,2,upgrade,0,True,7,,1,2026-05-09,,181.62,hist_backfill,-0.047264,2026-05-02,,0.052197,0.054014,0.004625,0.031329,0.030834,-0.043993,-0.058143,-0.068385,2,CVX@2026-W19,1,0.000714,0.051483,0.022903,0.031111,0.063736,-0.059111,0.022851,0.008478,0.018774,0.01206,0.039023,-0.083016,-0.014805,-0.043338,-0.010483,-0.057902,-0.072304
CVX:B3:2026-05-15,CVX,B3,B,致命,False,2.5,False,x-ai/grok-4.5,False,,2026-05-15,supported,Validated,0,lateral,7,True,1,7,1,2026-05-16,,191.1,hist_backfill,0.052197,2026-05-09,,0.001727,-0.045212,-0.019833,-0.020304,-0.091418,-0.104867,-0.1146,-0.076923,2,CVX@2026-W20,24,0.021569,-0.019842,0.067122,-0.112334,0.014269,-0.034102,-0.010315,-0.009989,0.004574,-0.095992,-0.046622,-0.058245,-0.018337,-0.096263,-0.007325,-0.069598,0.051483
CVX:B3:2026-05-16,CVX,B3,B,致命,False,2.5,False,x-ai/grok-4.5,False,,2026-05-16,Validated,Validated,0,lateral,8,True,,1,0,2026-05-16,,191.1,hist_backfill,0.052197,2026-05-09,,0.001727,-0.045212,-0.019833,-0.020304,-0.091418,-0.104867,-0.1146,-0.076923,2,CVX@2026-W20,24,0.021569,-0.019842,0.067122,-0.112334,0.014269,-0.034102,-0.010315,-0.009989,0.004574,-0.095992,-0.046622,-0.058245,-0.018337,-0.096263,-0.007325,-0.069598,0.051483
CVX:C1:2026-05-15,CVX,C1,C,重創,False,1.6,True,x-ai/grok-4.5,False,,2026-05-15,supported,Validated,0,lateral,7,True,1,,1,2026-05-16,,191.1,hist_backfill,0.052197,2026-05-09,,0.001727,-0.045212,-0.019833,-0.020304,-0.091418,-0.104867,-0.1146,-0.076923,2,CVX@2026-W20,24,0.021569,-0.019842,0.067122,-0.112334,0.014269,-0.034102,-0.010315,-0.009989,0.004574,-0.095992,-0.046622,-0.058245,-0.018337,-0.096263,-0.007325,-0.069598,0.051483
CVX:C1:2026-05-16,CVX,C1,C,重創,False,1.6,True,x-ai/grok-4.5,False,,2026-05-16,Validated,Validated,0,lateral,8,True,,1,0,2026-05-16,,191.1,hist_backfill,0.052197,2026-05-09,,0.001727,-0.045212,-0.019833,-0.020304,-0.091418,-0.104867,-0.1146,-0.076923,2,CVX@2026-W20,24,0.021569,-0.019842,0.067122,-0.112334,0.014269,-0.034102,-0.010315,-0.009989,0.004574,-0.095992,-0.046622,-0.058245,-0.018337,-0.096263,-0.007325,-0.069598,0.051483
CVX:C2:2026-05-15,CVX,C2,C,重創,False,1.6,False,x-ai/grok-4.5,False,,2026-05-15,partially_supported,Inconclusive,0,lateral,7,True,1,,1,2026-05-16,,191.1,hist_backfill,0.052197,2026-05-09,,0.001727,-0.045212,-0.019833,-0.020304,-0.091418,-0.104867,-0.1146,-0.076923,2,CVX@2026-W20,24,0.021569,-0.019842,0.067122,-0.112334,0.014269,-0.034102,-0.010315,-0.009989,0.004574,-0.095992,-0.046622,-0.058245,-0.018337,-0.096263,-0.007325,-0.069598,0.051483
CVX:C2:2026-05-16,CVX,C2,C,重創,False,1.6,False,x-ai/grok-4.5,False,,2026-05-16,Inconclusive,Trending positive,1,upgrade,8,True,76,1,0,2026-05-16,,191.1,hist_backfill,0.052197,2026-05-09,,0.001727,-0.045212,-0.019833,-0.020304,-0.091418,-0.104867,-0.1146,-0.076923,2,CVX@2026-W20,24,0.021569,-0.019842,0.067122,-0.112334,0.014269,-0.034102,-0.010315,-0.009989,0.004574,-0.095992,-0.046622,-0.058245,-0.018337,-0.096263,-0.007325,-0.069598,0.051483
CVX:C2:2026-07-31,CVX,C2,C,重創,False,1.6,False,x-ai/grok-4.3,False,earnings,2026-07-31,Trending positive,Validated,1,upgrade,84,False,,76,0,2026-07-31,0.4903,196.83,live,0.010473,2026-07-25,0.0,,,,,,,,,2,CVX@2026-W31,1,-0.209897,,,,,,,,,,,,,,,,0.009242
CVX:C3:2026-05-15,CVX,C3,C,重創,False,1.6,False,x-ai/grok-4.5,False,,2026-05-15,supported,Validated,0,lateral,7,True,1,,1,2026-05-16,,191.1,hist_backfill,0.052197,2026-05-09,,0.001727,-0.045212,-0.019833,-0.020304,-0.091418,-0.104867,-0.1146,-0.076923,2,CVX@2026-W20,24,0.021569,-0.019842,0.067122,-0.112334,0.014269,-0.034102,-0.010315,-0.009989,0.004574,-0.095992,-0.046622,-0.058245,-0.018337,-0.096263,-0.007325,-0.069598,0.051483
CVX:C3:2026-05-16,CVX,C3,C,重創,False,1.6,False,x-ai/grok-4.5,False,,2026-05-16,Validated,Validated,0,lateral,8,True,,1,0,2026-05-16,,191.1,hist_backfill,0.052197,2026-05-09,,0.001727,-0.045212,-0.019833,-0.020304,-0.091418,-0.104867,-0.1146,-0.076923,2,CVX@2026-W20,24,0.021569,-0.019842,0.067122,-0.112334,0.014269,-0.034102,-0.010315,-0.009989,0.004574,-0.095992,-0.046622,-0.058245,-0.018337,-0.096263,-0.007325,-0.069598,0.051483
CVX:D1:2026-05-15,CVX,D1,D,輕微,False,0.4,False,x-ai/grok-4.5,False,,2026-05-15,supported,Validated,0,lateral,7,True,1,,1,2026-05-16,,191.1,hist_backfill,0.052197,2026-05-09,,0.001727,-0.045212,-0.019833,-0.020304,-0.091418,-0.104867,-0.1146,-0.076923,2,CVX@2026-W20,24,0.021569,-0.019842,0.067122,-0.112334,0.014269,-0.034102,-0.010315,-0.009989,0.004574,-0.095992,-0.046622,-0.058245,-0.018337,-0.096263,-0.007325,-0.069598,0.051483
CVX:D1:2026-05-16,CVX,D1,D,輕微,False,0.4,False,x-ai/grok-4.5,False,,2026-05-16,Validated,Validated,0,lateral,8,True,,1,0,2026-05-16,,191.1,hist_backfill,0.052197,2026-05-09,,0.001727,-0.045212,-0.019833,-0.020304,-0.091418,-0.104867,-0.1146,-0.076923,2,CVX@2026-W20,24,0.021569,-0.019842,0.067122,-0.112334,0.014269,-0.034102,-0.010315,-0.009989,0.004574,-0.095992,-0.046622,-0.058245,-0.018337,-0.096263,-0.007325,-0.069598,0.051483
CVX:D2:2026-05-15,CVX,D2,D,輕微,False,0.4,False,x-ai/grok-4.5,False,,2026-05-15,partially_supported,Inconclusive,0,lateral,7,True,1,,1,2026-05-16,,191.1,hist_backfill,0.052197,2026-05-09,,0.001727,-0.045212,-0.019833,-0.020304,-0.091418,-0.104867,-0.1146,-0.076923,2,CVX@2026-W20,24,0.021569,-0.019842,0.067122,-0.112334,0.014269,-0.034102,-0.010315,-0.009989,0.004574,-0.095992,-0.046622,-0.058245,-0.018337,-0.096263,-0.007325,-0.069598,0.051483
CVX:D2:2026-05-16,CVX,D2,D,輕微,False,0.4,False,x-ai/grok-4.5,False,,2026-05-16,Inconclusive,Trending positive,1,upgrade,8,True,,1,0,2026-05-16,,191.1,hist_backfill,0.052197,2026-05-09,,0.001727,-0.045212,-0.019833,-0.020304,-0.091418,-0.104867,-0.1146,-0.076923,2,CVX@2026-W20,24,0.021569,-0.019842,0.067122,-0.112334,0.014269,-0.034102,-0.010315,-0.009989,0.004574,-0.095992,-0.046622,-0.058245,-0.018337,-0.096263,-0.007325,-0.069598,0.051483
CVX:D3:2026-05-15,CVX,D3,D,輕微,False,0.4,False,x-ai/grok-4.5,False,,2026-05-15,supported,Validated,0,lateral,7,True,1,,1,2026-05-16,,191.1,hist_backfill,0.052197,2026-05-09,,0.001727,-0.045212,-0.019833,-0.020304,-0.091418,-0.104867,-0.1146,-0.076923,2,CVX@2026-W20,24,0.021569,-0.019842,0.067122,-0.112334,0.014269,-0.034102,-0.010315,-0.009989,0.004574,-0.095992,-0.046622,-0.058245,-0.018337,-0.096263,-0.007325,-0.069598,0.051483
CVX:D3:2026-05-16,CVX,D3,D,輕微,False,0.4,False,x-ai/grok-4.5,False,,2026-05-16,Validated,Validated,0,lateral,8,True,,1,0,2026-05-16,,191.1,hist_backfill,0.052197,2026-05-09,,0.001727,-0.045212,-0.019833,-0.020304,-0.091418,-0.104867,-0.1146,-0.076923,2,CVX@2026-W20,24,0.021569,-0.019842,0.067122,-0.112334,0.014269,-0.034102,-0.010315,-0.009989,0.004574,-0.095992,-0.046622,-0.058245,-0.018337,-0.096263,-0.007325,-0.069598,0.051483
DDOG:A1:2026-05-15,DDOG,A1,A,致命,False,2.5,False,x-ai/grok-4.5,False,,2026-05-15,supported,Validated,0,lateral,0,True,1,,1,2026-05-16,,207.98,hist_backfill,0.039069,2026-05-09,,0.068949,0.189297,0.125637,0.105395,0.072218,0.152851,0.251851,0.238292,2,DDOG@2026-W20,24,0.021569,0.04738,0.067122,0.122175,0.014269,0.111368,-0.010315,0.11571,0.004574,0.067644,-0.046622,0.199473,-0.018337,0.270188,-0.007325,0.245617,0.038355
DDOG:A1:2026-05-16,DDOG,A1,A,致命,False,2.5,False,x-ai/grok-4.5,False,,2026-05-16,Validated,Validated,0,lateral,1,True,,1,0,2026-05-16,,207.98,hist_backfill,0.039069,2026-05-09,,0.068949,0.189297,0.125637,0.105395,0.072218,0.152851,0.251851,0.238292,2,DDOG@2026-W20,24,0.021569,0.04738,0.067122,0.122175,0.014269,0.111368,-0.010315,0.11571,0.004574,0.067644,-0.046622,0.199473,-0.018337,0.270188,-0.007325,0.245617,0.038355
DDOG:A2:2026-05-15,DDOG,A2,A,致命,False,2.5,False,x-ai/grok-4.5,False,,2026-05-15,supported,Validated,0,lateral,0,True,1,,1,2026-05-16,,207.98,hist_backfill,0.039069,2026-05-09,,0.068949,0.189297,0.125637,0.105395,0.072218,0.152851,0.251851,0.238292,2,DDOG@2026-W20,24,0.021569,0.04738,0.067122,0.122175,0.014269,0.111368,-0.010315,0.11571,0.004574,0.067644,-0.046622,0.199473,-0.018337,0.270188,-0.007325,0.245617,0.038355
DDOG:A2:2026-05-16,DDOG,A2,A,致命,False,2.5,False,x-ai/grok-4.5,False,,2026-05-16,Validated,Validated,0,lateral,1,True,,1,0,2026-05-16,,207.98,hist_backfill,0.039069,2026-05-09,,0.068949,0.189297,0.125637,0.105395,0.072218,0.152851,0.251851,0.238292,2,DDOG@2026-W20,24,0.021569,0.04738,0.067122,0.122175,0.014269,0.111368,-0.010315,0.11571,0.004574,0.067644,-0.046622,0.199473,-0.018337,0.270188,-0.007325,0.245617,0.038355
DDOG:A3:2026-05-15,DDOG,A3,A,致命,False,2.5,False,x-ai/grok-4.5,False,,2026-05-15,partially_supported,Inconclusive,0,lateral,0,True,1,,1,2026-05-16,,207.98,hist_backfill,0.039069,2026-05-09,,0.068949,0.189297,0.125637,0.105395,0.072218,0.152851,0.251851,0.238292,2,DDOG@2026-W20,24,0.021569,0.04738,0.067122,0.122175,0.014269,0.111368,-0.010315,0.11571,0.004574,0.067644,-0.046622,0.199473,-0.018337,0.270188,-0.007325,0.245617,0.038355
DDOG:A3:2026-05-16,DDOG,A3,A,致命,False,2.5,False,x-ai/grok-4.5,False,,2026-05-16,Inconclusive,Trending positive,1,upgrade,1,True,,1,0,2026-05-16,,207.98,hist_backfill,0.039069,2026-05-09,,0.068949,0.189297,0.125637,0.105395,0.072218,0.152851,0.251851,0.238292,2,DDOG@2026-W20,24,0.021569,0.04738,0.067122,0.122175,0.014269,0.111368,-0.010315,0.11571,0.004574,0.067644,-0.046622,0.199473,-0.018337,0.270188,-0.007325,0.245617,0.038355
DDOG:B1:2026-05-15,DDOG,B1,B,重創,False,1.6,False,x-ai/grok-4.5,False,,2026-05-15,supported,Validated,0,lateral,0,True,1,,1,2026-05-16,,207.98,hist_backfill,0.039069,2026-05-09,,0.068949,0.189297,0.125637,0.105395,0.072218,0.152851,0.251851,0.238292,2,DDOG@2026-W20,24,0.021569,0.04738,0.067122,0.122175,0.014269,0.111368,-0.010315,0.11571,0.004574,0.067644,-0.046622,0.199473,-0.018337,0.270188,-0.007325,0.245617,0.038355
DDOG:B1:2026-05-16,DDOG,B1,B,重創,False,1.6,False,x-ai/grok-4.5,False,,2026-05-16,Validated,Validated,0,lateral,1,True,,1,0,2026-05-16,,207.98,hist_backfill,0.039069,2026-05-09,,0.068949,0.189297,0.125637,0.105395,0.072218,0.152851,0.251851,0.238292,2,DDOG@2026-W20,24,0.021569,0.04738,0.067122,0.122175,0.014269,0.111368,-0.010315,0.11571,0.004574,0.067644,-0.046622,0.199473,-0.018337,0.270188,-0.007325,0.245617,0.038355
DDOG:B2:2026-05-15,DDOG,B2,B,重創,False,1.6,False,x-ai/grok-4.5,False,,2026-05-15,partially_supported,Inconclusive,0,lateral,0,True,1,,1,2026-05-16,,207.98,hist_backfill,0.039069,2026-05-09,,0.068949,0.189297,0.125637,0.105395,0.072218,0.152851,0.251851,0.238292,2,DDOG@2026-W20,24,0.021569,0.04738,0.067122,0.122175,0.014269,0.111368,-0.010315,0.11571,0.004574,0.067644,-0.046622,0.199473,-0.018337,0.270188,-0.007325,0.245617,0.038355
DDOG:B2:2026-05-16,DDOG,B2,B,重創,False,1.6,False,x-ai/grok-4.5,False,,2026-05-16,Inconclusive,Trending positive,1,upgrade,1,True,14,1,0,2026-05-16,,207.98,hist_backfill,0.039069,2026-05-09,,0.068949,0.189297,0.125637,0.105395,0.072218,0.152851,0.251851,0.238292,2,DDOG@2026-W20,24,0.021569,0.04738,0.067122,0.122175,0.014269,0.111368,-0.010315,0.11571,0.004574,0.067644,-0.046622,0.199473,-0.018337,0.270188,-0.007325,0.245617,0.038355
DDOG:B2:2026-05-30,DDOG,B2,B,重創,False,1.6,False,x-ai/grok-4.5,False,,2026-05-30,Trending positive,Approaching falsification,-3,downgrade,15,False,63,14,0,2026-05-30,,247.35,hist_backfill,0.112585,2026-05-23,,-0.053527,-0.070548,-0.098444,-0.030645,0.052598,0.041197,0.045846,0.045846,2,DDOG@2026-W22,1,-0.048107,-0.00542,-0.05432,-0.016228,-0.032366,-0.066078,-0.085928,0.055283,-0.067788,0.120386,-0.043977,0.085174,-0.107618,0.153464,-0.122884,0.16873,0.070325
DDOG:B2:2026-08-01,DDOG,B2,B,重創,False,1.6,False,x-ai/grok-4.3,False,weekly,2026-08-01,Approaching falsification,Trending negative,1,upgrade,78,False,,63,0,2026-08-01,0.6608,267.97,live,0.085514,2026-07-25,,,,,,,,,,2,DDOG@2026-W31,1,,,,,,,,,,,,,,,,,0.084283
DDOG:B3:2026-05-15,DDOG,B3,B,重創,False,1.6,False,x-ai/grok-4.5,False,,2026-05-15,partially_supported,Inconclusive,0,lateral,0,True,1,,1,2026-05-16,,207.98,hist_backfill,0.039069,2026-05-09,,0.068949,0.189297,0.125637,0.105395,0.072218,0.152851,0.251851,0.238292,2,DDOG@2026-W20,24,0.021569,0.04738,0.067122,0.122175,0.014269,0.111368,-0.010315,0.11571,0.004574,0.067644,-0.046622,0.199473,-0.018337,0.270188,-0.007325,0.245617,0.038355
DDOG:B3:2026-05-16,DDOG,B3,B,重創,False,1.6,False,x-ai/grok-4.5,False,,2026-05-16,Inconclusive,Trending positive,1,upgrade,1,True,,1,0,2026-05-16,,207.98,hist_backfill,0.039069,2026-05-09,,0.068949,0.189297,0.125637,0.105395,0.072218,0.152851,0.251851,0.238292,2,DDOG@2026-W20,24,0.021569,0.04738,0.067122,0.122175,0.014269,0.111368,-0.010315,0.11571,0.004574,0.067644,-0.046622,0.199473,-0.018337,0.270188,-0.007325,0.245617,0.038355
DDOG:C1:2026-05-15,DDOG,C1,C,明顯受損,False,0.9,False,x-ai/grok-4.5,False,,2026-05-15,partially_supported,Inconclusive,0,lateral,0,True,1,,1,2026-05-16,,207.98,hist_backfill,0.039069,2026-05-09,,0.068949,0.189297,0.125637,0.105395,0.072218,0.152851,0.251851,0.238292,2,DDOG@2026-W20,24,0.021569,0.04738,0.067122,0.122175,0.014269,0.111368,-0.010315,0.11571,0.004574,0.067644,-0.046622,0.199473,-0.018337,0.270188,-0.007325,0.245617,0.038355
DDOG:C1:2026-05-16,DDOG,C1,C,明顯受損,False,0.9,False,x-ai/grok-4.5,False,,2026-05-16,Inconclusive,Trending positive,1,upgrade,1,True,,1,0,2026-05-16,,207.98,hist_backfill,0.039069,2026-05-09,,0.068949,0.189297,0.125637,0.105395,0.072218,0.152851,0.251851,0.238292,2,DDOG@2026-W20,24,0.021569,0.04738,0.067122,0.122175,0.014269,0.111368,-0.010315,0.11571,0.004574,0.067644,-0.046622,0.199473,-0.018337,0.270188,-0.007325,0.245617,0.038355
DDOG:C2:2026-05-15,DDOG,C2,C,明顯受損,False,0.9,False,x-ai/grok-4.5,False,,2026-05-15,partially_supported,Inconclusive,0,lateral,0,True,1,,1,2026-05-16,,207.98,hist_backfill,0.039069,2026-05-09,,0.068949,0.189297,0.125637,0.105395,0.072218,0.152851,0.251851,0.238292,2,DDOG@2026-W20,24,0.021569,0.04738,0.067122,0.122175,0.014269,0.111368,-0.010315,0.11571,0.004574,0.067644,-0.046622,0.199473,-0.018337,0.270188,-0.007325,0.245617,0.038355
DDOG:C2:2026-05-16,DDOG,C2,C,明顯受損,False,0.9,False,x-ai/grok-4.5,False,,2026-05-16,Inconclusive,Trending positive,1,upgrade,1,True,,1,0,2026-05-16,,207.98,hist_backfill,0.039069,2026-05-09,,0.068949,0.189297,0.125637,0.105395,0.072218,0.152851,0.251851,0.238292,2,DDOG@2026-W20,24,0.021569,0.04738,0.067122,0.122175,0.014269,0.111368,-0.010315,0.11571,0.004574,0.067644,-0.046622,0.199473,-0.018337,0.270188,-0.007325,0.245617,0.038355
DDOG:C3:2026-05-15,DDOG,C3,C,明顯受損,False,0.9,False,x-ai/grok-4.5,False,,2026-05-15,partially_supported,Inconclusive,0,lateral,0,True,1,,1,2026-05-16,,207.98,hist_backfill,0.039069,2026-05-09,,0.068949,0.189297,0.125637,0.105395,0.072218,0.152851,0.251851,0.238292,2,DDOG@2026-W20,24,0.021569,0.04738,0.067122,0.122175,0.014269,0.111368,-0.010315,0.11571,0.004574,0.067644,-0.046622,0.199473,-0.018337,0.270188,-0.007325,0.245617,0.038355
DDOG:C3:2026-05-16,DDOG,C3,C,明顯受損,False,0.9,False,x-ai/grok-4.5,False,,2026-05-16,Inconclusive,Trending positive,1,upgrade,1,True,,1,0,2026-05-16,,207.98,hist_backfill,0.039069,2026-05-09,,0.068949,0.189297,0.125637,0.105395,0.072218,0.152851,0.251851,0.238292,2,DDOG@2026-W20,24,0.021569,0.04738,0.067122,0.122175,0.014269,0.111368,-0.010315,0.11571,0.004574,0.067644,-0.046622,0.199473,-0.018337,0.270188,-0.007325,0.245617,0.038355
DDOG:D1:2026-05-15,DDOG,D1,D,邊緣,False,0.15,False,x-ai/grok-4.5,False,,2026-05-15,supported,Validated,0,lateral,0,True,1,,1,2026-05-16,,207.98,hist_backfill,0.039069,2026-05-09,,0.068949,0.189297,0.125637,0.105395,0.072218,0.152851,0.251851,0.238292,2,DDOG@2026-W20,24,0.021569,0.04738,0.067122,0.122175,0.014269,0.111368,-0.010315,0.11571,0.004574,0.067644,-0.046622,0.199473,-0.018337,0.270188,-0.007325,0.245617,0.038355
DDOG:D1:2026-05-16,DDOG,D1,D,邊緣,False,0.15,False,x-ai/grok-4.5,False,,2026-05-16,Validated,Validated,0,lateral,1,True,35,1,0,2026-05-16,,207.98,hist_backfill,0.039069,2026-05-09,,0.068949,0.189297,0.125637,0.105395,0.072218,0.152851,0.251851,0.238292,2,DDOG@2026-W20,24,0.021569,0.04738,0.067122,0.122175,0.014269,0.111368,-0.010315,0.11571,0.004574,0.067644,-0.046622,0.199473,-0.018337,0.270188,-0.007325,0.245617,0.038355
DDOG:D1:2026-06-20,DDOG,D1,D,邊緣,False,0.15,False,x-ai/grok-4.5,False,,2026-06-20,Validated,Falsified,-5,downgrade,36,False,,35,0,2026-06-20,,223.0,hist_backfill,-0.030013,2026-06-13,,0.075202,0.167534,0.154888,0.160045,0.160045,0.106996,0.201659,,2,DDOG@2026-W25,1,-0.045262,0.120464,-0.025514,0.193048,0.0,0.154888,-0.057767,0.217812,-0.075728,0.235773,-0.116193,0.223189,-0.102168,0.303827,-0.128313,,-0.048074
DDOG:D2:2026-05-15,DDOG,D2,D,邊緣,False,0.15,False,x-ai/grok-4.5,False,,2026-05-15,supported,Validated,0,lateral,0,True,1,,1,2026-05-16,,207.98,hist_backfill,0.039069,2026-05-09,,0.068949,0.189297,0.125637,0.105395,0.072218,0.152851,0.251851,0.238292,2,DDOG@2026-W20,24,0.021569,0.04738,0.067122,0.122175,0.014269,0.111368,-0.010315,0.11571,0.004574,0.067644,-0.046622,0.199473,-0.018337,0.270188,-0.007325,0.245617,0.038355
DDOG:D2:2026-05-16,DDOG,D2,D,邊緣,False,0.15,False,x-ai/grok-4.5,False,,2026-05-16,Validated,Validated,0,lateral,1,True,,1,0,2026-05-16,,207.98,hist_backfill,0.039069,2026-05-09,,0.068949,0.189297,0.125637,0.105395,0.072218,0.152851,0.251851,0.238292,2,DDOG@2026-W20,24,0.021569,0.04738,0.067122,0.122175,0.014269,0.111368,-0.010315,0.11571,0.004574,0.067644,-0.046622,0.199473,-0.018337,0.270188,-0.007325,0.245617,0.038355
DDOG:D3:2026-05-15,DDOG,D3,D,邊緣,False,0.15,False,x-ai/grok-4.5,False,,2026-05-15,supported,Validated,0,lateral,0,True,1,,1,2026-05-16,,207.98,hist_backfill,0.039069,2026-05-09,,0.068949,0.189297,0.125637,0.105395,0.072218,0.152851,0.251851,0.238292,2,DDOG@2026-W20,24,0.021569,0.04738,0.067122,0.122175,0.014269,0.111368,-0.010315,0.11571,0.004574,0.067644,-0.046622,0.199473,-0.018337,0.270188,-0.007325,0.245617,0.038355
DDOG:D3:2026-05-16,DDOG,D3,D,邊緣,False,0.15,False,x-ai/grok-4.5,False,,2026-05-16,Validated,Validated,0,lateral,1,True,,1,0,2026-05-16,,207.98,hist_backfill,0.039069,2026-05-09,,0.068949,0.189297,0.125637,0.105395,0.072218,0.152851,0.251851,0.238292,2,DDOG@2026-W20,24,0.021569,0.04738,0.067122,0.122175,0.014269,0.111368,-0.010315,0.11571,0.004574,0.067644,-0.046622,0.199473,-0.018337,0.270188,-0.007325,0.245617,0.038355
ENPH:C1:2026-07-18,ENPH,C1,C,重創,False,1.6,False,deepseek/deepseek-v4-pro,True,,2026-07-18,Inconclusive,Trending negative,-1,downgrade,0,False,,,0,2026-07-18,0.6364,41.57,live,-0.072719,2026-07-11,-0.1779,,-0.117152,-0.126293,-0.096945,,,,,2,ENPH@2026-W29,1,0.030292,,-0.015403,-0.101749,-0.006025,-0.120268,-0.042566,-0.054379,0.098491,,,,,,,,-0.021436
ETN:A1:2026-05-15,ETN,A1,A,致命,False,2.5,False,x-ai/grok-4.5,False,,2026-05-15,supported,Validated,0,lateral,6,True,1,,1,2026-05-16,,399.44,hist_backfill,-0.005156,2026-05-09,,-0.020253,0.002904,-0.008762,-0.020153,0.055903,0.008111,-0.002303,0.019627,2,ETN@2026-W20,24,0.021569,-0.041822,0.067122,-0.064218,0.014269,-0.023031,-0.010315,-0.009838,0.004574,0.051329,-0.046622,0.054733,-0.018337,0.016034,-0.007325,0.026952,-0.00587
ETN:A1:2026-05-16,ETN,A1,A,致命,False,2.5,False,x-ai/grok-4.5,False,,2026-05-16,Validated,Validated,0,lateral,7,True,,1,0,2026-05-16,,399.44,hist_backfill,-0.005156,2026-05-09,,-0.020253,0.002904,-0.008762,-0.020153,0.055903,0.008111,-0.002303,0.019627,2,ETN@2026-W20,24,0.021569,-0.041822,0.067122,-0.064218,0.014269,-0.023031,-0.010315,-0.009838,0.004574,0.051329,-0.046622,0.054733,-0.018337,0.016034,-0.007325,0.026952,-0.00587
ETN:A2:2026-05-15,ETN,A2,A,致命,False,2.5,False,x-ai/grok-4.5,False,,2026-05-15,partially_supported,Inconclusive,0,lateral,6,True,1,,1,2026-05-16,,399.44,hist_backfill,-0.005156,2026-05-09,,-0.020253,0.002904,-0.008762,-0.020153,0.055903,0.008111,-0.002303,0.019627,2,ETN@2026-W20,24,0.021569,-0.041822,0.067122,-0.064218,0.014269,-0.023031,-0.010315,-0.009838,0.004574,0.051329,-0.046622,0.054733,-0.018337,0.016034,-0.007325,0.026952,-0.00587
ETN:A2:2026-05-16,ETN,A2,A,致命,False,2.5,False,x-ai/grok-4.5,False,,2026-05-16,Inconclusive,Trending positive,1,upgrade,7,True,,1,0,2026-05-16,,399.44,hist_backfill,-0.005156,2026-05-09,,-0.020253,0.002904,-0.008762,-0.020153,0.055903,0.008111,-0.002303,0.019627,2,ETN@2026-W20,24,0.021569,-0.041822,0.067122,-0.064218,0.014269,-0.023031,-0.010315,-0.009838,0.004574,0.051329,-0.046622,0.054733,-0.018337,0.016034,-0.007325,0.026952,-0.00587
ETN:A3:2026-05-09,ETN,A3,A,致命,False,2.5,True,x-ai/grok-4.5,False,,2026-05-09,partially_supported,supported,2,upgrade,0,True,6,,0,2026-05-09,,401.51,hist_backfill,-0.056492,2026-05-02,,-0.005156,-0.025304,-0.002266,-0.013873,-0.025205,0.05046,0.002914,-0.007447,2,ETN@2026-W19,1,0.000714,-0.00587,0.022903,-0.048207,0.063736,-0.066002,0.022851,-0.036724,0.018774,-0.043979,0.039023,0.011437,-0.014805,0.017719,-0.010483,0.003036,-0.081532
ETN:A3:2026-05-15,ETN,A3,A,致命,False,2.5,True,x-ai/grok-4.5,False,,2026-05-15,supported,Validated,0,lateral,6,True,1,6,1,2026-05-16,,399.44,hist_backfill,-0.005156,2026-05-09,,-0.020253,0.002904,-0.008762,-0.020153,0.055903,0.008111,-0.002303,0.019627,2,ETN@2026-W20,24,0.021569,-0.041822,0.067122,-0.064218,0.014269,-0.023031,-0.010315,-0.009838,0.004574,0.051329,-0.046622,0.054733,-0.018337,0.016034,-0.007325,0.026952,-0.00587
ETN:A3:2026-05-16,ETN,A3,A,致命,False,2.5,True,x-ai/grok-4.5,False,,2026-05-16,Validated,Validated,0,lateral,7,True,,1,0,2026-05-16,,399.44,hist_backfill,-0.005156,2026-05-09,,-0.020253,0.002904,-0.008762,-0.020153,0.055903,0.008111,-0.002303,0.019627,2,ETN@2026-W20,24,0.021569,-0.041822,0.067122,-0.064218,0.014269,-0.023031,-0.010315,-0.009838,0.004574,0.051329,-0.046622,0.054733,-0.018337,0.016034,-0.007325,0.026952,-0.00587
ETN:B1:2026-05-15,ETN,B1,B,重創,False,1.6,True,x-ai/grok-4.5,False,,2026-05-15,supported,Validated,0,lateral,6,True,1,,1,2026-05-16,,399.44,hist_backfill,-0.005156,2026-05-09,,-0.020253,0.002904,-0.008762,-0.020153,0.055903,0.008111,-0.002303,0.019627,2,ETN@2026-W20,24,0.021569,-0.041822,0.067122,-0.064218,0.014269,-0.023031,-0.010315,-0.009838,0.004574,0.051329,-0.046622,0.054733,-0.018337,0.016034,-0.007325,0.026952,-0.00587
ETN:B1:2026-05-16,ETN,B1,B,重創,False,1.6,True,x-ai/grok-4.5,False,,2026-05-16,Validated,Validated,0,lateral,7,True,,1,0,2026-05-16,,399.44,hist_backfill,-0.005156,2026-05-09,,-0.020253,0.002904,-0.008762,-0.020153,0.055903,0.008111,-0.002303,0.019627,2,ETN@2026-W20,24,0.021569,-0.041822,0.067122,-0.064218,0.014269,-0.023031,-0.010315,-0.009838,0.004574,0.051329,-0.046622,0.054733,-0.018337,0.016034,-0.007325,0.026952,-0.00587
ETN:B2:2026-05-15,ETN,B2,B,重創,False,1.6,False,x-ai/grok-4.5,False,,2026-05-15,partially_supported,Inconclusive,0,lateral,6,True,1,,1,2026-05-16,,399.44,hist_backfill,-0.005156,2026-05-09,,-0.020253,0.002904,-0.008762,-0.020153,0.055903,0.008111,-0.002303,0.019627,2,ETN@2026-W20,24,0.021569,-0.041822,0.067122,-0.064218,0.014269,-0.023031,-0.010315,-0.009838,0.004574,0.051329,-0.046622,0.054733,-0.018337,0.016034,-0.007325,0.026952,-0.00587
ETN:B2:2026-05-16,ETN,B2,B,重創,False,1.6,False,x-ai/grok-4.5,False,,2026-05-16,Inconclusive,Trending positive,1,upgrade,7,True,,1,0,2026-05-16,,399.44,hist_backfill,-0.005156,2026-05-09,,-0.020253,0.002904,-0.008762,-0.020153,0.055903,0.008111,-0.002303,0.019627,2,ETN@2026-W20,24,0.021569,-0.041822,0.067122,-0.064218,0.014269,-0.023031,-0.010315,-0.009838,0.004574,0.051329,-0.046622,0.054733,-0.018337,0.016034,-0.007325,0.026952,-0.00587
ETN:B3:2026-05-15,ETN,B3,B,重創,False,1.6,False,x-ai/grok-4.5,False,,2026-05-15,partially_supported,Inconclusive,0,lateral,6,True,1,,1,2026-05-16,,399.44,hist_backfill,-0.005156,2026-05-09,,-0.020253,0.002904,-0.008762,-0.020153,0.055903,0.008111,-0.002303,0.019627,2,ETN@2026-W20,24,0.021569,-0.041822,0.067122,-0.064218,0.014269,-0.023031,-0.010315,-0.009838,0.004574,0.051329,-0.046622,0.054733,-0.018337,0.016034,-0.007325,0.026952,-0.00587
ETN:B3:2026-05-16,ETN,B3,B,重創,False,1.6,False,x-ai/grok-4.5,False,,2026-05-16,Inconclusive,Trending positive,1,upgrade,7,True,,1,0,2026-05-16,,399.44,hist_backfill,-0.005156,2026-05-09,,-0.020253,0.002904,-0.008762,-0.020153,0.055903,0.008111,-0.002303,0.019627,2,ETN@2026-W20,24,0.021569,-0.041822,0.067122,-0.064218,0.014269,-0.023031,-0.010315,-0.009838,0.004574,0.051329,-0.046622,0.054733,-0.018337,0.016034,-0.007325,0.026952,-0.00587
ETN:C1:2026-05-15,ETN,C1,C,輕微,False,0.4,False,x-ai/grok-4.5,False,,2026-05-15,partially_supported,Inconclusive,0,lateral,6,True,1,,1,2026-05-16,,399.44,hist_backfill,-0.005156,2026-05-09,,-0.020253,0.002904,-0.008762,-0.020153,0.055903,0.008111,-0.002303,0.019627,2,ETN@2026-W20,24,0.021569,-0.041822,0.067122,-0.064218,0.014269,-0.023031,-0.010315,-0.009838,0.004574,0.051329,-0.046622,0.054733,-0.018337,0.016034,-0.007325,0.026952,-0.00587
ETN:C1:2026-05-16,ETN,C1,C,輕微,False,0.4,False,x-ai/grok-4.5,False,,2026-05-16,Inconclusive,Trending positive,1,upgrade,7,True,,1,0,2026-05-16,,399.44,hist_backfill,-0.005156,2026-05-09,,-0.020253,0.002904,-0.008762,-0.020153,0.055903,0.008111,-0.002303,0.019627,2,ETN@2026-W20,24,0.021569,-0.041822,0.067122,-0.064218,0.014269,-0.023031,-0.010315,-0.009838,0.004574,0.051329,-0.046622,0.054733,-0.018337,0.016034,-0.007325,0.026952,-0.00587
ETN:C2:2026-05-15,ETN,C2,C,輕微,False,0.4,False,x-ai/grok-4.5,False,,2026-05-15,partially_supported,Inconclusive,0,lateral,6,True,1,,1,2026-05-16,,399.44,hist_backfill,-0.005156,2026-05-09,,-0.020253,0.002904,-0.008762,-0.020153,0.055903,0.008111,-0.002303,0.019627,2,ETN@2026-W20,24,0.021569,-0.041822,0.067122,-0.064218,0.014269,-0.023031,-0.010315,-0.009838,0.004574,0.051329,-0.046622,0.054733,-0.018337,0.016034,-0.007325,0.026952,-0.00587
ETN:C2:2026-05-16,ETN,C2,C,輕微,False,0.4,False,x-ai/grok-4.5,False,,2026-05-16,Inconclusive,Trending positive,1,upgrade,7,True,,1,0,2026-05-16,,399.44,hist_backfill,-0.005156,2026-05-09,,-0.020253,0.002904,-0.008762,-0.020153,0.055903,0.008111,-0.002303,0.019627,2,ETN@2026-W20,24,0.021569,-0.041822,0.067122,-0.064218,0.014269,-0.023031,-0.010315,-0.009838,0.004574,0.051329,-0.046622,0.054733,-0.018337,0.016034,-0.007325,0.026952,-0.00587
ETN:C3:2026-05-15,ETN,C3,C,輕微,False,0.4,False,x-ai/grok-4.5,False,,2026-05-15,partially_supported,Inconclusive,0,lateral,6,True,1,,1,2026-05-16,,399.44,hist_backfill,-0.005156,2026-05-09,,-0.020253,0.002904,-0.008762,-0.020153,0.055903,0.008111,-0.002303,0.019627,2,ETN@2026-W20,24,0.021569,-0.041822,0.067122,-0.064218,0.014269,-0.023031,-0.010315,-0.009838,0.004574,0.051329,-0.046622,0.054733,-0.018337,0.016034,-0.007325,0.026952,-0.00587
ETN:C3:2026-05-16,ETN,C3,C,輕微,False,0.4,False,x-ai/grok-4.5,False,,2026-05-16,Inconclusive,Trending positive,1,upgrade,7,True,,1,0,2026-05-16,,399.44,hist_backfill,-0.005156,2026-05-09,,-0.020253,0.002904,-0.008762,-0.020153,0.055903,0.008111,-0.002303,0.019627,2,ETN@2026-W20,24,0.021569,-0.041822,0.067122,-0.064218,0.014269,-0.023031,-0.010315,-0.009838,0.004574,0.051329,-0.046622,0.054733,-0.018337,0.016034,-0.007325,0.026952,-0.00587
ETN:D1:2026-05-15,ETN,D1,D,邊緣,False,0.15,False,x-ai/grok-4.5,False,,2026-05-15,supported,Validated,0,lateral,6,True,1,,1,2026-05-16,,399.44,hist_backfill,-0.005156,2026-05-09,,-0.020253,0.002904,-0.008762,-0.020153,0.055903,0.008111,-0.002303,0.019627,2,ETN@2026-W20,24,0.021569,-0.041822,0.067122,-0.064218,0.014269,-0.023031,-0.010315,-0.009838,0.004574,0.051329,-0.046622,0.054733,-0.018337,0.016034,-0.007325,0.026952,-0.00587
ETN:D1:2026-05-16,ETN,D1,D,邊緣,False,0.15,False,x-ai/grok-4.5,False,,2026-05-16,Validated,Validated,0,lateral,7,True,76,1,0,2026-05-16,,399.44,hist_backfill,-0.005156,2026-05-09,,-0.020253,0.002904,-0.008762,-0.020153,0.055903,0.008111,-0.002303,0.019627,2,ETN@2026-W20,24,0.021569,-0.041822,0.067122,-0.064218,0.014269,-0.023031,-0.010315,-0.009838,0.004574,0.051329,-0.046622,0.054733,-0.018337,0.016034,-0.007325,0.026952,-0.00587
ETN:D1:2026-07-31,ETN,D1,D,邊緣,False,0.15,False,x-ai/grok-4.3,False,earnings,2026-07-31,Validated,Approaching falsification,-4,downgrade,83,False,,76,0,2026-07-31,0.6707,415.2,live,0.027545,2026-07-25,0.0,,,,,,,,,2,ETN@2026-W31,1,-0.209897,,,,,,,,,,,,,,,,0.026314
ETN:D2:2026-05-15,ETN,D2,D,邊緣,False,0.15,False,x-ai/grok-4.5,False,,2026-05-15,partially_supported,Inconclusive,0,lateral,6,True,1,,1,2026-05-16,,399.44,hist_backfill,-0.005156,2026-05-09,,-0.020253,0.002904,-0.008762,-0.020153,0.055903,0.008111,-0.002303,0.019627,2,ETN@2026-W20,24,0.021569,-0.041822,0.067122,-0.064218,0.014269,-0.023031,-0.010315,-0.009838,0.004574,0.051329,-0.046622,0.054733,-0.018337,0.016034,-0.007325,0.026952,-0.00587
ETN:D2:2026-05-16,ETN,D2,D,邊緣,False,0.15,False,x-ai/grok-4.5,False,,2026-05-16,Inconclusive,Trending positive,1,upgrade,7,True,,1,0,2026-05-16,,399.44,hist_backfill,-0.005156,2026-05-09,,-0.020253,0.002904,-0.008762,-0.020153,0.055903,0.008111,-0.002303,0.019627,2,ETN@2026-W20,24,0.021569,-0.041822,0.067122,-0.064218,0.014269,-0.023031,-0.010315,-0.009838,0.004574,0.051329,-0.046622,0.054733,-0.018337,0.016034,-0.007325,0.026952,-0.00587
ETN:D3:2026-05-15,ETN,D3,D,邊緣,False,0.15,False,x-ai/grok-4.5,False,,2026-05-15,partially_supported,Inconclusive,0,lateral,6,True,1,,1,2026-05-16,,399.44,hist_backfill,-0.005156,2026-05-09,,-0.020253,0.002904,-0.008762,-0.020153,0.055903,0.008111,-0.002303,0.019627,2,ETN@2026-W20,24,0.021569,-0.041822,0.067122,-0.064218,0.014269,-0.023031,-0.010315,-0.009838,0.004574,0.051329,-0.046622,0.054733,-0.018337,0.016034,-0.007325,0.026952,-0.00587
ETN:D3:2026-05-16,ETN,D3,D,邊緣,False,0.15,False,x-ai/grok-4.5,False,,2026-05-16,Inconclusive,Trending positive,1,upgrade,7,True,,1,0,2026-05-16,,399.44,hist_backfill,-0.005156,2026-05-09,,-0.020253,0.002904,-0.008762,-0.020153,0.055903,0.008111,-0.002303,0.019627,2,ETN@2026-W20,24,0.021569,-0.041822,0.067122,-0.064218,0.014269,-0.023031,-0.010315,-0.009838,0.004574,0.051329,-0.046622,0.054733,-0.018337,0.016034,-0.007325,0.026952,-0.00587
FUTU:B1:2026-06-06,FUTU,B1,B,邊緣,False,0.15,False,x-ai/grok-4.5,False,,2026-06-06,Inconclusive,Falsified,-3,downgrade,0,False,,,0,2026-06-06,,92.33,hist_backfill,-0.112809,2026-05-30,,0.056428,0.04668,0.044081,0.029351,0.043323,0.030001,0.030001,0.07614,2,FUTU@2026-W23,1,-0.011492,0.06792,0.011342,0.035338,-0.041132,0.085213,-0.017032,0.046383,-0.013538,0.056861,-0.050306,0.080307,-0.05484,0.084841,-0.083927,0.160067,-0.064702
FUTU:B3:2026-06-20,FUTU,B3,B,邊緣,False,0.15,False,x-ai/grok-4.5,False,,2026-06-20,Inconclusive,Falsified,-3,downgrade,14,False,,,0,2026-06-20,,96.64,hist_backfill,-0.009227,2026-06-13,,-0.002483,-0.016556,-0.003208,-0.015935,-0.015935,0.028146,0.087748,,2,FUTU@2026-W25,1,-0.045262,0.042779,-0.025514,0.008958,0.0,-0.003208,-0.057767,0.041832,-0.075728,0.059793,-0.116193,0.144339,-0.102168,0.189916,-0.128313,,-0.027288
GLW:A1:2026-05-15,GLW,A1,A,致命,False,2.5,False,x-ai/grok-4.5,False,,2026-05-15,supported,Validated,0,lateral,7,True,1,,1,2026-05-16,,191.81,hist_backfill,0.026051,2026-05-09,,0.011678,-0.055524,-0.074188,-0.065742,0.016214,0.152443,0.025963,-0.004796,2,GLW@2026-W20,24,0.021569,-0.009891,0.067122,-0.122646,0.014269,-0.088457,-0.010315,-0.055427,0.004574,0.01164,-0.046622,0.199065,-0.018337,0.0443,-0.007325,0.002529,0.025337
GLW:A1:2026-05-16,GLW,A1,A,致命,False,2.5,False,x-ai/grok-4.5,False,,2026-05-16,Validated,Validated,0,lateral,8,True,,1,0,2026-05-16,,191.81,hist_backfill,0.026051,2026-05-09,,0.011678,-0.055524,-0.074188,-0.065742,0.016214,0.152443,0.025963,-0.004796,2,GLW@2026-W20,24,0.021569,-0.009891,0.067122,-0.122646,0.014269,-0.088457,-0.010315,-0.055427,0.004574,0.01164,-0.046622,0.199065,-0.018337,0.0443,-0.007325,0.002529,0.025337
GLW:A2:2026-05-15,GLW,A2,A,致命,False,2.5,False,x-ai/grok-4.5,False,,2026-05-15,supported,Validated,0,lateral,7,True,1,,1,2026-05-16,,191.81,hist_backfill,0.026051,2026-05-09,,0.011678,-0.055524,-0.074188,-0.065742,0.016214,0.152443,0.025963,-0.004796,2,GLW@2026-W20,24,0.021569,-0.009891,0.067122,-0.122646,0.014269,-0.088457,-0.010315,-0.055427,0.004574,0.01164,-0.046622,0.199065,-0.018337,0.0443,-0.007325,0.002529,0.025337
GLW:A2:2026-05-16,GLW,A2,A,致命,False,2.5,False,x-ai/grok-4.5,False,,2026-05-16,Validated,Validated,0,lateral,8,True,,1,0,2026-05-16,,191.81,hist_backfill,0.026051,2026-05-09,,0.011678,-0.055524,-0.074188,-0.065742,0.016214,0.152443,0.025963,-0.004796,2,GLW@2026-W20,24,0.021569,-0.009891,0.067122,-0.122646,0.014269,-0.088457,-0.010315,-0.055427,0.004574,0.01164,-0.046622,0.199065,-0.018337,0.0443,-0.007325,0.002529,0.025337
GLW:A3:2026-05-15,GLW,A3,A,致命,False,2.5,False,x-ai/grok-4.5,False,,2026-05-15,supported,Validated,0,lateral,7,True,1,,1,2026-05-16,,191.81,hist_backfill,0.026051,2026-05-09,,0.011678,-0.055524,-0.074188,-0.065742,0.016214,0.152443,0.025963,-0.004796,2,GLW@2026-W20,24,0.021569,-0.009891,0.067122,-0.122646,0.014269,-0.088457,-0.010315,-0.055427,0.004574,0.01164,-0.046622,0.199065,-0.018337,0.0443,-0.007325,0.002529,0.025337
GLW:A3:2026-05-16,GLW,A3,A,致命,False,2.5,False,x-ai/grok-4.5,False,,2026-05-16,Validated,Validated,0,lateral,8,True,,1,0,2026-05-16,,191.81,hist_backfill,0.026051,2026-05-09,,0.011678,-0.055524,-0.074188,-0.065742,0.016214,0.152443,0.025963,-0.004796,2,GLW@2026-W20,24,0.021569,-0.009891,0.067122,-0.122646,0.014269,-0.088457,-0.010315,-0.055427,0.004574,0.01164,-0.046622,0.199065,-0.018337,0.0443,-0.007325,0.002529,0.025337
GLW:B1:2026-05-15,GLW,B1,B,致命,False,2.5,False,x-ai/grok-4.5,False,,2026-05-15,supported,Validated,0,lateral,7,True,1,,1,2026-05-16,,191.81,hist_backfill,0.026051,2026-05-09,,0.011678,-0.055524,-0.074188,-0.065742,0.016214,0.152443,0.025963,-0.004796,2,GLW@2026-W20,24,0.021569,-0.009891,0.067122,-0.122646,0.014269,-0.088457,-0.010315,-0.055427,0.004574,0.01164,-0.046622,0.199065,-0.018337,0.0443,-0.007325,0.002529,0.025337
GLW:B1:2026-05-16,GLW,B1,B,致命,False,2.5,False,x-ai/grok-4.5,False,,2026-05-16,Validated,Validated,0,lateral,8,True,,1,0,2026-05-16,,191.81,hist_backfill,0.026051,2026-05-09,,0.011678,-0.055524,-0.074188,-0.065742,0.016214,0.152443,0.025963,-0.004796,2,GLW@2026-W20,24,0.021569,-0.009891,0.067122,-0.122646,0.014269,-0.088457,-0.010315,-0.055427,0.004574,0.01164,-0.046622,0.199065,-0.018337,0.0443,-0.007325,0.002529,0.025337
GLW:B2:2026-05-09,GLW,B2,B,致命,False,2.5,False,x-ai/grok-4.5,False,,2026-05-09,partially_supported,supported,2,upgrade,1,True,6,,0,2026-05-09,,186.94,hist_backfill,0.181221,2026-05-02,,0.026051,0.038034,-0.030919,-0.05007,-0.041404,0.042687,0.182465,0.052691,2,GLW@2026-W19,2,0.000714,0.025337,0.022903,0.015131,0.063736,-0.094655,0.022851,-0.072921,0.018774,-0.060178,0.039023,0.003664,-0.014805,0.19727,-0.010483,0.063174,0.156181
GLW:B2:2026-05-15,GLW,B2,B,致命,False,2.5,False,x-ai/grok-4.5,False,,2026-05-15,supported,Validated,0,lateral,7,True,1,6,1,2026-05-16,,191.81,hist_backfill,0.026051,2026-05-09,,0.011678,-0.055524,-0.074188,-0.065742,0.016214,0.152443,0.025963,-0.004796,2,GLW@2026-W20,24,0.021569,-0.009891,0.067122,-0.122646,0.014269,-0.088457,-0.010315,-0.055427,0.004574,0.01164,-0.046622,0.199065,-0.018337,0.0443,-0.007325,0.002529,0.025337
GLW:B2:2026-05-16,GLW,B2,B,致命,False,2.5,False,x-ai/grok-4.5,False,,2026-05-16,Validated,Validated,0,lateral,8,True,,1,0,2026-05-16,,191.81,hist_backfill,0.026051,2026-05-09,,0.011678,-0.055524,-0.074188,-0.065742,0.016214,0.152443,0.025963,-0.004796,2,GLW@2026-W20,24,0.021569,-0.009891,0.067122,-0.122646,0.014269,-0.088457,-0.010315,-0.055427,0.004574,0.01164,-0.046622,0.199065,-0.018337,0.0443,-0.007325,0.002529,0.025337
GLW:B3:2026-05-08,GLW,B3,B,致命,False,2.5,False,x-ai/grok-4.5,False,,2026-05-08,partially_supported,supported,2,upgrade,0,True,7,,1,2026-05-09,,186.94,hist_backfill,0.181221,2026-05-02,,0.026051,0.038034,-0.030919,-0.05007,-0.041404,0.042687,0.182465,0.052691,2,GLW@2026-W19,2,0.000714,0.025337,0.022903,0.015131,0.063736,-0.094655,0.022851,-0.072921,0.018774,-0.060178,0.039023,0.003664,-0.014805,0.19727,-0.010483,0.063174,0.156181
GLW:B3:2026-05-15,GLW,B3,B,致命,False,2.5,False,x-ai/grok-4.5,False,,2026-05-15,supported,Validated,0,lateral,7,True,1,7,1,2026-05-16,,191.81,hist_backfill,0.026051,2026-05-09,,0.011678,-0.055524,-0.074188,-0.065742,0.016214,0.152443,0.025963,-0.004796,2,GLW@2026-W20,24,0.021569,-0.009891,0.067122,-0.122646,0.014269,-0.088457,-0.010315,-0.055427,0.004574,0.01164,-0.046622,0.199065,-0.018337,0.0443,-0.007325,0.002529,0.025337
GLW:B3:2026-05-16,GLW,B3,B,致命,False,2.5,False,x-ai/grok-4.5,False,,2026-05-16,Validated,Validated,0,lateral,8,True,,1,0,2026-05-16,,191.81,hist_backfill,0.026051,2026-05-09,,0.011678,-0.055524,-0.074188,-0.065742,0.016214,0.152443,0.025963,-0.004796,2,GLW@2026-W20,24,0.021569,-0.009891,0.067122,-0.122646,0.014269,-0.088457,-0.010315,-0.055427,0.004574,0.01164,-0.046622,0.199065,-0.018337,0.0443,-0.007325,0.002529,0.025337
GLW:C1:2026-05-15,GLW,C1,C,明顯受損,False,0.9,False,x-ai/grok-4.5,False,,2026-05-15,partially_supported,Inconclusive,0,lateral,7,True,1,,1,2026-05-16,,191.81,hist_backfill,0.026051,2026-05-09,,0.011678,-0.055524,-0.074188,-0.065742,0.016214,0.152443,0.025963,-0.004796,2,GLW@2026-W20,24,0.021569,-0.009891,0.067122,-0.122646,0.014269,-0.088457,-0.010315,-0.055427,0.004574,0.01164,-0.046622,0.199065,-0.018337,0.0443,-0.007325,0.002529,0.025337
GLW:C1:2026-05-16,GLW,C1,C,明顯受損,False,0.9,False,x-ai/grok-4.5,False,,2026-05-16,Inconclusive,Trending positive,1,upgrade,8,True,,1,0,2026-05-16,,191.81,hist_backfill,0.026051,2026-05-09,,0.011678,-0.055524,-0.074188,-0.065742,0.016214,0.152443,0.025963,-0.004796,2,GLW@2026-W20,24,0.021569,-0.009891,0.067122,-0.122646,0.014269,-0.088457,-0.010315,-0.055427,0.004574,0.01164,-0.046622,0.199065,-0.018337,0.0443,-0.007325,0.002529,0.025337
GLW:C2:2026-05-15,GLW,C2,C,明顯受損,False,0.9,False,x-ai/grok-4.5,False,,2026-05-15,supported,Validated,0,lateral,7,True,1,,1,2026-05-16,,191.81,hist_backfill,0.026051,2026-05-09,,0.011678,-0.055524,-0.074188,-0.065742,0.016214,0.152443,0.025963,-0.004796,2,GLW@2026-W20,24,0.021569,-0.009891,0.067122,-0.122646,0.014269,-0.088457,-0.010315,-0.055427,0.004574,0.01164,-0.046622,0.199065,-0.018337,0.0443,-0.007325,0.002529,0.025337
GLW:C2:2026-05-16,GLW,C2,C,明顯受損,False,0.9,False,x-ai/grok-4.5,False,,2026-05-16,Validated,Validated,0,lateral,8,True,,1,0,2026-05-16,,191.81,hist_backfill,0.026051,2026-05-09,,0.011678,-0.055524,-0.074188,-0.065742,0.016214,0.152443,0.025963,-0.004796,2,GLW@2026-W20,24,0.021569,-0.009891,0.067122,-0.122646,0.014269,-0.088457,-0.010315,-0.055427,0.004574,0.01164,-0.046622,0.199065,-0.018337,0.0443,-0.007325,0.002529,0.025337
GLW:C3:2026-05-15,GLW,C3,C,明顯受損,False,0.9,False,x-ai/grok-4.5,False,,2026-05-15,supported,Validated,0,lateral,7,True,1,,1,2026-05-16,,191.81,hist_backfill,0.026051,2026-05-09,,0.011678,-0.055524,-0.074188,-0.065742,0.016214,0.152443,0.025963,-0.004796,2,GLW@2026-W20,24,0.021569,-0.009891,0.067122,-0.122646,0.014269,-0.088457,-0.010315,-0.055427,0.004574,0.01164,-0.046622,0.199065,-0.018337,0.0443,-0.007325,0.002529,0.025337
GLW:C3:2026-05-16,GLW,C3,C,明顯受損,False,0.9,False,x-ai/grok-4.5,False,,2026-05-16,Validated,Validated,0,lateral,8,True,,1,0,2026-05-16,,191.81,hist_backfill,0.026051,2026-05-09,,0.011678,-0.055524,-0.074188,-0.065742,0.016214,0.152443,0.025963,-0.004796,2,GLW@2026-W20,24,0.021569,-0.009891,0.067122,-0.122646,0.014269,-0.088457,-0.010315,-0.055427,0.004574,0.01164,-0.046622,0.199065,-0.018337,0.0443,-0.007325,0.002529,0.025337
GLW:D1:2026-05-15,GLW,D1,D,邊緣,False,0.15,False,x-ai/grok-4.5,False,,2026-05-15,supported,Validated,0,lateral,7,True,1,,1,2026-05-16,,191.81,hist_backfill,0.026051,2026-05-09,,0.011678,-0.055524,-0.074188,-0.065742,0.016214,0.152443,0.025963,-0.004796,2,GLW@2026-W20,24,0.021569,-0.009891,0.067122,-0.122646,0.014269,-0.088457,-0.010315,-0.055427,0.004574,0.01164,-0.046622,0.199065,-0.018337,0.0443,-0.007325,0.002529,0.025337
GLW:D1:2026-05-16,GLW,D1,D,邊緣,False,0.15,False,x-ai/grok-4.5,False,,2026-05-16,Validated,Validated,0,lateral,8,True,,1,0,2026-05-16,,191.81,hist_backfill,0.026051,2026-05-09,,0.011678,-0.055524,-0.074188,-0.065742,0.016214,0.152443,0.025963,-0.004796,2,GLW@2026-W20,24,0.021569,-0.009891,0.067122,-0.122646,0.014269,-0.088457,-0.010315,-0.055427,0.004574,0.01164,-0.046622,0.199065,-0.018337,0.0443,-0.007325,0.002529,0.025337
GLW:D2:2026-05-15,GLW,D2,D,邊緣,False,0.15,False,x-ai/grok-4.5,False,,2026-05-15,supported,Validated,0,lateral,7,True,1,,1,2026-05-16,,191.81,hist_backfill,0.026051,2026-05-09,,0.011678,-0.055524,-0.074188,-0.065742,0.016214,0.152443,0.025963,-0.004796,2,GLW@2026-W20,24,0.021569,-0.009891,0.067122,-0.122646,0.014269,-0.088457,-0.010315,-0.055427,0.004574,0.01164,-0.046622,0.199065,-0.018337,0.0443,-0.007325,0.002529,0.025337
GLW:D2:2026-05-16,GLW,D2,D,邊緣,False,0.15,False,x-ai/grok-4.5,False,,2026-05-16,Validated,Trending positive,-1,downgrade,8,True,,1,0,2026-05-16,,191.81,hist_backfill,0.026051,2026-05-09,,0.011678,-0.055524,-0.074188,-0.065742,0.016214,0.152443,0.025963,-0.004796,2,GLW@2026-W20,24,0.021569,-0.009891,0.067122,-0.122646,0.014269,-0.088457,-0.010315,-0.055427,0.004574,0.01164,-0.046622,0.199065,-0.018337,0.0443,-0.007325,0.002529,0.025337
GLW:D3:2026-05-15,GLW,D3,D,邊緣,False,0.15,False,x-ai/grok-4.5,False,,2026-05-15,partially_supported,Inconclusive,0,lateral,7,True,1,,1,2026-05-16,,191.81,hist_backfill,0.026051,2026-05-09,,0.011678,-0.055524,-0.074188,-0.065742,0.016214,0.152443,0.025963,-0.004796,2,GLW@2026-W20,24,0.021569,-0.009891,0.067122,-0.122646,0.014269,-0.088457,-0.010315,-0.055427,0.004574,0.01164,-0.046622,0.199065,-0.018337,0.0443,-0.007325,0.002529,0.025337
GLW:D3:2026-05-16,GLW,D3,D,邊緣,False,0.15,False,x-ai/grok-4.5,False,,2026-05-16,Inconclusive,Trending positive,1,upgrade,8,True,,1,0,2026-05-16,,191.81,hist_backfill,0.026051,2026-05-09,,0.011678,-0.055524,-0.074188,-0.065742,0.016214,0.152443,0.025963,-0.004796,2,GLW@2026-W20,24,0.021569,-0.009891,0.067122,-0.122646,0.014269,-0.088457,-0.010315,-0.055427,0.004574,0.01164,-0.046622,0.199065,-0.018337,0.0443,-0.007325,0.002529,0.025337
HOOD:A1:2026-05-15,HOOD,A1,A,明顯受損,False,0.9,False,x-ai/grok-4.5,False,,2026-05-15,supported,Validated,0,lateral,0,True,1,,1,2026-05-16,,77.14,hist_backfill,0.001428,2026-05-09,,-0.045372,0.222453,0.069095,0.208063,0.401996,0.279362,0.461369,0.451517,2,HOOD@2026-W20,28,0.021569,-0.066941,0.067122,0.155331,0.014269,0.054826,-0.010315,0.218378,0.004574,0.397422,-0.046622,0.325984,-0.018337,0.479706,-0.007325,0.458842,0.000714
HOOD:A1:2026-05-16,HOOD,A1,A,明顯受損,False,0.9,False,x-ai/grok-4.5,False,,2026-05-16,Validated,Validated,0,lateral,1,True,,1,0,2026-05-16,,77.14,hist_backfill,0.001428,2026-05-09,,-0.045372,0.222453,0.069095,0.208063,0.401996,0.279362,0.461369,0.451517,2,HOOD@2026-W20,28,0.021569,-0.066941,0.067122,0.155331,0.014269,0.054826,-0.010315,0.218378,0.004574,0.397422,-0.046622,0.325984,-0.018337,0.479706,-0.007325,0.458842,0.000714
HOOD:A2:2026-05-15,HOOD,A2,A,明顯受損,False,0.9,False,x-ai/grok-4.5,False,,2026-05-15,supported,Validated,0,lateral,0,True,1,,1,2026-05-16,,77.14,hist_backfill,0.001428,2026-05-09,,-0.045372,0.222453,0.069095,0.208063,0.401996,0.279362,0.461369,0.451517,2,HOOD@2026-W20,28,0.021569,-0.066941,0.067122,0.155331,0.014269,0.054826,-0.010315,0.218378,0.004574,0.397422,-0.046622,0.325984,-0.018337,0.479706,-0.007325,0.458842,0.000714
HOOD:A2:2026-05-16,HOOD,A2,A,明顯受損,False,0.9,False,x-ai/grok-4.5,False,,2026-05-16,Validated,Validated,0,lateral,1,True,,1,0,2026-05-16,,77.14,hist_backfill,0.001428,2026-05-09,,-0.045372,0.222453,0.069095,0.208063,0.401996,0.279362,0.461369,0.451517,2,HOOD@2026-W20,28,0.021569,-0.066941,0.067122,0.155331,0.014269,0.054826,-0.010315,0.218378,0.004574,0.397422,-0.046622,0.325984,-0.018337,0.479706,-0.007325,0.458842,0.000714
HOOD:A3:2026-05-15,HOOD,A3,A,明顯受損,False,0.9,False,x-ai/grok-4.5,False,,2026-05-15,supported,Validated,0,lateral,0,True,1,,1,2026-05-16,,77.14,hist_backfill,0.001428,2026-05-09,,-0.045372,0.222453,0.069095,0.208063,0.401996,0.279362,0.461369,0.451517,2,HOOD@2026-W20,28,0.021569,-0.066941,0.067122,0.155331,0.014269,0.054826,-0.010315,0.218378,0.004574,0.397422,-0.046622,0.325984,-0.018337,0.479706,-0.007325,0.458842,0.000714
HOOD:A3:2026-05-16,HOOD,A3,A,明顯受損,False,0.9,False,x-ai/grok-4.5,False,,2026-05-16,Validated,Validated,0,lateral,1,True,,1,0,2026-05-16,,77.14,hist_backfill,0.001428,2026-05-09,,-0.045372,0.222453,0.069095,0.208063,0.401996,0.279362,0.461369,0.451517,2,HOOD@2026-W20,28,0.021569,-0.066941,0.067122,0.155331,0.014269,0.054826,-0.010315,0.218378,0.004574,0.397422,-0.046622,0.325984,-0.018337,0.479706,-0.007325,0.458842,0.000714
HOOD:B1:2026-05-15,HOOD,B1,B,重創,False,1.6,False,x-ai/grok-4.5,False,,2026-05-15,supported,Validated,0,lateral,0,True,1,,1,2026-05-16,,77.14,hist_backfill,0.001428,2026-05-09,,-0.045372,0.222453,0.069095,0.208063,0.401996,0.279362,0.461369,0.451517,2,HOOD@2026-W20,28,0.021569,-0.066941,0.067122,0.155331,0.014269,0.054826,-0.010315,0.218378,0.004574,0.397422,-0.046622,0.325984,-0.018337,0.479706,-0.007325,0.458842,0.000714
HOOD:B1:2026-05-16,HOOD,B1,B,重創,False,1.6,False,x-ai/grok-4.5,False,,2026-05-16,Validated,Validated,0,lateral,1,True,,1,0,2026-05-16,,77.14,hist_backfill,0.001428,2026-05-09,,-0.045372,0.222453,0.069095,0.208063,0.401996,0.279362,0.461369,0.451517,2,HOOD@2026-W20,28,0.021569,-0.066941,0.067122,0.155331,0.014269,0.054826,-0.010315,0.218378,0.004574,0.397422,-0.046622,0.325984,-0.018337,0.479706,-0.007325,0.458842,0.000714
HOOD:B2:2026-05-15,HOOD,B2,B,重創,False,1.6,False,x-ai/grok-4.5,False,,2026-05-15,partially_supported,Inconclusive,0,lateral,0,True,1,,1,2026-05-16,,77.14,hist_backfill,0.001428,2026-05-09,,-0.045372,0.222453,0.069095,0.208063,0.401996,0.279362,0.461369,0.451517,2,HOOD@2026-W20,28,0.021569,-0.066941,0.067122,0.155331,0.014269,0.054826,-0.010315,0.218378,0.004574,0.397422,-0.046622,0.325984,-0.018337,0.479706,-0.007325,0.458842,0.000714
HOOD:B2:2026-05-16,HOOD,B2,B,重創,False,1.6,False,x-ai/grok-4.5,False,,2026-05-16,Inconclusive,Trending positive,1,upgrade,1,True,,1,0,2026-05-16,,77.14,hist_backfill,0.001428,2026-05-09,,-0.045372,0.222453,0.069095,0.208063,0.401996,0.279362,0.461369,0.451517,2,HOOD@2026-W20,28,0.021569,-0.066941,0.067122,0.155331,0.014269,0.054826,-0.010315,0.218378,0.004574,0.397422,-0.046622,0.325984,-0.018337,0.479706,-0.007325,0.458842,0.000714
HOOD:B3:2026-05-15,HOOD,B3,B,重創,False,1.6,False,x-ai/grok-4.5,False,,2026-05-15,supported,Validated,0,lateral,0,True,1,,1,2026-05-16,,77.14,hist_backfill,0.001428,2026-05-09,,-0.045372,0.222453,0.069095,0.208063,0.401996,0.279362,0.461369,0.451517,2,HOOD@2026-W20,28,0.021569,-0.066941,0.067122,0.155331,0.014269,0.054826,-0.010315,0.218378,0.004574,0.397422,-0.046622,0.325984,-0.018337,0.479706,-0.007325,0.458842,0.000714
HOOD:B3:2026-05-16,HOOD,B3,B,重創,False,1.6,False,x-ai/grok-4.5,False,,2026-05-16,Validated,Validated,0,lateral,1,True,,1,0,2026-05-16,,77.14,hist_backfill,0.001428,2026-05-09,,-0.045372,0.222453,0.069095,0.208063,0.401996,0.279362,0.461369,0.451517,2,HOOD@2026-W20,28,0.021569,-0.066941,0.067122,0.155331,0.014269,0.054826,-0.010315,0.218378,0.004574,0.397422,-0.046622,0.325984,-0.018337,0.479706,-0.007325,0.458842,0.000714
HOOD:B4:2026-05-15,HOOD,B4,B,重創,False,1.6,False,x-ai/grok-4.5,False,,2026-05-15,partially_supported,Inconclusive,0,lateral,0,True,1,,1,2026-05-16,,77.14,hist_backfill,0.001428,2026-05-09,,-0.045372,0.222453,0.069095,0.208063,0.401996,0.279362,0.461369,0.451517,2,HOOD@2026-W20,28,0.021569,-0.066941,0.067122,0.155331,0.014269,0.054826,-0.010315,0.218378,0.004574,0.397422,-0.046622,0.325984,-0.018337,0.479706,-0.007325,0.458842,0.000714
HOOD:B4:2026-05-16,HOOD,B4,B,重創,False,1.6,False,x-ai/grok-4.5,False,,2026-05-16,Inconclusive,Trending positive,1,upgrade,1,True,,1,0,2026-05-16,,77.14,hist_backfill,0.001428,2026-05-09,,-0.045372,0.222453,0.069095,0.208063,0.401996,0.279362,0.461369,0.451517,2,HOOD@2026-W20,28,0.021569,-0.066941,0.067122,0.155331,0.014269,0.054826,-0.010315,0.218378,0.004574,0.397422,-0.046622,0.325984,-0.018337,0.479706,-0.007325,0.458842,0.000714
HOOD:C1:2026-05-15,HOOD,C1,C,致命,False,2.5,False,x-ai/grok-4.5,False,,2026-05-15,partially_supported,Inconclusive,0,lateral,0,True,1,,1,2026-05-16,,77.14,hist_backfill,0.001428,2026-05-09,,-0.045372,0.222453,0.069095,0.208063,0.401996,0.279362,0.461369,0.451517,2,HOOD@2026-W20,28,0.021569,-0.066941,0.067122,0.155331,0.014269,0.054826,-0.010315,0.218378,0.004574,0.397422,-0.046622,0.325984,-0.018337,0.479706,-0.007325,0.458842,0.000714
HOOD:C1:2026-05-16,HOOD,C1,C,致命,False,2.5,False,x-ai/grok-4.5,False,,2026-05-16,Inconclusive,Trending positive,1,upgrade,1,True,,1,0,2026-05-16,,77.14,hist_backfill,0.001428,2026-05-09,,-0.045372,0.222453,0.069095,0.208063,0.401996,0.279362,0.461369,0.451517,2,HOOD@2026-W20,28,0.021569,-0.066941,0.067122,0.155331,0.014269,0.054826,-0.010315,0.218378,0.004574,0.397422,-0.046622,0.325984,-0.018337,0.479706,-0.007325,0.458842,0.000714
HOOD:C2:2026-05-15,HOOD,C2,C,致命,False,2.5,False,x-ai/grok-4.5,False,,2026-05-15,supported,Validated,0,lateral,0,True,1,,1,2026-05-16,,77.14,hist_backfill,0.001428,2026-05-09,,-0.045372,0.222453,0.069095,0.208063,0.401996,0.279362,0.461369,0.451517,2,HOOD@2026-W20,28,0.021569,-0.066941,0.067122,0.155331,0.014269,0.054826,-0.010315,0.218378,0.004574,0.397422,-0.046622,0.325984,-0.018337,0.479706,-0.007325,0.458842,0.000714
HOOD:C2:2026-05-16,HOOD,C2,C,致命,False,2.5,False,x-ai/grok-4.5,False,,2026-05-16,Validated,Validated,0,lateral,1,True,,1,0,2026-05-16,,77.14,hist_backfill,0.001428,2026-05-09,,-0.045372,0.222453,0.069095,0.208063,0.401996,0.279362,0.461369,0.451517,2,HOOD@2026-W20,28,0.021569,-0.066941,0.067122,0.155331,0.014269,0.054826,-0.010315,0.218378,0.004574,0.397422,-0.046622,0.325984,-0.018337,0.479706,-0.007325,0.458842,0.000714
HOOD:C3:2026-05-15,HOOD,C3,C,致命,False,2.5,False,x-ai/grok-4.5,False,,2026-05-15,partially_supported,Inconclusive,0,lateral,0,True,1,,1,2026-05-16,,77.14,hist_backfill,0.001428,2026-05-09,,-0.045372,0.222453,0.069095,0.208063,0.401996,0.279362,0.461369,0.451517,2,HOOD@2026-W20,28,0.021569,-0.066941,0.067122,0.155331,0.014269,0.054826,-0.010315,0.218378,0.004574,0.397422,-0.046622,0.325984,-0.018337,0.479706,-0.007325,0.458842,0.000714
HOOD:C3:2026-05-16,HOOD,C3,C,致命,False,2.5,False,x-ai/grok-4.5,False,,2026-05-16,Inconclusive,Trending positive,1,upgrade,1,True,,1,0,2026-05-16,,77.14,hist_backfill,0.001428,2026-05-09,,-0.045372,0.222453,0.069095,0.208063,0.401996,0.279362,0.461369,0.451517,2,HOOD@2026-W20,28,0.021569,-0.066941,0.067122,0.155331,0.014269,0.054826,-0.010315,0.218378,0.004574,0.397422,-0.046622,0.325984,-0.018337,0.479706,-0.007325,0.458842,0.000714
HOOD:D1:2026-05-15,HOOD,D1,D,明顯受損,False,0.9,False,x-ai/grok-4.5,False,,2026-05-15,partially_supported,Inconclusive,0,lateral,0,True,1,,1,2026-05-16,,77.14,hist_backfill,0.001428,2026-05-09,,-0.045372,0.222453,0.069095,0.208063,0.401996,0.279362,0.461369,0.451517,2,HOOD@2026-W20,28,0.021569,-0.066941,0.067122,0.155331,0.014269,0.054826,-0.010315,0.218378,0.004574,0.397422,-0.046622,0.325984,-0.018337,0.479706,-0.007325,0.458842,0.000714
HOOD:D1:2026-05-16,HOOD,D1,D,明顯受損,False,0.9,False,x-ai/grok-4.5,False,,2026-05-16,Inconclusive,Trending positive,1,upgrade,1,True,,1,0,2026-05-16,,77.14,hist_backfill,0.001428,2026-05-09,,-0.045372,0.222453,0.069095,0.208063,0.401996,0.279362,0.461369,0.451517,2,HOOD@2026-W20,28,0.021569,-0.066941,0.067122,0.155331,0.014269,0.054826,-0.010315,0.218378,0.004574,0.397422,-0.046622,0.325984,-0.018337,0.479706,-0.007325,0.458842,0.000714
HOOD:D2:2026-05-15,HOOD,D2,D,明顯受損,False,0.9,False,x-ai/grok-4.5,False,,2026-05-15,supported,Validated,0,lateral,0,True,1,,1,2026-05-16,,77.14,hist_backfill,0.001428,2026-05-09,,-0.045372,0.222453,0.069095,0.208063,0.401996,0.279362,0.461369,0.451517,2,HOOD@2026-W20,28,0.021569,-0.066941,0.067122,0.155331,0.014269,0.054826,-0.010315,0.218378,0.004574,0.397422,-0.046622,0.325984,-0.018337,0.479706,-0.007325,0.458842,0.000714
HOOD:D2:2026-05-16,HOOD,D2,D,明顯受損,False,0.9,False,x-ai/grok-4.5,False,,2026-05-16,Validated,Validated,0,lateral,1,True,,1,0,2026-05-16,,77.14,hist_backfill,0.001428,2026-05-09,,-0.045372,0.222453,0.069095,0.208063,0.401996,0.279362,0.461369,0.451517,2,HOOD@2026-W20,28,0.021569,-0.066941,0.067122,0.155331,0.014269,0.054826,-0.010315,0.218378,0.004574,0.397422,-0.046622,0.325984,-0.018337,0.479706,-0.007325,0.458842,0.000714
HOOD:D3:2026-05-15,HOOD,D3,D,明顯受損,False,0.9,False,x-ai/grok-4.5,False,,2026-05-15,partially_supported,Inconclusive,0,lateral,0,True,1,,1,2026-05-16,,77.14,hist_backfill,0.001428,2026-05-09,,-0.045372,0.222453,0.069095,0.208063,0.401996,0.279362,0.461369,0.451517,2,HOOD@2026-W20,28,0.021569,-0.066941,0.067122,0.155331,0.014269,0.054826,-0.010315,0.218378,0.004574,0.397422,-0.046622,0.325984,-0.018337,0.479706,-0.007325,0.458842,0.000714
HOOD:D3:2026-05-16,HOOD,D3,D,明顯受損,False,0.9,False,x-ai/grok-4.5,False,,2026-05-16,Inconclusive,Trending positive,1,upgrade,1,True,,1,0,2026-05-16,,77.14,hist_backfill,0.001428,2026-05-09,,-0.045372,0.222453,0.069095,0.208063,0.401996,0.279362,0.461369,0.451517,2,HOOD@2026-W20,28,0.021569,-0.066941,0.067122,0.155331,0.014269,0.054826,-0.010315,0.218378,0.004574,0.397422,-0.046622,0.325984,-0.018337,0.479706,-0.007325,0.458842,0.000714
HOOD:D4:2026-05-15,HOOD,D4,D,明顯受損,False,0.9,False,x-ai/grok-4.5,False,,2026-05-15,partially_supported,Inconclusive,0,lateral,0,True,1,,1,2026-05-16,,77.14,hist_backfill,0.001428,2026-05-09,,-0.045372,0.222453,0.069095,0.208063,0.401996,0.279362,0.461369,0.451517,2,HOOD@2026-W20,28,0.021569,-0.066941,0.067122,0.155331,0.014269,0.054826,-0.010315,0.218378,0.004574,0.397422,-0.046622,0.325984,-0.018337,0.479706,-0.007325,0.458842,0.000714
HOOD:D4:2026-05-16,HOOD,D4,D,明顯受損,False,0.9,False,x-ai/grok-4.5,False,,2026-05-16,Inconclusive,Trending positive,1,upgrade,1,True,,1,0,2026-05-16,,77.14,hist_backfill,0.001428,2026-05-09,,-0.045372,0.222453,0.069095,0.208063,0.401996,0.279362,0.461369,0.451517,2,HOOD@2026-W20,28,0.021569,-0.066941,0.067122,0.155331,0.014269,0.054826,-0.010315,0.218378,0.004574,0.397422,-0.046622,0.325984,-0.018337,0.479706,-0.007325,0.458842,0.000714
IBM:A2:2026-07-18,IBM,A2,A,重創,False,1.6,False,deepseek/deepseek-v4-pro,True,,2026-07-18,Inconclusive,Trending negative,-1,downgrade,0,False,,,0,2026-07-18,0.594,212.67,live,-0.260433,2026-07-11,-0.2086,,0.007147,0.051629,,,,,,2,IBM@2026-W29,3,0.030292,,-0.015403,0.02255,-0.006025,0.057654,-0.042566,,0.098491,,,,,,,,-0.20915
IBM:B1:2026-07-18,IBM,B1,B,明顯受損,False,0.9,False,deepseek/deepseek-v4-pro,True,,2026-07-18,Trending positive,Trending negative,-2,downgrade,0,False,,,0,2026-07-18,0.594,212.67,live,-0.260433,2026-07-11,-0.2086,,0.007147,0.051629,,,,,,2,IBM@2026-W29,3,0.030292,,-0.015403,0.02255,-0.006025,0.057654,-0.042566,,0.098491,,,,,,,,-0.20915
IBM:B3:2026-07-18,IBM,B3,B,明顯受損,False,0.9,False,deepseek/deepseek-v4-pro,True,,2026-07-18,Inconclusive,Trending negative,-1,downgrade,0,False,,,0,2026-07-18,0.594,212.67,live,-0.260433,2026-07-11,-0.2086,,0.007147,0.051629,,,,,,2,IBM@2026-W29,3,0.030292,,-0.015403,0.02255,-0.006025,0.057654,-0.042566,,0.098491,,,,,,,,-0.20915
IFNNY:C3:2026-07-25,IFNNY,C3,C,重創,False,1.6,False,x-ai/grok-4.3,False,,2026-07-25,Trending positive,Validated,1,upgrade,0,False,,,0,2026-07-25,0.0472,72.06,live,,2026-07-24,0.0,-0.011518,,,,,,,,2,IFNNY@2026-W30,1,0.001231,-0.012749,-0.005814,,0.170049,,,,,,,,,,,,
INTC:A1:2026-05-12,INTC,A1,A,致命,False,2.5,True,x-ai/grok-4.5,False,,2026-05-12,supported,Validated,0,lateral,5,True,,,4,2026-05-16,,108.77,hist_backfill,-0.129283,2026-05-09,,0.101774,0.054335,-0.08826,0.145261,0.231865,0.179737,0.106463,0.009837,2,INTC@2026-W20,15,0.021569,0.080205,0.067122,-0.012787,0.014269,-0.102529,-0.010315,0.155576,0.004574,0.227291,-0.046622,0.226359,-0.018337,0.1248,-0.007325,0.017162,-0.129997
INTC:A2:2026-05-12,INTC,A2,A,致命,False,2.5,False,x-ai/grok-4.5,False,,2026-05-12,supported,Validated,0,lateral,5,True,,,4,2026-05-16,,108.77,hist_backfill,-0.129283,2026-05-09,,0.101774,0.054335,-0.08826,0.145261,0.231865,0.179737,0.106463,0.009837,2,INTC@2026-W20,15,0.021569,0.080205,0.067122,-0.012787,0.014269,-0.102529,-0.010315,0.155576,0.004574,0.227291,-0.046622,0.226359,-0.018337,0.1248,-0.007325,0.017162,-0.129997
INTC:A3:2026-05-12,INTC,A3,A,致命,False,2.5,False,x-ai/grok-4.5,False,,2026-05-12,partially_supported,Trending positive,1,upgrade,5,True,,,4,2026-05-16,,108.77,hist_backfill,-0.129283,2026-05-09,,0.101774,0.054335,-0.08826,0.145261,0.231865,0.179737,0.106463,0.009837,2,INTC@2026-W20,15,0.021569,0.080205,0.067122,-0.012787,0.014269,-0.102529,-0.010315,0.155576,0.004574,0.227291,-0.046622,0.226359,-0.018337,0.1248,-0.007325,0.017162,-0.129997
INTC:B1:2026-05-12,INTC,B1,B,輕微,False,0.4,False,x-ai/grok-4.5,False,,2026-05-12,supported,Validated,0,lateral,5,True,,,4,2026-05-16,,108.77,hist_backfill,-0.129283,2026-05-09,,0.101774,0.054335,-0.08826,0.145261,0.231865,0.179737,0.106463,0.009837,2,INTC@2026-W20,15,0.021569,0.080205,0.067122,-0.012787,0.014269,-0.102529,-0.010315,0.155576,0.004574,0.227291,-0.046622,0.226359,-0.018337,0.1248,-0.007325,0.017162,-0.129997
INTC:B2:2026-05-12,INTC,B2,B,輕微,False,0.4,False,x-ai/grok-4.5,False,,2026-05-12,supported,Validated,0,lateral,5,True,,,4,2026-05-16,,108.77,hist_backfill,-0.129283,2026-05-09,,0.101774,0.054335,-0.08826,0.145261,0.231865,0.179737,0.106463,0.009837,2,INTC@2026-W20,15,0.021569,0.080205,0.067122,-0.012787,0.014269,-0.102529,-0.010315,0.155576,0.004574,0.227291,-0.046622,0.226359,-0.018337,0.1248,-0.007325,0.017162,-0.129997
INTC:B3:2026-05-12,INTC,B3,B,輕微,False,0.4,False,x-ai/grok-4.5,False,,2026-05-12,partially_supported,Trending positive,1,upgrade,5,True,,,4,2026-05-16,,108.77,hist_backfill,-0.129283,2026-05-09,,0.101774,0.054335,-0.08826,0.145261,0.231865,0.179737,0.106463,0.009837,2,INTC@2026-W20,15,0.021569,0.080205,0.067122,-0.012787,0.014269,-0.102529,-0.010315,0.155576,0.004574,0.227291,-0.046622,0.226359,-0.018337,0.1248,-0.007325,0.017162,-0.129997
INTC:C1:2026-05-07,INTC,C1,C,重創,False,1.6,False,x-ai/grok-4.5,False,,2026-05-07,partially_supported,supported,2,upgrade,0,True,5,,2,2026-05-09,,124.92,hist_backfill,0.253965,2026-05-02,,-0.129283,-0.040666,-0.081972,-0.206132,-0.002802,0.072606,0.027217,-0.036583,2,INTC@2026-W19,2,0.000714,-0.129997,0.022903,-0.063569,0.063736,-0.145708,0.022851,-0.228983,0.018774,-0.021576,0.039023,0.033583,-0.014805,0.042022,-0.010483,-0.0261,0.228925
INTC:C1:2026-05-12,INTC,C1,C,重創,False,1.6,False,x-ai/grok-4.5,False,,2026-05-12,supported,Validated,0,lateral,5,True,,5,4,2026-05-16,,108.77,hist_backfill,-0.129283,2026-05-09,,0.101774,0.054335,-0.08826,0.145261,0.231865,0.179737,0.106463,0.009837,2,INTC@2026-W20,15,0.021569,0.080205,0.067122,-0.012787,0.014269,-0.102529,-0.010315,0.155576,0.004574,0.227291,-0.046622,0.226359,-0.018337,0.1248,-0.007325,0.017162,-0.129997
INTC:C2:2026-05-12,INTC,C2,C,重創,False,1.6,False,x-ai/grok-4.5,False,,2026-05-12,partially_supported,Trending positive,1,upgrade,5,True,,,4,2026-05-16,,108.77,hist_backfill,-0.129283,2026-05-09,,0.101774,0.054335,-0.08826,0.145261,0.231865,0.179737,0.106463,0.009837,2,INTC@2026-W20,15,0.021569,0.080205,0.067122,-0.012787,0.014269,-0.102529,-0.010315,0.155576,0.004574,0.227291,-0.046622,0.226359,-0.018337,0.1248,-0.007325,0.017162,-0.129997
INTC:C3:2026-05-12,INTC,C3,C,重創,False,1.6,False,x-ai/grok-4.5,False,,2026-05-12,supported,Validated,0,lateral,5,True,,,4,2026-05-16,,108.77,hist_backfill,-0.129283,2026-05-09,,0.101774,0.054335,-0.08826,0.145261,0.231865,0.179737,0.106463,0.009837,2,INTC@2026-W20,15,0.021569,0.080205,0.067122,-0.012787,0.014269,-0.102529,-0.010315,0.155576,0.004574,0.227291,-0.046622,0.226359,-0.018337,0.1248,-0.007325,0.017162,-0.129997
INTC:D1:2026-05-12,INTC,D1,D,邊緣,False,0.15,False,x-ai/grok-4.5,False,,2026-05-12,partially_supported,Trending positive,1,upgrade,5,True,,,4,2026-05-16,,108.77,hist_backfill,-0.129283,2026-05-09,,0.101774,0.054335,-0.08826,0.145261,0.231865,0.179737,0.106463,0.009837,2,INTC@2026-W20,15,0.021569,0.080205,0.067122,-0.012787,0.014269,-0.102529,-0.010315,0.155576,0.004574,0.227291,-0.046622,0.226359,-0.018337,0.1248,-0.007325,0.017162,-0.129997
INTC:D2:2026-05-12,INTC,D2,D,邊緣,False,0.15,False,x-ai/grok-4.5,False,,2026-05-12,partially_supported,Trending positive,1,upgrade,5,True,32,,4,2026-05-16,,108.77,hist_backfill,-0.129283,2026-05-09,,0.101774,0.054335,-0.08826,0.145261,0.231865,0.179737,0.106463,0.009837,2,INTC@2026-W20,15,0.021569,0.080205,0.067122,-0.012787,0.014269,-0.102529,-0.010315,0.155576,0.004574,0.227291,-0.046622,0.226359,-0.018337,0.1248,-0.007325,0.017162,-0.129997
INTC:D2:2026-06-13,INTC,D2,D,邊緣,False,0.15,False,x-ai/grok-4.5,False,,2026-06-13,Trending positive,Falsified,-4,downgrade,37,False,,32,0,2026-06-13,,124.57,hist_backfill,0.256126,2026-06-06,,0.07562,0.030104,-0.033877,-0.118247,-0.237055,-0.237055,-0.195392,-0.258891,2,INTC@2026-W24,1,0.018061,0.057559,-0.028848,0.058952,-0.011015,-0.022862,-0.004343,-0.113904,-0.035788,-0.201267,-0.062963,-0.174092,-0.103216,-0.092176,-0.062595,-0.196296,0.267618
INTC:D3:2026-05-12,INTC,D3,D,邊緣,False,0.15,False,x-ai/grok-4.5,False,,2026-05-12,supported,Validated,0,lateral,5,True,,,4,2026-05-16,,108.77,hist_backfill,-0.129283,2026-05-09,,0.101774,0.054335,-0.08826,0.145261,0.231865,0.179737,0.106463,0.009837,2,INTC@2026-W20,15,0.021569,0.080205,0.067122,-0.012787,0.014269,-0.102529,-0.010315,0.155576,0.004574,0.227291,-0.046622,0.226359,-0.018337,0.1248,-0.007325,0.017162,-0.129997
INTC:E1:2026-05-12,INTC,E1,E,重創,False,1.6,False,x-ai/grok-4.5,False,,2026-05-12,supported,Validated,0,lateral,5,True,,,4,2026-05-16,,108.77,hist_backfill,-0.129283,2026-05-09,,0.101774,0.054335,-0.08826,0.145261,0.231865,0.179737,0.106463,0.009837,2,INTC@2026-W20,15,0.021569,0.080205,0.067122,-0.012787,0.014269,-0.102529,-0.010315,0.155576,0.004574,0.227291,-0.046622,0.226359,-0.018337,0.1248,-0.007325,0.017162,-0.129997
INTC:E2:2026-05-12,INTC,E2,E,重創,False,1.6,False,x-ai/grok-4.5,False,,2026-05-12,supported,Validated,0,lateral,5,True,,,4,2026-05-16,,108.77,hist_backfill,-0.129283,2026-05-09,,0.101774,0.054335,-0.08826,0.145261,0.231865,0.179737,0.106463,0.009837,2,INTC@2026-W20,15,0.021569,0.080205,0.067122,-0.012787,0.014269,-0.102529,-0.010315,0.155576,0.004574,0.227291,-0.046622,0.226359,-0.018337,0.1248,-0.007325,0.017162,-0.129997
INTC:E3:2026-05-07,INTC,E3,E,重創,False,1.6,False,x-ai/grok-4.5,False,,2026-05-07,partially_supported,supported,2,upgrade,0,True,5,,2,2026-05-09,,124.92,hist_backfill,0.253965,2026-05-02,,-0.129283,-0.040666,-0.081972,-0.206132,-0.002802,0.072606,0.027217,-0.036583,2,INTC@2026-W19,2,0.000714,-0.129997,0.022903,-0.063569,0.063736,-0.145708,0.022851,-0.228983,0.018774,-0.021576,0.039023,0.033583,-0.014805,0.042022,-0.010483,-0.0261,0.228925
INTC:E3:2026-05-12,INTC,E3,E,重創,False,1.6,False,x-ai/grok-4.5,False,,2026-05-12,supported,Validated,0,lateral,5,True,,5,4,2026-05-16,,108.77,hist_backfill,-0.129283,2026-05-09,,0.101774,0.054335,-0.08826,0.145261,0.231865,0.179737,0.106463,0.009837,2,INTC@2026-W20,15,0.021569,0.080205,0.067122,-0.012787,0.014269,-0.102529,-0.010315,0.155576,0.004574,0.227291,-0.046622,0.226359,-0.018337,0.1248,-0.007325,0.017162,-0.129997
ISRG:A1:2026-05-15,ISRG,A1,A,致命,False,2.5,True,x-ai/grok-4.5,False,,2026-05-15,partially_supported,Inconclusive,0,lateral,0,True,1,,1,2026-05-16,,421.12,hist_backfill,-0.064303,2026-05-09,,0.040321,0.008359,0.002232,-0.023889,-0.034052,-0.038991,0.011612,-0.034052,2,ISRG@2026-W20,26,0.021569,0.018752,0.067122,-0.058763,0.014269,-0.012037,-0.010315,-0.013574,0.004574,-0.038626,-0.046622,0.007631,-0.018337,0.029949,-0.007325,-0.026727,-0.065017
ISRG:A1:2026-05-16,ISRG,A1,A,致命,False,2.5,True,x-ai/grok-4.5,False,,2026-05-16,Inconclusive,Trending positive,1,upgrade,1,True,,1,0,2026-05-16,,421.12,hist_backfill,-0.064303,2026-05-09,,0.040321,0.008359,0.002232,-0.023889,-0.034052,-0.038991,0.011612,-0.034052,2,ISRG@2026-W20,26,0.021569,0.018752,0.067122,-0.058763,0.014269,-0.012037,-0.010315,-0.013574,0.004574,-0.038626,-0.046622,0.007631,-0.018337,0.029949,-0.007325,-0.026727,-0.065017
ISRG:A2:2026-05-15,ISRG,A2,A,致命,False,2.5,False,x-ai/grok-4.5,False,,2026-05-15,partially_supported,Inconclusive,0,lateral,0,True,1,,1,2026-05-16,,421.12,hist_backfill,-0.064303,2026-05-09,,0.040321,0.008359,0.002232,-0.023889,-0.034052,-0.038991,0.011612,-0.034052,2,ISRG@2026-W20,26,0.021569,0.018752,0.067122,-0.058763,0.014269,-0.012037,-0.010315,-0.013574,0.004574,-0.038626,-0.046622,0.007631,-0.018337,0.029949,-0.007325,-0.026727,-0.065017
ISRG:A2:2026-05-16,ISRG,A2,A,致命,False,2.5,False,x-ai/grok-4.5,False,,2026-05-16,Inconclusive,Trending positive,1,upgrade,1,True,,1,0,2026-05-16,,421.12,hist_backfill,-0.064303,2026-05-09,,0.040321,0.008359,0.002232,-0.023889,-0.034052,-0.038991,0.011612,-0.034052,2,ISRG@2026-W20,26,0.021569,0.018752,0.067122,-0.058763,0.014269,-0.012037,-0.010315,-0.013574,0.004574,-0.038626,-0.046622,0.007631,-0.018337,0.029949,-0.007325,-0.026727,-0.065017
ISRG:A3:2026-05-15,ISRG,A3,A,致命,False,2.5,False,x-ai/grok-4.5,False,,2026-05-15,supported,Validated,0,lateral,0,True,1,,1,2026-05-16,,421.12,hist_backfill,-0.064303,2026-05-09,,0.040321,0.008359,0.002232,-0.023889,-0.034052,-0.038991,0.011612,-0.034052,2,ISRG@2026-W20,26,0.021569,0.018752,0.067122,-0.058763,0.014269,-0.012037,-0.010315,-0.013574,0.004574,-0.038626,-0.046622,0.007631,-0.018337,0.029949,-0.007325,-0.026727,-0.065017
ISRG:A3:2026-05-16,ISRG,A3,A,致命,False,2.5,False,x-ai/grok-4.5,False,,2026-05-16,Validated,Validated,0,lateral,1,True,,1,0,2026-05-16,,421.12,hist_backfill,-0.064303,2026-05-09,,0.040321,0.008359,0.002232,-0.023889,-0.034052,-0.038991,0.011612,-0.034052,2,ISRG@2026-W20,26,0.021569,0.018752,0.067122,-0.058763,0.014269,-0.012037,-0.010315,-0.013574,0.004574,-0.038626,-0.046622,0.007631,-0.018337,0.029949,-0.007325,-0.026727,-0.065017
ISRG:B1:2026-05-15,ISRG,B1,B,明顯受損,False,0.9,False,x-ai/grok-4.5,False,,2026-05-15,supported,Validated,0,lateral,0,True,1,,1,2026-05-16,,421.12,hist_backfill,-0.064303,2026-05-09,,0.040321,0.008359,0.002232,-0.023889,-0.034052,-0.038991,0.011612,-0.034052,2,ISRG@2026-W20,26,0.021569,0.018752,0.067122,-0.058763,0.014269,-0.012037,-0.010315,-0.013574,0.004574,-0.038626,-0.046622,0.007631,-0.018337,0.029949,-0.007325,-0.026727,-0.065017
ISRG:B1:2026-05-16,ISRG,B1,B,明顯受損,False,0.9,False,x-ai/grok-4.5,False,,2026-05-16,Validated,Trending negative,-3,downgrade,1,True,70,1,0,2026-05-16,,421.12,hist_backfill,-0.064303,2026-05-09,,0.040321,0.008359,0.002232,-0.023889,-0.034052,-0.038991,0.011612,-0.034052,2,ISRG@2026-W20,26,0.021569,0.018752,0.067122,-0.058763,0.014269,-0.012037,-0.010315,-0.013574,0.004574,-0.038626,-0.046622,0.007631,-0.018337,0.029949,-0.007325,-0.026727,-0.065017
ISRG:B1:2026-07-25,ISRG,B1,B,明顯受損,False,0.9,False,x-ai/grok-4.3,False,,2026-07-25,Trending negative,Approaching falsification,-1,downgrade,71,False,,70,0,2026-07-25,0.6332,337.5,live,-0.022929,2026-07-22,0.0,0.046904,,,,,,,,2,ISRG@2026-W30,1,0.001231,0.045673,-0.005814,,0.170049,,,,,,,,,,,,-0.006409
ISRG:B2:2026-05-15,ISRG,B2,B,明顯受損,False,0.9,False,x-ai/grok-4.5,False,,2026-05-15,supported,Validated,0,lateral,0,True,1,,1,2026-05-16,,421.12,hist_backfill,-0.064303,2026-05-09,,0.040321,0.008359,0.002232,-0.023889,-0.034052,-0.038991,0.011612,-0.034052,2,ISRG@2026-W20,26,0.021569,0.018752,0.067122,-0.058763,0.014269,-0.012037,-0.010315,-0.013574,0.004574,-0.038626,-0.046622,0.007631,-0.018337,0.029949,-0.007325,-0.026727,-0.065017
ISRG:B2:2026-05-16,ISRG,B2,B,明顯受損,False,0.9,False,x-ai/grok-4.5,False,,2026-05-16,Validated,Validated,0,lateral,1,True,,1,0,2026-05-16,,421.12,hist_backfill,-0.064303,2026-05-09,,0.040321,0.008359,0.002232,-0.023889,-0.034052,-0.038991,0.011612,-0.034052,2,ISRG@2026-W20,26,0.021569,0.018752,0.067122,-0.058763,0.014269,-0.012037,-0.010315,-0.013574,0.004574,-0.038626,-0.046622,0.007631,-0.018337,0.029949,-0.007325,-0.026727,-0.065017
ISRG:B3:2026-05-15,ISRG,B3,B,明顯受損,False,0.9,False,x-ai/grok-4.5,False,,2026-05-15,supported,Validated,0,lateral,0,True,1,,1,2026-05-16,,421.12,hist_backfill,-0.064303,2026-05-09,,0.040321,0.008359,0.002232,-0.023889,-0.034052,-0.038991,0.011612,-0.034052,2,ISRG@2026-W20,26,0.021569,0.018752,0.067122,-0.058763,0.014269,-0.012037,-0.010315,-0.013574,0.004574,-0.038626,-0.046622,0.007631,-0.018337,0.029949,-0.007325,-0.026727,-0.065017
ISRG:B3:2026-05-16,ISRG,B3,B,明顯受損,False,0.9,False,x-ai/grok-4.5,False,,2026-05-16,Validated,Validated,0,lateral,1,True,,1,0,2026-05-16,,421.12,hist_backfill,-0.064303,2026-05-09,,0.040321,0.008359,0.002232,-0.023889,-0.034052,-0.038991,0.011612,-0.034052,2,ISRG@2026-W20,26,0.021569,0.018752,0.067122,-0.058763,0.014269,-0.012037,-0.010315,-0.013574,0.004574,-0.038626,-0.046622,0.007631,-0.018337,0.029949,-0.007325,-0.026727,-0.065017
ISRG:B4:2026-05-15,ISRG,B4,B,明顯受損,False,0.9,False,x-ai/grok-4.5,False,,2026-05-15,partially_supported,Inconclusive,0,lateral,0,True,1,,1,2026-05-16,,421.12,hist_backfill,-0.064303,2026-05-09,,0.040321,0.008359,0.002232,-0.023889,-0.034052,-0.038991,0.011612,-0.034052,2,ISRG@2026-W20,26,0.021569,0.018752,0.067122,-0.058763,0.014269,-0.012037,-0.010315,-0.013574,0.004574,-0.038626,-0.046622,0.007631,-0.018337,0.029949,-0.007325,-0.026727,-0.065017
ISRG:B4:2026-05-16,ISRG,B4,B,明顯受損,False,0.9,False,x-ai/grok-4.5,False,,2026-05-16,Inconclusive,Trending positive,1,upgrade,1,True,,1,0,2026-05-16,,421.12,hist_backfill,-0.064303,2026-05-09,,0.040321,0.008359,0.002232,-0.023889,-0.034052,-0.038991,0.011612,-0.034052,2,ISRG@2026-W20,26,0.021569,0.018752,0.067122,-0.058763,0.014269,-0.012037,-0.010315,-0.013574,0.004574,-0.038626,-0.046622,0.007631,-0.018337,0.029949,-0.007325,-0.026727,-0.065017
ISRG:C1:2026-05-15,ISRG,C1,C,明顯受損,False,0.9,False,x-ai/grok-4.5,False,,2026-05-15,supported,Validated,0,lateral,0,True,1,,1,2026-05-16,,421.12,hist_backfill,-0.064303,2026-05-09,,0.040321,0.008359,0.002232,-0.023889,-0.034052,-0.038991,0.011612,-0.034052,2,ISRG@2026-W20,26,0.021569,0.018752,0.067122,-0.058763,0.014269,-0.012037,-0.010315,-0.013574,0.004574,-0.038626,-0.046622,0.007631,-0.018337,0.029949,-0.007325,-0.026727,-0.065017
ISRG:C1:2026-05-16,ISRG,C1,C,明顯受損,False,0.9,False,x-ai/grok-4.5,False,,2026-05-16,Validated,Validated,0,lateral,1,True,,1,0,2026-05-16,,421.12,hist_backfill,-0.064303,2026-05-09,,0.040321,0.008359,0.002232,-0.023889,-0.034052,-0.038991,0.011612,-0.034052,2,ISRG@2026-W20,26,0.021569,0.018752,0.067122,-0.058763,0.014269,-0.012037,-0.010315,-0.013574,0.004574,-0.038626,-0.046622,0.007631,-0.018337,0.029949,-0.007325,-0.026727,-0.065017
ISRG:C2:2026-05-15,ISRG,C2,C,明顯受損,False,0.9,False,x-ai/grok-4.5,False,,2026-05-15,supported,Validated,0,lateral,0,True,1,,1,2026-05-16,,421.12,hist_backfill,-0.064303,2026-05-09,,0.040321,0.008359,0.002232,-0.023889,-0.034052,-0.038991,0.011612,-0.034052,2,ISRG@2026-W20,26,0.021569,0.018752,0.067122,-0.058763,0.014269,-0.012037,-0.010315,-0.013574,0.004574,-0.038626,-0.046622,0.007631,-0.018337,0.029949,-0.007325,-0.026727,-0.065017
ISRG:C2:2026-05-16,ISRG,C2,C,明顯受損,False,0.9,False,x-ai/grok-4.5,False,,2026-05-16,Validated,Validated,0,lateral,1,True,,1,0,2026-05-16,,421.12,hist_backfill,-0.064303,2026-05-09,,0.040321,0.008359,0.002232,-0.023889,-0.034052,-0.038991,0.011612,-0.034052,2,ISRG@2026-W20,26,0.021569,0.018752,0.067122,-0.058763,0.014269,-0.012037,-0.010315,-0.013574,0.004574,-0.038626,-0.046622,0.007631,-0.018337,0.029949,-0.007325,-0.026727,-0.065017
ISRG:C3:2026-05-15,ISRG,C3,C,明顯受損,False,0.9,False,x-ai/grok-4.5,False,,2026-05-15,partially_supported,Inconclusive,0,lateral,0,True,1,,1,2026-05-16,,421.12,hist_backfill,-0.064303,2026-05-09,,0.040321,0.008359,0.002232,-0.023889,-0.034052,-0.038991,0.011612,-0.034052,2,ISRG@2026-W20,26,0.021569,0.018752,0.067122,-0.058763,0.014269,-0.012037,-0.010315,-0.013574,0.004574,-0.038626,-0.046622,0.007631,-0.018337,0.029949,-0.007325,-0.026727,-0.065017
ISRG:C3:2026-05-16,ISRG,C3,C,明顯受損,False,0.9,False,x-ai/grok-4.5,False,,2026-05-16,Inconclusive,Trending positive,1,upgrade,1,True,,1,0,2026-05-16,,421.12,hist_backfill,-0.064303,2026-05-09,,0.040321,0.008359,0.002232,-0.023889,-0.034052,-0.038991,0.011612,-0.034052,2,ISRG@2026-W20,26,0.021569,0.018752,0.067122,-0.058763,0.014269,-0.012037,-0.010315,-0.013574,0.004574,-0.038626,-0.046622,0.007631,-0.018337,0.029949,-0.007325,-0.026727,-0.065017
ISRG:D1:2026-05-15,ISRG,D1,D,邊緣,False,0.15,False,x-ai/grok-4.5,False,,2026-05-15,partially_supported,Inconclusive,0,lateral,0,True,1,,1,2026-05-16,,421.12,hist_backfill,-0.064303,2026-05-09,,0.040321,0.008359,0.002232,-0.023889,-0.034052,-0.038991,0.011612,-0.034052,2,ISRG@2026-W20,26,0.021569,0.018752,0.067122,-0.058763,0.014269,-0.012037,-0.010315,-0.013574,0.004574,-0.038626,-0.046622,0.007631,-0.018337,0.029949,-0.007325,-0.026727,-0.065017
ISRG:D1:2026-05-16,ISRG,D1,D,邊緣,False,0.15,False,x-ai/grok-4.5,False,,2026-05-16,Inconclusive,Trending positive,1,upgrade,1,True,,1,0,2026-05-16,,421.12,hist_backfill,-0.064303,2026-05-09,,0.040321,0.008359,0.002232,-0.023889,-0.034052,-0.038991,0.011612,-0.034052,2,ISRG@2026-W20,26,0.021569,0.018752,0.067122,-0.058763,0.014269,-0.012037,-0.010315,-0.013574,0.004574,-0.038626,-0.046622,0.007631,-0.018337,0.029949,-0.007325,-0.026727,-0.065017
ISRG:D2:2026-05-15,ISRG,D2,D,邊緣,False,0.15,False,x-ai/grok-4.5,False,,2026-05-15,partially_supported,Inconclusive,0,lateral,0,True,1,,1,2026-05-16,,421.12,hist_backfill,-0.064303,2026-05-09,,0.040321,0.008359,0.002232,-0.023889,-0.034052,-0.038991,0.011612,-0.034052,2,ISRG@2026-W20,26,0.021569,0.018752,0.067122,-0.058763,0.014269,-0.012037,-0.010315,-0.013574,0.004574,-0.038626,-0.046622,0.007631,-0.018337,0.029949,-0.007325,-0.026727,-0.065017
ISRG:D2:2026-05-16,ISRG,D2,D,邊緣,False,0.15,False,x-ai/grok-4.5,False,,2026-05-16,Inconclusive,Trending positive,1,upgrade,1,True,,1,0,2026-05-16,,421.12,hist_backfill,-0.064303,2026-05-09,,0.040321,0.008359,0.002232,-0.023889,-0.034052,-0.038991,0.011612,-0.034052,2,ISRG@2026-W20,26,0.021569,0.018752,0.067122,-0.058763,0.014269,-0.012037,-0.010315,-0.013574,0.004574,-0.038626,-0.046622,0.007631,-0.018337,0.029949,-0.007325,-0.026727,-0.065017
ISRG:D3:2026-05-15,ISRG,D3,D,邊緣,False,0.15,False,x-ai/grok-4.5,False,,2026-05-15,supported,Validated,0,lateral,0,True,1,,1,2026-05-16,,421.12,hist_backfill,-0.064303,2026-05-09,,0.040321,0.008359,0.002232,-0.023889,-0.034052,-0.038991,0.011612,-0.034052,2,ISRG@2026-W20,26,0.021569,0.018752,0.067122,-0.058763,0.014269,-0.012037,-0.010315,-0.013574,0.004574,-0.038626,-0.046622,0.007631,-0.018337,0.029949,-0.007325,-0.026727,-0.065017
ISRG:D3:2026-05-16,ISRG,D3,D,邊緣,False,0.15,False,x-ai/grok-4.5,False,,2026-05-16,Validated,Validated,0,lateral,1,True,,1,0,2026-05-16,,421.12,hist_backfill,-0.064303,2026-05-09,,0.040321,0.008359,0.002232,-0.023889,-0.034052,-0.038991,0.011612,-0.034052,2,ISRG@2026-W20,26,0.021569,0.018752,0.067122,-0.058763,0.014269,-0.012037,-0.010315,-0.013574,0.004574,-0.038626,-0.046622,0.007631,-0.018337,0.029949,-0.007325,-0.026727,-0.065017
MDB:A1:2026-05-15,MDB,A1,A,重創,False,1.6,False,x-ai/grok-4.5,False,,2026-05-15,partially_supported,Inconclusive,0,lateral,0,True,1,,1,2026-05-16,,312.16,hist_backfill,0.042375,2026-05-09,,0.044753,0.07493,0.12359,0.098155,0.06596,0.005926,0.136853,0.095848,2,MDB@2026-W20,26,0.021569,0.023184,0.067122,0.007808,0.014269,0.109321,-0.010315,0.10847,0.004574,0.061386,-0.046622,0.052548,-0.018337,0.15519,-0.007325,0.103173,0.041661
MDB:A1:2026-05-16,MDB,A1,A,重創,False,1.6,False,x-ai/grok-4.5,False,,2026-05-16,Inconclusive,Trending positive,1,upgrade,1,True,,1,0,2026-05-16,,312.16,hist_backfill,0.042375,2026-05-09,,0.044753,0.07493,0.12359,0.098155,0.06596,0.005926,0.136853,0.095848,2,MDB@2026-W20,26,0.021569,0.023184,0.067122,0.007808,0.014269,0.109321,-0.010315,0.10847,0.004574,0.061386,-0.046622,0.052548,-0.018337,0.15519,-0.007325,0.103173,0.041661
MDB:A2:2026-05-15,MDB,A2,A,重創,False,1.6,False,x-ai/grok-4.5,False,,2026-05-15,supported,Validated,0,lateral,0,True,1,,1,2026-05-16,,312.16,hist_backfill,0.042375,2026-05-09,,0.044753,0.07493,0.12359,0.098155,0.06596,0.005926,0.136853,0.095848,2,MDB@2026-W20,26,0.021569,0.023184,0.067122,0.007808,0.014269,0.109321,-0.010315,0.10847,0.004574,0.061386,-0.046622,0.052548,-0.018337,0.15519,-0.007325,0.103173,0.041661
MDB:A2:2026-05-16,MDB,A2,A,重創,False,1.6,False,x-ai/grok-4.5,False,,2026-05-16,Validated,Validated,0,lateral,1,True,,1,0,2026-05-16,,312.16,hist_backfill,0.042375,2026-05-09,,0.044753,0.07493,0.12359,0.098155,0.06596,0.005926,0.136853,0.095848,2,MDB@2026-W20,26,0.021569,0.023184,0.067122,0.007808,0.014269,0.109321,-0.010315,0.10847,0.004574,0.061386,-0.046622,0.052548,-0.018337,0.15519,-0.007325,0.103173,0.041661
MDB:A3:2026-05-15,MDB,A3,A,重創,False,1.6,False,x-ai/grok-4.5,False,,2026-05-15,partially_supported,Inconclusive,0,lateral,0,True,1,,1,2026-05-16,,312.16,hist_backfill,0.042375,2026-05-09,,0.044753,0.07493,0.12359,0.098155,0.06596,0.005926,0.136853,0.095848,2,MDB@2026-W20,26,0.021569,0.023184,0.067122,0.007808,0.014269,0.109321,-0.010315,0.10847,0.004574,0.061386,-0.046622,0.052548,-0.018337,0.15519,-0.007325,0.103173,0.041661
MDB:A3:2026-05-16,MDB,A3,A,重創,False,1.6,False,x-ai/grok-4.5,False,,2026-05-16,Inconclusive,Trending positive,1,upgrade,1,True,,1,0,2026-05-16,,312.16,hist_backfill,0.042375,2026-05-09,,0.044753,0.07493,0.12359,0.098155,0.06596,0.005926,0.136853,0.095848,2,MDB@2026-W20,26,0.021569,0.023184,0.067122,0.007808,0.014269,0.109321,-0.010315,0.10847,0.004574,0.061386,-0.046622,0.052548,-0.018337,0.15519,-0.007325,0.103173,0.041661
MDB:B1:2026-05-15,MDB,B1,B,致命,False,2.5,False,x-ai/grok-4.5,False,,2026-05-15,partially_supported,Inconclusive,0,lateral,0,True,1,,1,2026-05-16,,312.16,hist_backfill,0.042375,2026-05-09,,0.044753,0.07493,0.12359,0.098155,0.06596,0.005926,0.136853,0.095848,2,MDB@2026-W20,26,0.021569,0.023184,0.067122,0.007808,0.014269,0.109321,-0.010315,0.10847,0.004574,0.061386,-0.046622,0.052548,-0.018337,0.15519,-0.007325,0.103173,0.041661
MDB:B1:2026-05-16,MDB,B1,B,致命,False,2.5,False,x-ai/grok-4.5,False,,2026-05-16,Inconclusive,Inconclusive,0,lateral,1,True,,1,0,2026-05-16,,312.16,hist_backfill,0.042375,2026-05-09,,0.044753,0.07493,0.12359,0.098155,0.06596,0.005926,0.136853,0.095848,2,MDB@2026-W20,26,0.021569,0.023184,0.067122,0.007808,0.014269,0.109321,-0.010315,0.10847,0.004574,0.061386,-0.046622,0.052548,-0.018337,0.15519,-0.007325,0.103173,0.041661
MDB:B2:2026-05-15,MDB,B2,B,致命,False,2.5,True,x-ai/grok-4.5,False,,2026-05-15,partially_supported,Inconclusive,0,lateral,0,True,1,,1,2026-05-16,,312.16,hist_backfill,0.042375,2026-05-09,,0.044753,0.07493,0.12359,0.098155,0.06596,0.005926,0.136853,0.095848,2,MDB@2026-W20,26,0.021569,0.023184,0.067122,0.007808,0.014269,0.109321,-0.010315,0.10847,0.004574,0.061386,-0.046622,0.052548,-0.018337,0.15519,-0.007325,0.103173,0.041661
MDB:B2:2026-05-16,MDB,B2,B,致命,False,2.5,True,x-ai/grok-4.5,False,,2026-05-16,Inconclusive,Trending positive,1,upgrade,1,True,,1,0,2026-05-16,,312.16,hist_backfill,0.042375,2026-05-09,,0.044753,0.07493,0.12359,0.098155,0.06596,0.005926,0.136853,0.095848,2,MDB@2026-W20,26,0.021569,0.023184,0.067122,0.007808,0.014269,0.109321,-0.010315,0.10847,0.004574,0.061386,-0.046622,0.052548,-0.018337,0.15519,-0.007325,0.103173,0.041661
MDB:B3:2026-05-15,MDB,B3,B,致命,False,2.5,False,x-ai/grok-4.5,False,,2026-05-15,partially_supported,Inconclusive,0,lateral,0,True,1,,1,2026-05-16,,312.16,hist_backfill,0.042375,2026-05-09,,0.044753,0.07493,0.12359,0.098155,0.06596,0.005926,0.136853,0.095848,2,MDB@2026-W20,26,0.021569,0.023184,0.067122,0.007808,0.014269,0.109321,-0.010315,0.10847,0.004574,0.061386,-0.046622,0.052548,-0.018337,0.15519,-0.007325,0.103173,0.041661
MDB:B3:2026-05-16,MDB,B3,B,致命,False,2.5,False,x-ai/grok-4.5,False,,2026-05-16,Inconclusive,Trending positive,1,upgrade,1,True,,1,0,2026-05-16,,312.16,hist_backfill,0.042375,2026-05-09,,0.044753,0.07493,0.12359,0.098155,0.06596,0.005926,0.136853,0.095848,2,MDB@2026-W20,26,0.021569,0.023184,0.067122,0.007808,0.014269,0.109321,-0.010315,0.10847,0.004574,0.061386,-0.046622,0.052548,-0.018337,0.15519,-0.007325,0.103173,0.041661
MDB:B4:2026-05-15,MDB,B4,B,致命,False,2.5,True,x-ai/grok-4.5,False,,2026-05-15,partially_supported,Inconclusive,0,lateral,0,True,1,,1,2026-05-16,,312.16,hist_backfill,0.042375,2026-05-09,,0.044753,0.07493,0.12359,0.098155,0.06596,0.005926,0.136853,0.095848,2,MDB@2026-W20,26,0.021569,0.023184,0.067122,0.007808,0.014269,0.109321,-0.010315,0.10847,0.004574,0.061386,-0.046622,0.052548,-0.018337,0.15519,-0.007325,0.103173,0.041661
MDB:B4:2026-05-16,MDB,B4,B,致命,False,2.5,True,x-ai/grok-4.5,False,,2026-05-16,Inconclusive,Trending positive,1,upgrade,1,True,,1,0,2026-05-16,,312.16,hist_backfill,0.042375,2026-05-09,,0.044753,0.07493,0.12359,0.098155,0.06596,0.005926,0.136853,0.095848,2,MDB@2026-W20,26,0.021569,0.023184,0.067122,0.007808,0.014269,0.109321,-0.010315,0.10847,0.004574,0.061386,-0.046622,0.052548,-0.018337,0.15519,-0.007325,0.103173,0.041661
MDB:C1:2026-05-15,MDB,C1,C,明顯受損,False,0.9,False,x-ai/grok-4.5,False,,2026-05-15,partially_supported,Inconclusive,0,lateral,0,True,1,,1,2026-05-16,,312.16,hist_backfill,0.042375,2026-05-09,,0.044753,0.07493,0.12359,0.098155,0.06596,0.005926,0.136853,0.095848,2,MDB@2026-W20,26,0.021569,0.023184,0.067122,0.007808,0.014269,0.109321,-0.010315,0.10847,0.004574,0.061386,-0.046622,0.052548,-0.018337,0.15519,-0.007325,0.103173,0.041661
MDB:C1:2026-05-16,MDB,C1,C,明顯受損,False,0.9,False,x-ai/grok-4.5,False,,2026-05-16,Inconclusive,Trending positive,1,upgrade,1,True,,1,0,2026-05-16,,312.16,hist_backfill,0.042375,2026-05-09,,0.044753,0.07493,0.12359,0.098155,0.06596,0.005926,0.136853,0.095848,2,MDB@2026-W20,26,0.021569,0.023184,0.067122,0.007808,0.014269,0.109321,-0.010315,0.10847,0.004574,0.061386,-0.046622,0.052548,-0.018337,0.15519,-0.007325,0.103173,0.041661
MDB:C2:2026-05-15,MDB,C2,C,明顯受損,False,0.9,False,x-ai/grok-4.5,False,,2026-05-15,partially_supported,Inconclusive,0,lateral,0,True,1,,1,2026-05-16,,312.16,hist_backfill,0.042375,2026-05-09,,0.044753,0.07493,0.12359,0.098155,0.06596,0.005926,0.136853,0.095848,2,MDB@2026-W20,26,0.021569,0.023184,0.067122,0.007808,0.014269,0.109321,-0.010315,0.10847,0.004574,0.061386,-0.046622,0.052548,-0.018337,0.15519,-0.007325,0.103173,0.041661
MDB:C2:2026-05-16,MDB,C2,C,明顯受損,False,0.9,False,x-ai/grok-4.5,False,,2026-05-16,Inconclusive,Trending positive,1,upgrade,1,True,,1,0,2026-05-16,,312.16,hist_backfill,0.042375,2026-05-09,,0.044753,0.07493,0.12359,0.098155,0.06596,0.005926,0.136853,0.095848,2,MDB@2026-W20,26,0.021569,0.023184,0.067122,0.007808,0.014269,0.109321,-0.010315,0.10847,0.004574,0.061386,-0.046622,0.052548,-0.018337,0.15519,-0.007325,0.103173,0.041661
MDB:C3:2026-05-15,MDB,C3,C,明顯受損,False,0.9,False,x-ai/grok-4.5,False,,2026-05-15,supported,Validated,0,lateral,0,True,1,,1,2026-05-16,,312.16,hist_backfill,0.042375,2026-05-09,,0.044753,0.07493,0.12359,0.098155,0.06596,0.005926,0.136853,0.095848,2,MDB@2026-W20,26,0.021569,0.023184,0.067122,0.007808,0.014269,0.109321,-0.010315,0.10847,0.004574,0.061386,-0.046622,0.052548,-0.018337,0.15519,-0.007325,0.103173,0.041661
MDB:C3:2026-05-16,MDB,C3,C,明顯受損,False,0.9,False,x-ai/grok-4.5,False,,2026-05-16,Validated,Trending positive,-1,downgrade,1,True,,1,0,2026-05-16,,312.16,hist_backfill,0.042375,2026-05-09,,0.044753,0.07493,0.12359,0.098155,0.06596,0.005926,0.136853,0.095848,2,MDB@2026-W20,26,0.021569,0.023184,0.067122,0.007808,0.014269,0.109321,-0.010315,0.10847,0.004574,0.061386,-0.046622,0.052548,-0.018337,0.15519,-0.007325,0.103173,0.041661
MDB:D1:2026-05-15,MDB,D1,D,重創,False,1.6,False,x-ai/grok-4.5,False,,2026-05-15,supported,Validated,0,lateral,0,True,1,,1,2026-05-16,,312.16,hist_backfill,0.042375,2026-05-09,,0.044753,0.07493,0.12359,0.098155,0.06596,0.005926,0.136853,0.095848,2,MDB@2026-W20,26,0.021569,0.023184,0.067122,0.007808,0.014269,0.109321,-0.010315,0.10847,0.004574,0.061386,-0.046622,0.052548,-0.018337,0.15519,-0.007325,0.103173,0.041661
MDB:D1:2026-05-16,MDB,D1,D,重創,False,1.6,False,x-ai/grok-4.5,False,,2026-05-16,Validated,Validated,0,lateral,1,True,,1,0,2026-05-16,,312.16,hist_backfill,0.042375,2026-05-09,,0.044753,0.07493,0.12359,0.098155,0.06596,0.005926,0.136853,0.095848,2,MDB@2026-W20,26,0.021569,0.023184,0.067122,0.007808,0.014269,0.109321,-0.010315,0.10847,0.004574,0.061386,-0.046622,0.052548,-0.018337,0.15519,-0.007325,0.103173,0.041661
MDB:D2:2026-05-15,MDB,D2,D,重創,False,1.6,False,x-ai/grok-4.5,False,,2026-05-15,supported,Validated,0,lateral,0,True,1,,1,2026-05-16,,312.16,hist_backfill,0.042375,2026-05-09,,0.044753,0.07493,0.12359,0.098155,0.06596,0.005926,0.136853,0.095848,2,MDB@2026-W20,26,0.021569,0.023184,0.067122,0.007808,0.014269,0.109321,-0.010315,0.10847,0.004574,0.061386,-0.046622,0.052548,-0.018337,0.15519,-0.007325,0.103173,0.041661
MDB:D2:2026-05-16,MDB,D2,D,重創,False,1.6,False,x-ai/grok-4.5,False,,2026-05-16,Validated,Validated,0,lateral,1,True,,1,0,2026-05-16,,312.16,hist_backfill,0.042375,2026-05-09,,0.044753,0.07493,0.12359,0.098155,0.06596,0.005926,0.136853,0.095848,2,MDB@2026-W20,26,0.021569,0.023184,0.067122,0.007808,0.014269,0.109321,-0.010315,0.10847,0.004574,0.061386,-0.046622,0.052548,-0.018337,0.15519,-0.007325,0.103173,0.041661
MDB:D3:2026-05-15,MDB,D3,D,重創,False,1.6,False,x-ai/grok-4.5,False,,2026-05-15,supported,Validated,0,lateral,0,True,1,,1,2026-05-16,,312.16,hist_backfill,0.042375,2026-05-09,,0.044753,0.07493,0.12359,0.098155,0.06596,0.005926,0.136853,0.095848,2,MDB@2026-W20,26,0.021569,0.023184,0.067122,0.007808,0.014269,0.109321,-0.010315,0.10847,0.004574,0.061386,-0.046622,0.052548,-0.018337,0.15519,-0.007325,0.103173,0.041661
MDB:D3:2026-05-16,MDB,D3,D,重創,False,1.6,False,x-ai/grok-4.5,False,,2026-05-16,Validated,Validated,0,lateral,1,True,,1,0,2026-05-16,,312.16,hist_backfill,0.042375,2026-05-09,,0.044753,0.07493,0.12359,0.098155,0.06596,0.005926,0.136853,0.095848,2,MDB@2026-W20,26,0.021569,0.023184,0.067122,0.007808,0.014269,0.109321,-0.010315,0.10847,0.004574,0.061386,-0.046622,0.052548,-0.018337,0.15519,-0.007325,0.103173,0.041661
MRVL:A1:2026-07-04,MRVL,A1,A,致命,False,2.5,False,x-ai/grok-4.5,False,,2026-07-04,Inconclusive,Approaching falsification,-2,downgrade,0,False,,,5,2026-07-09,0.6788,245.29,live,-0.080519,2026-06-27,0.0,-0.038648,-0.230788,-0.230788,-0.146643,-0.235354,,,,2,MRVL@2026-W27,1,0.002396,-0.041044,-0.031625,-0.199163,-0.030509,-0.200279,-0.05328,-0.093363,-0.048645,-0.186709,-0.068892,,0.043857,,,,-0.096948
MRVL:B1:2026-07-18,MRVL,B1,B,明顯受損,False,0.9,False,deepseek/deepseek-v4-pro,True,,2026-07-18,Trending positive,Trending negative,-2,downgrade,14,False,,,0,2026-07-18,0.6667,188.68,live,-0.199864,2026-07-11,-0.1542,,0.109392,-0.005936,,,,,,2,MRVL@2026-W29,1,0.030292,,-0.015403,0.124795,-0.006025,8.9e-05,-0.042566,,0.098491,,,,,,,,-0.148581
MSFT:A1:2026-05-15,MSFT,A1,A,致命,False,2.5,False,x-ai/grok-4.5,False,,2026-05-15,supported,Validated,0,lateral,0,True,1,,1,2026-05-16,,421.92,hist_backfill,0.016381,2026-05-09,,-0.00794,0.067122,-0.012443,-0.0739,-0.100777,-0.116017,-0.074493,-0.087268,2,MSFT@2026-W20,24,0.021569,-0.029509,0.067122,0.0,0.014269,-0.026712,-0.010315,-0.063585,0.004574,-0.105351,-0.046622,-0.069395,-0.018337,-0.056156,-0.007325,-0.079943,0.015667
MSFT:A1:2026-05-16,MSFT,A1,A,致命,False,2.5,False,x-ai/grok-4.5,False,,2026-05-16,Validated,Validated,0,lateral,1,True,,1,0,2026-05-16,,421.92,hist_backfill,0.016381,2026-05-09,,-0.00794,0.067122,-0.012443,-0.0739,-0.100777,-0.116017,-0.074493,-0.087268,2,MSFT@2026-W20,24,0.021569,-0.029509,0.067122,0.0,0.014269,-0.026712,-0.010315,-0.063585,0.004574,-0.105351,-0.046622,-0.069395,-0.018337,-0.056156,-0.007325,-0.079943,0.015667
MSFT:A2:2026-05-15,MSFT,A2,A,致命,False,2.5,False,x-ai/grok-4.5,False,,2026-05-15,supported,Validated,0,lateral,0,True,1,,1,2026-05-16,,421.92,hist_backfill,0.016381,2026-05-09,,-0.00794,0.067122,-0.012443,-0.0739,-0.100777,-0.116017,-0.074493,-0.087268,2,MSFT@2026-W20,24,0.021569,-0.029509,0.067122,0.0,0.014269,-0.026712,-0.010315,-0.063585,0.004574,-0.105351,-0.046622,-0.069395,-0.018337,-0.056156,-0.007325,-0.079943,0.015667
MSFT:A2:2026-05-16,MSFT,A2,A,致命,False,2.5,False,x-ai/grok-4.5,False,,2026-05-16,Validated,Validated,0,lateral,1,True,,1,0,2026-05-16,,421.92,hist_backfill,0.016381,2026-05-09,,-0.00794,0.067122,-0.012443,-0.0739,-0.100777,-0.116017,-0.074493,-0.087268,2,MSFT@2026-W20,24,0.021569,-0.029509,0.067122,0.0,0.014269,-0.026712,-0.010315,-0.063585,0.004574,-0.105351,-0.046622,-0.069395,-0.018337,-0.056156,-0.007325,-0.079943,0.015667
MSFT:A3:2026-05-15,MSFT,A3,A,致命,False,2.5,False,x-ai/grok-4.5,False,,2026-05-15,supported,Validated,0,lateral,0,True,1,,1,2026-05-16,,421.92,hist_backfill,0.016381,2026-05-09,,-0.00794,0.067122,-0.012443,-0.0739,-0.100777,-0.116017,-0.074493,-0.087268,2,MSFT@2026-W20,24,0.021569,-0.029509,0.067122,0.0,0.014269,-0.026712,-0.010315,-0.063585,0.004574,-0.105351,-0.046622,-0.069395,-0.018337,-0.056156,-0.007325,-0.079943,0.015667
MSFT:A3:2026-05-16,MSFT,A3,A,致命,False,2.5,False,x-ai/grok-4.5,False,,2026-05-16,Validated,Validated,0,lateral,1,True,,1,0,2026-05-16,,421.92,hist_backfill,0.016381,2026-05-09,,-0.00794,0.067122,-0.012443,-0.0739,-0.100777,-0.116017,-0.074493,-0.087268,2,MSFT@2026-W20,24,0.021569,-0.029509,0.067122,0.0,0.014269,-0.026712,-0.010315,-0.063585,0.004574,-0.105351,-0.046622,-0.069395,-0.018337,-0.056156,-0.007325,-0.079943,0.015667
MSFT:B1:2026-05-15,MSFT,B1,B,明顯受損,False,0.9,False,x-ai/grok-4.5,False,,2026-05-15,partially_supported,Inconclusive,0,lateral,0,True,1,,1,2026-05-16,,421.92,hist_backfill,0.016381,2026-05-09,,-0.00794,0.067122,-0.012443,-0.0739,-0.100777,-0.116017,-0.074493,-0.087268,2,MSFT@2026-W20,24,0.021569,-0.029509,0.067122,0.0,0.014269,-0.026712,-0.010315,-0.063585,0.004574,-0.105351,-0.046622,-0.069395,-0.018337,-0.056156,-0.007325,-0.079943,0.015667
MSFT:B1:2026-05-16,MSFT,B1,B,明顯受損,False,0.9,False,x-ai/grok-4.5,False,,2026-05-16,Inconclusive,Trending positive,1,upgrade,1,True,,1,0,2026-05-16,,421.92,hist_backfill,0.016381,2026-05-09,,-0.00794,0.067122,-0.012443,-0.0739,-0.100777,-0.116017,-0.074493,-0.087268,2,MSFT@2026-W20,24,0.021569,-0.029509,0.067122,0.0,0.014269,-0.026712,-0.010315,-0.063585,0.004574,-0.105351,-0.046622,-0.069395,-0.018337,-0.056156,-0.007325,-0.079943,0.015667
MSFT:B2:2026-05-15,MSFT,B2,B,明顯受損,False,0.9,False,x-ai/grok-4.5,False,,2026-05-15,partially_supported,Inconclusive,0,lateral,0,True,1,,1,2026-05-16,,421.92,hist_backfill,0.016381,2026-05-09,,-0.00794,0.067122,-0.012443,-0.0739,-0.100777,-0.116017,-0.074493,-0.087268,2,MSFT@2026-W20,24,0.021569,-0.029509,0.067122,0.0,0.014269,-0.026712,-0.010315,-0.063585,0.004574,-0.105351,-0.046622,-0.069395,-0.018337,-0.056156,-0.007325,-0.079943,0.015667
MSFT:B2:2026-05-16,MSFT,B2,B,明顯受損,False,0.9,False,x-ai/grok-4.5,False,,2026-05-16,Inconclusive,Trending positive,1,upgrade,1,True,74,1,0,2026-05-16,,421.92,hist_backfill,0.016381,2026-05-09,,-0.00794,0.067122,-0.012443,-0.0739,-0.100777,-0.116017,-0.074493,-0.087268,2,MSFT@2026-W20,24,0.021569,-0.029509,0.067122,0.0,0.014269,-0.026712,-0.010315,-0.063585,0.004574,-0.105351,-0.046622,-0.069395,-0.018337,-0.056156,-0.007325,-0.079943,0.015667
MSFT:B2:2026-07-29,MSFT,B2,B,明顯受損,False,0.9,False,x-ai/grok-4.3,False,earnings,2026-07-29,Trending positive,Falsified,-4,downgrade,75,False,,74,1,2026-07-30,0.5913,390.54,live,0.02316,2026-07-25,0.0,0.189942,,,,,,,,2,MSFT@2026-W31,1,0.153206,0.036736,,,,,,,,,,,,,,,0.021929
MSFT:B3:2026-05-15,MSFT,B3,B,明顯受損,False,0.9,False,x-ai/grok-4.5,False,,2026-05-15,partially_supported,Inconclusive,0,lateral,0,True,1,,1,2026-05-16,,421.92,hist_backfill,0.016381,2026-05-09,,-0.00794,0.067122,-0.012443,-0.0739,-0.100777,-0.116017,-0.074493,-0.087268,2,MSFT@2026-W20,24,0.021569,-0.029509,0.067122,0.0,0.014269,-0.026712,-0.010315,-0.063585,0.004574,-0.105351,-0.046622,-0.069395,-0.018337,-0.056156,-0.007325,-0.079943,0.015667
MSFT:B3:2026-05-16,MSFT,B3,B,明顯受損,False,0.9,False,x-ai/grok-4.5,False,,2026-05-16,Inconclusive,Trending positive,1,upgrade,1,True,,1,0,2026-05-16,,421.92,hist_backfill,0.016381,2026-05-09,,-0.00794,0.067122,-0.012443,-0.0739,-0.100777,-0.116017,-0.074493,-0.087268,2,MSFT@2026-W20,24,0.021569,-0.029509,0.067122,0.0,0.014269,-0.026712,-0.010315,-0.063585,0.004574,-0.105351,-0.046622,-0.069395,-0.018337,-0.056156,-0.007325,-0.079943,0.015667
MSFT:C1:2026-05-15,MSFT,C1,C,輕微,False,0.4,False,x-ai/grok-4.5,False,,2026-05-15,supported,Validated,0,lateral,0,True,1,,1,2026-05-16,,421.92,hist_backfill,0.016381,2026-05-09,,-0.00794,0.067122,-0.012443,-0.0739,-0.100777,-0.116017,-0.074493,-0.087268,2,MSFT@2026-W20,24,0.021569,-0.029509,0.067122,0.0,0.014269,-0.026712,-0.010315,-0.063585,0.004574,-0.105351,-0.046622,-0.069395,-0.018337,-0.056156,-0.007325,-0.079943,0.015667
MSFT:C1:2026-05-16,MSFT,C1,C,輕微,False,0.4,False,x-ai/grok-4.5,False,,2026-05-16,Validated,Validated,0,lateral,1,True,,1,0,2026-05-16,,421.92,hist_backfill,0.016381,2026-05-09,,-0.00794,0.067122,-0.012443,-0.0739,-0.100777,-0.116017,-0.074493,-0.087268,2,MSFT@2026-W20,24,0.021569,-0.029509,0.067122,0.0,0.014269,-0.026712,-0.010315,-0.063585,0.004574,-0.105351,-0.046622,-0.069395,-0.018337,-0.056156,-0.007325,-0.079943,0.015667
MSFT:C2:2026-05-15,MSFT,C2,C,輕微,False,0.4,False,x-ai/grok-4.5,False,,2026-05-15,partially_supported,Inconclusive,0,lateral,0,True,1,,1,2026-05-16,,421.92,hist_backfill,0.016381,2026-05-09,,-0.00794,0.067122,-0.012443,-0.0739,-0.100777,-0.116017,-0.074493,-0.087268,2,MSFT@2026-W20,24,0.021569,-0.029509,0.067122,0.0,0.014269,-0.026712,-0.010315,-0.063585,0.004574,-0.105351,-0.046622,-0.069395,-0.018337,-0.056156,-0.007325,-0.079943,0.015667
MSFT:C2:2026-05-16,MSFT,C2,C,輕微,False,0.4,False,x-ai/grok-4.5,False,,2026-05-16,Inconclusive,Trending positive,1,upgrade,1,True,14,1,0,2026-05-16,,421.92,hist_backfill,0.016381,2026-05-09,,-0.00794,0.067122,-0.012443,-0.0739,-0.100777,-0.116017,-0.074493,-0.087268,2,MSFT@2026-W20,24,0.021569,-0.029509,0.067122,0.0,0.014269,-0.026712,-0.010315,-0.063585,0.004574,-0.105351,-0.046622,-0.069395,-0.018337,-0.056156,-0.007325,-0.079943,0.015667
MSFT:C2:2026-05-30,MSFT,C2,C,輕微,False,0.4,False,x-ai/grok-4.5,False,,2026-05-30,Trending positive,Falsified,-4,downgrade,15,False,,14,0,2026-05-30,,450.24,hist_backfill,0.075662,2026-05-23,,-0.07456,-0.132152,-0.157338,-0.17162,-0.132707,-0.144678,-0.125311,-0.125311,2,MSFT@2026-W22,1,-0.048107,-0.026453,-0.05432,-0.077832,-0.032366,-0.124972,-0.085928,-0.085692,-0.067788,-0.064919,-0.043977,-0.100701,-0.107618,-0.017693,-0.122884,-0.002427,0.033402
MSFT:C3:2026-05-15,MSFT,C3,C,輕微,False,0.4,False,x-ai/grok-4.5,False,,2026-05-15,partially_supported,Inconclusive,0,lateral,0,True,1,,1,2026-05-16,,421.92,hist_backfill,0.016381,2026-05-09,,-0.00794,0.067122,-0.012443,-0.0739,-0.100777,-0.116017,-0.074493,-0.087268,2,MSFT@2026-W20,24,0.021569,-0.029509,0.067122,0.0,0.014269,-0.026712,-0.010315,-0.063585,0.004574,-0.105351,-0.046622,-0.069395,-0.018337,-0.056156,-0.007325,-0.079943,0.015667
MSFT:C3:2026-05-16,MSFT,C3,C,輕微,False,0.4,False,x-ai/grok-4.5,False,,2026-05-16,Inconclusive,Trending positive,1,upgrade,1,True,,1,0,2026-05-16,,421.92,hist_backfill,0.016381,2026-05-09,,-0.00794,0.067122,-0.012443,-0.0739,-0.100777,-0.116017,-0.074493,-0.087268,2,MSFT@2026-W20,24,0.021569,-0.029509,0.067122,0.0,0.014269,-0.026712,-0.010315,-0.063585,0.004574,-0.105351,-0.046622,-0.069395,-0.018337,-0.056156,-0.007325,-0.079943,0.015667
MSFT:D1:2026-05-15,MSFT,D1,D,邊緣,False,0.15,False,x-ai/grok-4.5,False,,2026-05-15,supported,Validated,0,lateral,0,True,1,,1,2026-05-16,,421.92,hist_backfill,0.016381,2026-05-09,,-0.00794,0.067122,-0.012443,-0.0739,-0.100777,-0.116017,-0.074493,-0.087268,2,MSFT@2026-W20,24,0.021569,-0.029509,0.067122,0.0,0.014269,-0.026712,-0.010315,-0.063585,0.004574,-0.105351,-0.046622,-0.069395,-0.018337,-0.056156,-0.007325,-0.079943,0.015667
MSFT:D1:2026-05-16,MSFT,D1,D,邊緣,False,0.15,False,x-ai/grok-4.5,False,,2026-05-16,Validated,Validated,0,lateral,1,True,,1,0,2026-05-16,,421.92,hist_backfill,0.016381,2026-05-09,,-0.00794,0.067122,-0.012443,-0.0739,-0.100777,-0.116017,-0.074493,-0.087268,2,MSFT@2026-W20,24,0.021569,-0.029509,0.067122,0.0,0.014269,-0.026712,-0.010315,-0.063585,0.004574,-0.105351,-0.046622,-0.069395,-0.018337,-0.056156,-0.007325,-0.079943,0.015667
MSFT:D2:2026-05-15,MSFT,D2,D,邊緣,False,0.15,False,x-ai/grok-4.5,False,,2026-05-15,partially_supported,Inconclusive,0,lateral,0,True,1,,1,2026-05-16,,421.92,hist_backfill,0.016381,2026-05-09,,-0.00794,0.067122,-0.012443,-0.0739,-0.100777,-0.116017,-0.074493,-0.087268,2,MSFT@2026-W20,24,0.021569,-0.029509,0.067122,0.0,0.014269,-0.026712,-0.010315,-0.063585,0.004574,-0.105351,-0.046622,-0.069395,-0.018337,-0.056156,-0.007325,-0.079943,0.015667
MSFT:D2:2026-05-16,MSFT,D2,D,邊緣,False,0.15,False,x-ai/grok-4.5,False,,2026-05-16,Inconclusive,Trending positive,1,upgrade,1,True,21,1,0,2026-05-16,,421.92,hist_backfill,0.016381,2026-05-09,,-0.00794,0.067122,-0.012443,-0.0739,-0.100777,-0.116017,-0.074493,-0.087268,2,MSFT@2026-W20,24,0.021569,-0.029509,0.067122,0.0,0.014269,-0.026712,-0.010315,-0.063585,0.004574,-0.105351,-0.046622,-0.069395,-0.018337,-0.056156,-0.007325,-0.079943,0.015667
MSFT:D2:2026-06-06,MSFT,D2,D,邊緣,False,0.15,False,x-ai/grok-4.5,False,,2026-06-06,Trending positive,Validated,1,upgrade,22,False,,21,0,2026-06-06,,416.67,hist_backfill,-0.07456,2026-05-30,,-0.062232,-0.089447,-0.104879,-0.062831,-0.075767,-0.05484,-0.05484,-0.083927,2,MSFT@2026-W23,1,-0.011492,-0.05074,0.011342,-0.100789,-0.041132,-0.063747,-0.017032,-0.045799,-0.013538,-0.062229,-0.050306,-0.004534,-0.05484,-0.0,-0.083927,0.0,-0.026453
MSFT:D3:2026-05-15,MSFT,D3,D,邊緣,False,0.15,False,x-ai/grok-4.5,False,,2026-05-15,partially_supported,Inconclusive,0,lateral,0,True,1,,1,2026-05-16,,421.92,hist_backfill,0.016381,2026-05-09,,-0.00794,0.067122,-0.012443,-0.0739,-0.100777,-0.116017,-0.074493,-0.087268,2,MSFT@2026-W20,24,0.021569,-0.029509,0.067122,0.0,0.014269,-0.026712,-0.010315,-0.063585,0.004574,-0.105351,-0.046622,-0.069395,-0.018337,-0.056156,-0.007325,-0.079943,0.015667
MSFT:D3:2026-05-16,MSFT,D3,D,邊緣,False,0.15,False,x-ai/grok-4.5,False,,2026-05-16,Inconclusive,Trending positive,1,upgrade,1,True,,1,0,2026-05-16,,421.92,hist_backfill,0.016381,2026-05-09,,-0.00794,0.067122,-0.012443,-0.0739,-0.100777,-0.116017,-0.074493,-0.087268,2,MSFT@2026-W20,24,0.021569,-0.029509,0.067122,0.0,0.014269,-0.026712,-0.010315,-0.063585,0.004574,-0.105351,-0.046622,-0.069395,-0.018337,-0.056156,-0.007325,-0.079943,0.015667
MU:C2:2026-07-16,MU,C2,C,輕微,False,0.4,False,deepseek/deepseek-v3.2,True,,2026-07-16,Inconclusive,Validated,2,upgrade,0,False,,,0,2026-07-16,0.7917,851.33,live,-0.130675,2026-07-11,0.0,-0.002796,-0.002796,0.081778,-0.033242,,,,,2,MU@2026-W29,1,-0.015272,0.012476,-0.015272,0.012476,0.033165,0.048613,-0.02332,-0.009922,0.148412,,,,,,,,-0.079392
NBIS:B2:2026-07-18,NBIS,B2,B,致命,False,2.5,False,deepseek/deepseek-v4-pro,True,,2026-07-18,Inconclusive,Trending positive,1,upgrade,0,False,,,0,2026-07-18,0.606,177.71,live,-0.19094,2026-07-11,-0.2033,,0.056609,-0.165945,0.071465,,,,,2,NBIS@2026-W29,1,0.030292,,-0.015403,0.072012,-0.006025,-0.15992,-0.042566,0.114031,0.098491,,,,,,,,-0.139657
NET:A1:2026-05-15,NET,A1,A,致命,False,2.5,False,x-ai/grok-4.5,False,,2026-05-15,supported,Validated,0,lateral,0,True,1,,1,2026-05-16,,197.56,hist_backfill,0.007291,2026-05-09,,0.094199,0.224033,0.265995,0.156509,0.134136,0.20085,0.22702,0.358575,2,NET@2026-W20,30,0.021569,0.07263,0.067122,0.156911,0.014269,0.251726,-0.010315,0.166824,0.004574,0.129562,-0.046622,0.247472,-0.018337,0.245357,-0.007325,0.3659,0.006577
NET:A1:2026-05-16,NET,A1,A,致命,False,2.5,False,x-ai/grok-4.5,False,,2026-05-16,Validated,Validated,0,lateral,1,True,,1,0,2026-05-16,,197.56,hist_backfill,0.007291,2026-05-09,,0.094199,0.224033,0.265995,0.156509,0.134136,0.20085,0.22702,0.358575,2,NET@2026-W20,30,0.021569,0.07263,0.067122,0.156911,0.014269,0.251726,-0.010315,0.166824,0.004574,0.129562,-0.046622,0.247472,-0.018337,0.245357,-0.007325,0.3659,0.006577
NET:A2:2026-05-15,NET,A2,A,致命,False,2.5,False,x-ai/grok-4.5,False,,2026-05-15,partially_supported,Inconclusive,0,lateral,0,True,1,,1,2026-05-16,,197.56,hist_backfill,0.007291,2026-05-09,,0.094199,0.224033,0.265995,0.156509,0.134136,0.20085,0.22702,0.358575,2,NET@2026-W20,30,0.021569,0.07263,0.067122,0.156911,0.014269,0.251726,-0.010315,0.166824,0.004574,0.129562,-0.046622,0.247472,-0.018337,0.245357,-0.007325,0.3659,0.006577
NET:A2:2026-05-16,NET,A2,A,致命,False,2.5,False,x-ai/grok-4.5,False,,2026-05-16,Inconclusive,Trending positive,1,upgrade,1,True,,1,0,2026-05-16,,197.56,hist_backfill,0.007291,2026-05-09,,0.094199,0.224033,0.265995,0.156509,0.134136,0.20085,0.22702,0.358575,2,NET@2026-W20,30,0.021569,0.07263,0.067122,0.156911,0.014269,0.251726,-0.010315,0.166824,0.004574,0.129562,-0.046622,0.247472,-0.018337,0.245357,-0.007325,0.3659,0.006577
NET:A3:2026-05-15,NET,A3,A,致命,False,2.5,False,x-ai/grok-4.5,False,,2026-05-15,supported,Validated,0,lateral,0,True,1,,1,2026-05-16,,197.56,hist_backfill,0.007291,2026-05-09,,0.094199,0.224033,0.265995,0.156509,0.134136,0.20085,0.22702,0.358575,2,NET@2026-W20,30,0.021569,0.07263,0.067122,0.156911,0.014269,0.251726,-0.010315,0.166824,0.004574,0.129562,-0.046622,0.247472,-0.018337,0.245357,-0.007325,0.3659,0.006577
NET:A3:2026-05-16,NET,A3,A,致命,False,2.5,False,x-ai/grok-4.5,False,,2026-05-16,Validated,Validated,0,lateral,1,True,21,1,0,2026-05-16,,197.56,hist_backfill,0.007291,2026-05-09,,0.094199,0.224033,0.265995,0.156509,0.134136,0.20085,0.22702,0.358575,2,NET@2026-W20,30,0.021569,0.07263,0.067122,0.156911,0.014269,0.251726,-0.010315,0.166824,0.004574,0.129562,-0.046622,0.247472,-0.018337,0.245357,-0.007325,0.3659,0.006577
NET:A3:2026-06-06,NET,A3,A,致命,False,2.5,False,x-ai/grok-4.5,False,,2026-06-06,Validated,Approaching falsification,-4,downgrade,22,False,49,21,0,2026-06-06,,250.11,hist_backfill,0.034282,2026-05-30,,-0.086482,-0.104154,-0.051457,-0.030786,0.073128,0.110152,0.110152,0.048139,2,NET@2026-W23,3,-0.011492,-0.07499,0.011342,-0.115496,-0.041132,-0.010325,-0.017032,-0.013754,-0.013538,0.086666,-0.050306,0.160458,-0.05484,0.164992,-0.083927,0.132066,0.082389
NET:A3:2026-07-25,NET,A3,A,致命,False,2.5,False,x-ai/grok-4.3,False,,2026-07-25,Approaching falsification,Falsified,-1,downgrade,71,False,,49,0,2026-07-25,0.6406,262.15,live,-0.05586,2026-07-22,0.0,0.0642,,,,,,,,2,NET@2026-W30,1,0.001231,0.062969,-0.005814,,0.170049,,,,,,,,,,,,-0.03934
NET:B1:2026-05-15,NET,B1,B,重創,False,1.6,False,x-ai/grok-4.5,False,,2026-05-15,supported,Validated,0,lateral,0,True,1,,1,2026-05-16,,197.56,hist_backfill,0.007291,2026-05-09,,0.094199,0.224033,0.265995,0.156509,0.134136,0.20085,0.22702,0.358575,2,NET@2026-W20,30,0.021569,0.07263,0.067122,0.156911,0.014269,0.251726,-0.010315,0.166824,0.004574,0.129562,-0.046622,0.247472,-0.018337,0.245357,-0.007325,0.3659,0.006577
NET:B1:2026-05-16,NET,B1,B,重創,False,1.6,False,x-ai/grok-4.5,False,,2026-05-16,Validated,Validated,0,lateral,1,True,,1,0,2026-05-16,,197.56,hist_backfill,0.007291,2026-05-09,,0.094199,0.224033,0.265995,0.156509,0.134136,0.20085,0.22702,0.358575,2,NET@2026-W20,30,0.021569,0.07263,0.067122,0.156911,0.014269,0.251726,-0.010315,0.166824,0.004574,0.129562,-0.046622,0.247472,-0.018337,0.245357,-0.007325,0.3659,0.006577
NET:B2:2026-05-15,NET,B2,B,重創,False,1.6,False,x-ai/grok-4.5,False,,2026-05-15,supported,Validated,0,lateral,0,True,1,,1,2026-05-16,,197.56,hist_backfill,0.007291,2026-05-09,,0.094199,0.224033,0.265995,0.156509,0.134136,0.20085,0.22702,0.358575,2,NET@2026-W20,30,0.021569,0.07263,0.067122,0.156911,0.014269,0.251726,-0.010315,0.166824,0.004574,0.129562,-0.046622,0.247472,-0.018337,0.245357,-0.007325,0.3659,0.006577
NET:B2:2026-05-16,NET,B2,B,重創,False,1.6,False,x-ai/grok-4.5,False,,2026-05-16,Validated,Validated,0,lateral,1,True,,1,0,2026-05-16,,197.56,hist_backfill,0.007291,2026-05-09,,0.094199,0.224033,0.265995,0.156509,0.134136,0.20085,0.22702,0.358575,2,NET@2026-W20,30,0.021569,0.07263,0.067122,0.156911,0.014269,0.251726,-0.010315,0.166824,0.004574,0.129562,-0.046622,0.247472,-0.018337,0.245357,-0.007325,0.3659,0.006577
NET:B3:2026-05-15,NET,B3,B,重創,False,1.6,False,x-ai/grok-4.5,False,,2026-05-15,supported,Validated,0,lateral,0,True,1,,1,2026-05-16,,197.56,hist_backfill,0.007291,2026-05-09,,0.094199,0.224033,0.265995,0.156509,0.134136,0.20085,0.22702,0.358575,2,NET@2026-W20,30,0.021569,0.07263,0.067122,0.156911,0.014269,0.251726,-0.010315,0.166824,0.004574,0.129562,-0.046622,0.247472,-0.018337,0.245357,-0.007325,0.3659,0.006577
NET:B3:2026-05-16,NET,B3,B,重創,False,1.6,False,x-ai/grok-4.5,False,,2026-05-16,Validated,Validated,0,lateral,1,True,,1,0,2026-05-16,,197.56,hist_backfill,0.007291,2026-05-09,,0.094199,0.224033,0.265995,0.156509,0.134136,0.20085,0.22702,0.358575,2,NET@2026-W20,30,0.021569,0.07263,0.067122,0.156911,0.014269,0.251726,-0.010315,0.166824,0.004574,0.129562,-0.046622,0.247472,-0.018337,0.245357,-0.007325,0.3659,0.006577
NET:C1:2026-05-15,NET,C1,C,重創,False,1.6,False,x-ai/grok-4.5,False,,2026-05-15,partially_supported,Inconclusive,0,lateral,0,True,1,,1,2026-05-16,,197.56,hist_backfill,0.007291,2026-05-09,,0.094199,0.224033,0.265995,0.156509,0.134136,0.20085,0.22702,0.358575,2,NET@2026-W20,30,0.021569,0.07263,0.067122,0.156911,0.014269,0.251726,-0.010315,0.166824,0.004574,0.129562,-0.046622,0.247472,-0.018337,0.245357,-0.007325,0.3659,0.006577
NET:C1:2026-05-16,NET,C1,C,重創,False,1.6,False,x-ai/grok-4.5,False,,2026-05-16,Inconclusive,Trending positive,1,upgrade,1,True,,1,0,2026-05-16,,197.56,hist_backfill,0.007291,2026-05-09,,0.094199,0.224033,0.265995,0.156509,0.134136,0.20085,0.22702,0.358575,2,NET@2026-W20,30,0.021569,0.07263,0.067122,0.156911,0.014269,0.251726,-0.010315,0.166824,0.004574,0.129562,-0.046622,0.247472,-0.018337,0.245357,-0.007325,0.3659,0.006577
NET:C2:2026-05-15,NET,C2,C,重創,False,1.6,False,x-ai/grok-4.5,False,,2026-05-15,supported,Validated,0,lateral,0,True,1,,1,2026-05-16,,197.56,hist_backfill,0.007291,2026-05-09,,0.094199,0.224033,0.265995,0.156509,0.134136,0.20085,0.22702,0.358575,2,NET@2026-W20,30,0.021569,0.07263,0.067122,0.156911,0.014269,0.251726,-0.010315,0.166824,0.004574,0.129562,-0.046622,0.247472,-0.018337,0.245357,-0.007325,0.3659,0.006577
NET:C2:2026-05-16,NET,C2,C,重創,False,1.6,False,x-ai/grok-4.5,False,,2026-05-16,Validated,Validated,0,lateral,1,True,,1,0,2026-05-16,,197.56,hist_backfill,0.007291,2026-05-09,,0.094199,0.224033,0.265995,0.156509,0.134136,0.20085,0.22702,0.358575,2,NET@2026-W20,30,0.021569,0.07263,0.067122,0.156911,0.014269,0.251726,-0.010315,0.166824,0.004574,0.129562,-0.046622,0.247472,-0.018337,0.245357,-0.007325,0.3659,0.006577
NET:C3:2026-05-15,NET,C3,C,重創,False,1.6,False,x-ai/grok-4.5,False,,2026-05-15,partially_supported,Inconclusive,0,lateral,0,True,1,,1,2026-05-16,,197.56,hist_backfill,0.007291,2026-05-09,,0.094199,0.224033,0.265995,0.156509,0.134136,0.20085,0.22702,0.358575,2,NET@2026-W20,30,0.021569,0.07263,0.067122,0.156911,0.014269,0.251726,-0.010315,0.166824,0.004574,0.129562,-0.046622,0.247472,-0.018337,0.245357,-0.007325,0.3659,0.006577
NET:C3:2026-05-16,NET,C3,C,重創,False,1.6,False,x-ai/grok-4.5,False,,2026-05-16,Inconclusive,Trending positive,1,upgrade,1,True,,1,0,2026-05-16,,197.56,hist_backfill,0.007291,2026-05-09,,0.094199,0.224033,0.265995,0.156509,0.134136,0.20085,0.22702,0.358575,2,NET@2026-W20,30,0.021569,0.07263,0.067122,0.156911,0.014269,0.251726,-0.010315,0.166824,0.004574,0.129562,-0.046622,0.247472,-0.018337,0.245357,-0.007325,0.3659,0.006577
NET:D1:2026-05-15,NET,D1,D,輕微,False,0.4,False,x-ai/grok-4.5,False,,2026-05-15,supported,Validated,0,lateral,0,True,1,,1,2026-05-16,,197.56,hist_backfill,0.007291,2026-05-09,,0.094199,0.224033,0.265995,0.156509,0.134136,0.20085,0.22702,0.358575,2,NET@2026-W20,30,0.021569,0.07263,0.067122,0.156911,0.014269,0.251726,-0.010315,0.166824,0.004574,0.129562,-0.046622,0.247472,-0.018337,0.245357,-0.007325,0.3659,0.006577
NET:D1:2026-05-16,NET,D1,D,輕微,False,0.4,False,x-ai/grok-4.5,False,,2026-05-16,Validated,Validated,0,lateral,1,True,,1,0,2026-05-16,,197.56,hist_backfill,0.007291,2026-05-09,,0.094199,0.224033,0.265995,0.156509,0.134136,0.20085,0.22702,0.358575,2,NET@2026-W20,30,0.021569,0.07263,0.067122,0.156911,0.014269,0.251726,-0.010315,0.166824,0.004574,0.129562,-0.046622,0.247472,-0.018337,0.245357,-0.007325,0.3659,0.006577
NET:D2:2026-05-15,NET,D2,D,輕微,False,0.4,False,x-ai/grok-4.5,False,,2026-05-15,supported,Validated,0,lateral,0,True,1,,1,2026-05-16,,197.56,hist_backfill,0.007291,2026-05-09,,0.094199,0.224033,0.265995,0.156509,0.134136,0.20085,0.22702,0.358575,2,NET@2026-W20,30,0.021569,0.07263,0.067122,0.156911,0.014269,0.251726,-0.010315,0.166824,0.004574,0.129562,-0.046622,0.247472,-0.018337,0.245357,-0.007325,0.3659,0.006577
NET:D2:2026-05-16,NET,D2,D,輕微,False,0.4,False,x-ai/grok-4.5,False,,2026-05-16,Validated,Validated,0,lateral,1,True,21,1,0,2026-05-16,,197.56,hist_backfill,0.007291,2026-05-09,,0.094199,0.224033,0.265995,0.156509,0.134136,0.20085,0.22702,0.358575,2,NET@2026-W20,30,0.021569,0.07263,0.067122,0.156911,0.014269,0.251726,-0.010315,0.166824,0.004574,0.129562,-0.046622,0.247472,-0.018337,0.245357,-0.007325,0.3659,0.006577
NET:D2:2026-06-06,NET,D2,D,輕微,False,0.4,False,x-ai/grok-4.5,False,,2026-06-06,Validated,Approaching falsification,-4,downgrade,22,False,,21,0,2026-06-06,,250.11,hist_backfill,0.034282,2026-05-30,,-0.086482,-0.104154,-0.051457,-0.030786,0.073128,0.110152,0.110152,0.048139,2,NET@2026-W23,3,-0.011492,-0.07499,0.011342,-0.115496,-0.041132,-0.010325,-0.017032,-0.013754,-0.013538,0.086666,-0.050306,0.160458,-0.05484,0.164992,-0.083927,0.132066,0.082389
NET:D3:2026-05-15,NET,D3,D,輕微,False,0.4,False,x-ai/grok-4.5,False,,2026-05-15,supported,Validated,0,lateral,0,True,1,,1,2026-05-16,,197.56,hist_backfill,0.007291,2026-05-09,,0.094199,0.224033,0.265995,0.156509,0.134136,0.20085,0.22702,0.358575,2,NET@2026-W20,30,0.021569,0.07263,0.067122,0.156911,0.014269,0.251726,-0.010315,0.166824,0.004574,0.129562,-0.046622,0.247472,-0.018337,0.245357,-0.007325,0.3659,0.006577
NET:D3:2026-05-16,NET,D3,D,輕微,False,0.4,False,x-ai/grok-4.5,False,,2026-05-16,Validated,Validated,0,lateral,1,True,,1,0,2026-05-16,,197.56,hist_backfill,0.007291,2026-05-09,,0.094199,0.224033,0.265995,0.156509,0.134136,0.20085,0.22702,0.358575,2,NET@2026-W20,30,0.021569,0.07263,0.067122,0.156911,0.014269,0.251726,-0.010315,0.166824,0.004574,0.129562,-0.046622,0.247472,-0.018337,0.245357,-0.007325,0.3659,0.006577
NET:E1:2026-05-15,NET,E1,E,邊緣,False,0.15,False,x-ai/grok-4.5,False,,2026-05-15,supported,Validated,0,lateral,0,True,1,,1,2026-05-16,,197.56,hist_backfill,0.007291,2026-05-09,,0.094199,0.224033,0.265995,0.156509,0.134136,0.20085,0.22702,0.358575,2,NET@2026-W20,30,0.021569,0.07263,0.067122,0.156911,0.014269,0.251726,-0.010315,0.166824,0.004574,0.129562,-0.046622,0.247472,-0.018337,0.245357,-0.007325,0.3659,0.006577
NET:E1:2026-05-16,NET,E1,E,邊緣,False,0.15,False,x-ai/grok-4.5,False,,2026-05-16,Validated,Validated,0,lateral,1,True,,1,0,2026-05-16,,197.56,hist_backfill,0.007291,2026-05-09,,0.094199,0.224033,0.265995,0.156509,0.134136,0.20085,0.22702,0.358575,2,NET@2026-W20,30,0.021569,0.07263,0.067122,0.156911,0.014269,0.251726,-0.010315,0.166824,0.004574,0.129562,-0.046622,0.247472,-0.018337,0.245357,-0.007325,0.3659,0.006577
NET:E2:2026-05-15,NET,E2,E,邊緣,False,0.15,False,x-ai/grok-4.5,False,,2026-05-15,partially_supported,Inconclusive,0,lateral,0,True,1,,1,2026-05-16,,197.56,hist_backfill,0.007291,2026-05-09,,0.094199,0.224033,0.265995,0.156509,0.134136,0.20085,0.22702,0.358575,2,NET@2026-W20,30,0.021569,0.07263,0.067122,0.156911,0.014269,0.251726,-0.010315,0.166824,0.004574,0.129562,-0.046622,0.247472,-0.018337,0.245357,-0.007325,0.3659,0.006577
NET:E2:2026-05-16,NET,E2,E,邊緣,False,0.15,False,x-ai/grok-4.5,False,,2026-05-16,Inconclusive,Trending positive,1,upgrade,1,True,14,1,0,2026-05-16,,197.56,hist_backfill,0.007291,2026-05-09,,0.094199,0.224033,0.265995,0.156509,0.134136,0.20085,0.22702,0.358575,2,NET@2026-W20,30,0.021569,0.07263,0.067122,0.156911,0.014269,0.251726,-0.010315,0.166824,0.004574,0.129562,-0.046622,0.247472,-0.018337,0.245357,-0.007325,0.3659,0.006577
NET:E2:2026-05-30,NET,E2,E,邊緣,False,0.15,False,x-ai/grok-4.5,False,,2026-05-30,Trending positive,Approaching falsification,-3,downgrade,15,False,7,14,0,2026-05-30,,241.82,hist_backfill,0.118657,2026-05-23,,0.034282,-0.055165,-0.073443,-0.01894,0.00244,0.109916,0.148209,0.148209,2,NET@2026-W22,1,-0.048107,0.082389,-0.05432,-0.000845,-0.032366,-0.041077,-0.085928,0.066988,-0.067788,0.070228,-0.043977,0.153893,-0.107618,0.255827,-0.122884,0.271093,0.076397
NET:E2:2026-06-06,NET,E2,E,邊緣,False,0.15,False,x-ai/grok-4.5,False,,2026-06-06,Approaching falsification,Falsified,-1,downgrade,22,False,14,7,0,2026-06-06,,250.11,hist_backfill,0.034282,2026-05-30,,-0.086482,-0.104154,-0.051457,-0.030786,0.073128,0.110152,0.110152,0.048139,2,NET@2026-W23,3,-0.011492,-0.07499,0.011342,-0.115496,-0.041132,-0.010325,-0.017032,-0.013754,-0.013538,0.086666,-0.050306,0.160458,-0.05484,0.164992,-0.083927,0.132066,0.082389
NET:E2:2026-06-20,NET,E2,E,邊緣,False,0.15,False,x-ai/grok-4.5,False,,2026-06-20,Falsified,Validated,5,upgrade,36,False,,14,0,2026-06-20,,224.06,hist_backfill,-0.019345,2026-06-13,,0.058824,0.081898,0.197893,0.239222,0.239222,0.169999,0.245113,,2,NET@2026-W25,1,-0.045262,0.104086,-0.025514,0.107412,0.0,0.197893,-0.057767,0.296989,-0.075728,0.31495,-0.116193,0.286192,-0.102168,0.347281,-0.128313,,-0.037406
NET:E3:2026-05-15,NET,E3,E,邊緣,False,0.15,False,x-ai/grok-4.5,False,,2026-05-15,supported,Validated,0,lateral,0,True,1,,1,2026-05-16,,197.56,hist_backfill,0.007291,2026-05-09,,0.094199,0.224033,0.265995,0.156509,0.134136,0.20085,0.22702,0.358575,2,NET@2026-W20,30,0.021569,0.07263,0.067122,0.156911,0.014269,0.251726,-0.010315,0.166824,0.004574,0.129562,-0.046622,0.247472,-0.018337,0.245357,-0.007325,0.3659,0.006577
NET:E3:2026-05-16,NET,E3,E,邊緣,False,0.15,False,x-ai/grok-4.5,False,,2026-05-16,Validated,Validated,0,lateral,1,True,,1,0,2026-05-16,,197.56,hist_backfill,0.007291,2026-05-09,,0.094199,0.224033,0.265995,0.156509,0.134136,0.20085,0.22702,0.358575,2,NET@2026-W20,30,0.021569,0.07263,0.067122,0.156911,0.014269,0.251726,-0.010315,0.166824,0.004574,0.129562,-0.046622,0.247472,-0.018337,0.245357,-0.007325,0.3659,0.006577
NKE:A1:2026-05-15,NKE,A1,A,致命,False,2.5,False,x-ai/grok-4.5,False,,2026-05-15,partially_supported,Inconclusive,0,lateral,7,True,1,,1,2026-05-16,,41.88,hist_backfill,-0.051201,2026-05-09,,0.066619,0.103868,0.026266,0.072827,0.079274,-0.026982,0.05277,0.059456,2,NKE@2026-W20,24,0.021569,0.04505,0.067122,0.036746,0.014269,0.011997,-0.010315,0.083142,0.004574,0.0747,-0.046622,0.01964,-0.018337,0.071107,-0.007325,0.066781,-0.051915
NKE:A1:2026-05-16,NKE,A1,A,致命,False,2.5,False,x-ai/grok-4.5,False,,2026-05-16,Inconclusive,Trending positive,1,upgrade,8,True,,1,0,2026-05-16,,41.88,hist_backfill,-0.051201,2026-05-09,,0.066619,0.103868,0.026266,0.072827,0.079274,-0.026982,0.05277,0.059456,2,NKE@2026-W20,24,0.021569,0.04505,0.067122,0.036746,0.014269,0.011997,-0.010315,0.083142,0.004574,0.0747,-0.046622,0.01964,-0.018337,0.071107,-0.007325,0.066781,-0.051915
NKE:A2:2026-05-15,NKE,A2,A,致命,False,2.5,False,x-ai/grok-4.5,False,,2026-05-15,partially_supported,Inconclusive,0,lateral,7,True,1,,1,2026-05-16,,41.88,hist_backfill,-0.051201,2026-05-09,,0.066619,0.103868,0.026266,0.072827,0.079274,-0.026982,0.05277,0.059456,2,NKE@2026-W20,24,0.021569,0.04505,0.067122,0.036746,0.014269,0.011997,-0.010315,0.083142,0.004574,0.0747,-0.046622,0.01964,-0.018337,0.071107,-0.007325,0.066781,-0.051915
NKE:A2:2026-05-16,NKE,A2,A,致命,False,2.5,False,x-ai/grok-4.5,False,,2026-05-16,Inconclusive,Trending positive,1,upgrade,8,True,,1,0,2026-05-16,,41.88,hist_backfill,-0.051201,2026-05-09,,0.066619,0.103868,0.026266,0.072827,0.079274,-0.026982,0.05277,0.059456,2,NKE@2026-W20,24,0.021569,0.04505,0.067122,0.036746,0.014269,0.011997,-0.010315,0.083142,0.004574,0.0747,-0.046622,0.01964,-0.018337,0.071107,-0.007325,0.066781,-0.051915
NKE:A3:2026-05-15,NKE,A3,A,致命,False,2.5,False,x-ai/grok-4.5,False,,2026-05-15,partially_supported,Inconclusive,0,lateral,7,True,1,,1,2026-05-16,,41.88,hist_backfill,-0.051201,2026-05-09,,0.066619,0.103868,0.026266,0.072827,0.079274,-0.026982,0.05277,0.059456,2,NKE@2026-W20,24,0.021569,0.04505,0.067122,0.036746,0.014269,0.011997,-0.010315,0.083142,0.004574,0.0747,-0.046622,0.01964,-0.018337,0.071107,-0.007325,0.066781,-0.051915
NKE:A3:2026-05-16,NKE,A3,A,致命,False,2.5,False,x-ai/grok-4.5,False,,2026-05-16,Inconclusive,Trending positive,1,upgrade,8,True,,1,0,2026-05-16,,41.88,hist_backfill,-0.051201,2026-05-09,,0.066619,0.103868,0.026266,0.072827,0.079274,-0.026982,0.05277,0.059456,2,NKE@2026-W20,24,0.021569,0.04505,0.067122,0.036746,0.014269,0.011997,-0.010315,0.083142,0.004574,0.0747,-0.046622,0.01964,-0.018337,0.071107,-0.007325,0.066781,-0.051915
NKE:B1:2026-05-15,NKE,B1,B,重創,False,1.6,False,x-ai/grok-4.5,False,,2026-05-15,supported,Validated,0,lateral,7,True,1,,1,2026-05-16,,41.88,hist_backfill,-0.051201,2026-05-09,,0.066619,0.103868,0.026266,0.072827,0.079274,-0.026982,0.05277,0.059456,2,NKE@2026-W20,24,0.021569,0.04505,0.067122,0.036746,0.014269,0.011997,-0.010315,0.083142,0.004574,0.0747,-0.046622,0.01964,-0.018337,0.071107,-0.007325,0.066781,-0.051915
NKE:B1:2026-05-16,NKE,B1,B,重創,False,1.6,False,x-ai/grok-4.5,False,,2026-05-16,Validated,Trending positive,-1,downgrade,8,True,,1,0,2026-05-16,,41.88,hist_backfill,-0.051201,2026-05-09,,0.066619,0.103868,0.026266,0.072827,0.079274,-0.026982,0.05277,0.059456,2,NKE@2026-W20,24,0.021569,0.04505,0.067122,0.036746,0.014269,0.011997,-0.010315,0.083142,0.004574,0.0747,-0.046622,0.01964,-0.018337,0.071107,-0.007325,0.066781,-0.051915
NKE:B2:2026-05-08,NKE,B2,B,重創,False,1.6,False,x-ai/grok-4.5,False,,2026-05-08,partially_supported,challenged,-2,downgrade,0,True,7,,1,2026-05-09,,44.14,hist_backfill,-0.005856,2026-05-02,,-0.051201,0.012007,0.047349,-0.02628,0.017898,0.024014,-0.076801,-0.001133,2,NKE@2026-W19,1,0.000714,-0.051915,0.022903,-0.010896,0.063736,-0.016387,0.022851,-0.049131,0.018774,-0.000876,0.039023,-0.015009,-0.014805,-0.061996,-0.010483,0.00935,-0.030896
NKE:B2:2026-05-15,NKE,B2,B,重創,False,1.6,False,x-ai/grok-4.5,False,,2026-05-15,challenged,Approaching falsification,0,lateral,7,True,1,7,1,2026-05-16,,41.88,hist_backfill,-0.051201,2026-05-09,,0.066619,0.103868,0.026266,0.072827,0.079274,-0.026982,0.05277,0.059456,2,NKE@2026-W20,24,0.021569,0.04505,0.067122,0.036746,0.014269,0.011997,-0.010315,0.083142,0.004574,0.0747,-0.046622,0.01964,-0.018337,0.071107,-0.007325,0.066781,-0.051915
NKE:B2:2026-05-16,NKE,B2,B,重創,False,1.6,False,x-ai/grok-4.5,False,,2026-05-16,Approaching falsification,Trending negative,1,upgrade,8,True,,1,0,2026-05-16,,41.88,hist_backfill,-0.051201,2026-05-09,,0.066619,0.103868,0.026266,0.072827,0.079274,-0.026982,0.05277,0.059456,2,NKE@2026-W20,24,0.021569,0.04505,0.067122,0.036746,0.014269,0.011997,-0.010315,0.083142,0.004574,0.0747,-0.046622,0.01964,-0.018337,0.071107,-0.007325,0.066781,-0.051915
NKE:B3:2026-05-15,NKE,B3,B,重創,False,1.6,False,x-ai/grok-4.5,False,,2026-05-15,supported,Validated,0,lateral,7,True,1,,1,2026-05-16,,41.88,hist_backfill,-0.051201,2026-05-09,,0.066619,0.103868,0.026266,0.072827,0.079274,-0.026982,0.05277,0.059456,2,NKE@2026-W20,24,0.021569,0.04505,0.067122,0.036746,0.014269,0.011997,-0.010315,0.083142,0.004574,0.0747,-0.046622,0.01964,-0.018337,0.071107,-0.007325,0.066781,-0.051915
NKE:B3:2026-05-16,NKE,B3,B,重創,False,1.6,False,x-ai/grok-4.5,False,,2026-05-16,Validated,Validated,0,lateral,8,True,,1,0,2026-05-16,,41.88,hist_backfill,-0.051201,2026-05-09,,0.066619,0.103868,0.026266,0.072827,0.079274,-0.026982,0.05277,0.059456,2,NKE@2026-W20,24,0.021569,0.04505,0.067122,0.036746,0.014269,0.011997,-0.010315,0.083142,0.004574,0.0747,-0.046622,0.01964,-0.018337,0.071107,-0.007325,0.066781,-0.051915
NKE:C1:2026-05-15,NKE,C1,C,重創,False,1.6,False,x-ai/grok-4.5,False,,2026-05-15,partially_supported,Inconclusive,0,lateral,7,True,1,,1,2026-05-16,,41.88,hist_backfill,-0.051201,2026-05-09,,0.066619,0.103868,0.026266,0.072827,0.079274,-0.026982,0.05277,0.059456,2,NKE@2026-W20,24,0.021569,0.04505,0.067122,0.036746,0.014269,0.011997,-0.010315,0.083142,0.004574,0.0747,-0.046622,0.01964,-0.018337,0.071107,-0.007325,0.066781,-0.051915
NKE:C1:2026-05-16,NKE,C1,C,重創,False,1.6,False,x-ai/grok-4.5,False,,2026-05-16,Inconclusive,Trending positive,1,upgrade,8,True,,1,0,2026-05-16,,41.88,hist_backfill,-0.051201,2026-05-09,,0.066619,0.103868,0.026266,0.072827,0.079274,-0.026982,0.05277,0.059456,2,NKE@2026-W20,24,0.021569,0.04505,0.067122,0.036746,0.014269,0.011997,-0.010315,0.083142,0.004574,0.0747,-0.046622,0.01964,-0.018337,0.071107,-0.007325,0.066781,-0.051915
NKE:C2:2026-05-15,NKE,C2,C,重創,False,1.6,False,x-ai/grok-4.5,False,,2026-05-15,supported,Validated,0,lateral,7,True,1,,1,2026-05-16,,41.88,hist_backfill,-0.051201,2026-05-09,,0.066619,0.103868,0.026266,0.072827,0.079274,-0.026982,0.05277,0.059456,2,NKE@2026-W20,24,0.021569,0.04505,0.067122,0.036746,0.014269,0.011997,-0.010315,0.083142,0.004574,0.0747,-0.046622,0.01964,-0.018337,0.071107,-0.007325,0.066781,-0.051915
NKE:C2:2026-05-16,NKE,C2,C,重創,False,1.6,False,x-ai/grok-4.5,False,,2026-05-16,Validated,Validated,0,lateral,8,True,,1,0,2026-05-16,,41.88,hist_backfill,-0.051201,2026-05-09,,0.066619,0.103868,0.026266,0.072827,0.079274,-0.026982,0.05277,0.059456,2,NKE@2026-W20,24,0.021569,0.04505,0.067122,0.036746,0.014269,0.011997,-0.010315,0.083142,0.004574,0.0747,-0.046622,0.01964,-0.018337,0.071107,-0.007325,0.066781,-0.051915
NKE:C3:2026-05-15,NKE,C3,C,重創,False,1.6,False,x-ai/grok-4.5,False,,2026-05-15,supported,Validated,0,lateral,7,True,1,,1,2026-05-16,,41.88,hist_backfill,-0.051201,2026-05-09,,0.066619,0.103868,0.026266,0.072827,0.079274,-0.026982,0.05277,0.059456,2,NKE@2026-W20,24,0.021569,0.04505,0.067122,0.036746,0.014269,0.011997,-0.010315,0.083142,0.004574,0.0747,-0.046622,0.01964,-0.018337,0.071107,-0.007325,0.066781,-0.051915
NKE:C3:2026-05-16,NKE,C3,C,重創,False,1.6,False,x-ai/grok-4.5,False,,2026-05-16,Validated,Validated,0,lateral,8,True,,1,0,2026-05-16,,41.88,hist_backfill,-0.051201,2026-05-09,,0.066619,0.103868,0.026266,0.072827,0.079274,-0.026982,0.05277,0.059456,2,NKE@2026-W20,24,0.021569,0.04505,0.067122,0.036746,0.014269,0.011997,-0.010315,0.083142,0.004574,0.0747,-0.046622,0.01964,-0.018337,0.071107,-0.007325,0.066781,-0.051915
NKE:D1:2026-05-15,NKE,D1,D,明顯受損,False,0.9,False,x-ai/grok-4.5,False,,2026-05-15,partially_supported,Inconclusive,0,lateral,7,True,1,,1,2026-05-16,,41.88,hist_backfill,-0.051201,2026-05-09,,0.066619,0.103868,0.026266,0.072827,0.079274,-0.026982,0.05277,0.059456,2,NKE@2026-W20,24,0.021569,0.04505,0.067122,0.036746,0.014269,0.011997,-0.010315,0.083142,0.004574,0.0747,-0.046622,0.01964,-0.018337,0.071107,-0.007325,0.066781,-0.051915
NKE:D1:2026-05-16,NKE,D1,D,明顯受損,False,0.9,False,x-ai/grok-4.5,False,,2026-05-16,Inconclusive,Trending positive,1,upgrade,8,True,,1,0,2026-05-16,,41.88,hist_backfill,-0.051201,2026-05-09,,0.066619,0.103868,0.026266,0.072827,0.079274,-0.026982,0.05277,0.059456,2,NKE@2026-W20,24,0.021569,0.04505,0.067122,0.036746,0.014269,0.011997,-0.010315,0.083142,0.004574,0.0747,-0.046622,0.01964,-0.018337,0.071107,-0.007325,0.066781,-0.051915
NKE:D2:2026-05-15,NKE,D2,D,明顯受損,False,0.9,False,x-ai/grok-4.5,False,,2026-05-15,challenged,Approaching falsification,0,lateral,7,True,1,,1,2026-05-16,,41.88,hist_backfill,-0.051201,2026-05-09,,0.066619,0.103868,0.026266,0.072827,0.079274,-0.026982,0.05277,0.059456,2,NKE@2026-W20,24,0.021569,0.04505,0.067122,0.036746,0.014269,0.011997,-0.010315,0.083142,0.004574,0.0747,-0.046622,0.01964,-0.018337,0.071107,-0.007325,0.066781,-0.051915
NKE:D2:2026-05-16,NKE,D2,D,明顯受損,False,0.9,False,x-ai/grok-4.5,False,,2026-05-16,Approaching falsification,Trending negative,1,upgrade,8,True,,1,0,2026-05-16,,41.88,hist_backfill,-0.051201,2026-05-09,,0.066619,0.103868,0.026266,0.072827,0.079274,-0.026982,0.05277,0.059456,2,NKE@2026-W20,24,0.021569,0.04505,0.067122,0.036746,0.014269,0.011997,-0.010315,0.083142,0.004574,0.0747,-0.046622,0.01964,-0.018337,0.071107,-0.007325,0.066781,-0.051915
NKE:D3:2026-05-15,NKE,D3,D,明顯受損,False,0.9,False,x-ai/grok-4.5,False,,2026-05-15,partially_supported,Inconclusive,0,lateral,7,True,1,,1,2026-05-16,,41.88,hist_backfill,-0.051201,2026-05-09,,0.066619,0.103868,0.026266,0.072827,0.079274,-0.026982,0.05277,0.059456,2,NKE@2026-W20,24,0.021569,0.04505,0.067122,0.036746,0.014269,0.011997,-0.010315,0.083142,0.004574,0.0747,-0.046622,0.01964,-0.018337,0.071107,-0.007325,0.066781,-0.051915
NKE:D3:2026-05-16,NKE,D3,D,明顯受損,False,0.9,False,x-ai/grok-4.5,False,,2026-05-16,Inconclusive,Trending positive,1,upgrade,8,True,,1,0,2026-05-16,,41.88,hist_backfill,-0.051201,2026-05-09,,0.066619,0.103868,0.026266,0.072827,0.079274,-0.026982,0.05277,0.059456,2,NKE@2026-W20,24,0.021569,0.04505,0.067122,0.036746,0.014269,0.011997,-0.010315,0.083142,0.004574,0.0747,-0.046622,0.01964,-0.018337,0.071107,-0.007325,0.066781,-0.051915
NOK:C3:2026-06-25,NOK,C3,C,明顯受損,False,0.9,False,x-ai/grok-4.5,False,,2026-06-25,Inconclusive,Trending positive,1,upgrade,0,False,,,2,2026-06-27,,13.01,hist_backfill,-0.035582,2026-06-20,,-0.072252,-0.043812,-0.222137,-0.222137,-0.252114,-0.252114,-0.297463,,2,NOK@2026-W26,1,0.016429,-0.088681,0.031256,-0.075068,-0.007387,-0.21475,-0.013485,-0.208652,-0.048075,-0.204039,-0.043423,-0.208691,-0.076047,-0.221416,-0.031527,,0.00968
NOW:A1:2026-05-09,NOW,A1,A,重創,False,1.6,False,x-ai/grok-4.5,False,,2026-05-09,partially_supported,supported,2,upgrade,1,True,6,,0,2026-05-09,,91.18,hist_backfill,0.000219,2026-05-02,,0.042663,0.120092,0.364005,0.233275,0.120311,0.042334,0.078526,0.166045,2,NOW@2026-W19,2,0.000714,0.041949,0.022903,0.097189,0.063736,0.300269,0.022851,0.210424,0.018774,0.101537,0.039023,0.003311,-0.014805,0.093331,-0.010483,0.176528,-0.024821
NOW:A1:2026-05-15,NOW,A1,A,重創,False,1.6,False,x-ai/grok-4.5,False,,2026-05-15,supported,Validated,0,lateral,7,True,1,6,1,2026-05-16,,95.07,hist_backfill,0.042663,2026-05-09,,0.074261,0.308194,0.182813,0.074471,-0.000316,0.034396,0.118334,0.132955,2,NOW@2026-W20,24,0.021569,0.052692,0.067122,0.241072,0.014269,0.168544,-0.010315,0.084786,0.004574,-0.00489,-0.046622,0.081018,-0.018337,0.136671,-0.007325,0.14028,0.041949
NOW:A1:2026-05-16,NOW,A1,A,重創,False,1.6,False,x-ai/grok-4.5,False,,2026-05-16,Validated,Validated,0,lateral,8,True,13,1,0,2026-05-16,,95.07,hist_backfill,0.042663,2026-05-09,,0.074261,0.308194,0.182813,0.074471,-0.000316,0.034396,0.118334,0.132955,2,NOW@2026-W20,24,0.021569,0.052692,0.067122,0.241072,0.014269,0.168544,-0.010315,0.084786,0.004574,-0.00489,-0.046622,0.081018,-0.018337,0.136671,-0.007325,0.14028,0.041949
NOW:A1:2026-05-29,NOW,A1,A,重創,False,1.6,False,x-ai/grok-4.5,False,,2026-05-29,Validated,Approaching falsification,-4,downgrade,21,False,1,13,1,2026-05-30,,124.37,hist_backfill,0.217762,2026-05-23,,-0.095843,-0.17866,-0.235829,-0.209295,-0.145131,-0.133955,-0.169896,-0.169896,2,NOW@2026-W22,2,-0.048107,-0.047736,-0.05432,-0.12434,-0.032366,-0.203463,-0.085928,-0.123367,-0.067788,-0.077343,-0.043977,-0.089978,-0.107618,-0.062278,-0.122884,-0.047012,0.175502
NOW:A1:2026-05-30,NOW,A1,A,重創,False,1.6,False,x-ai/grok-4.5,False,,2026-05-30,Approaching falsification,Falsified,-1,downgrade,22,False,63,1,0,2026-05-30,,124.37,hist_backfill,0.217762,2026-05-23,,-0.095843,-0.17866,-0.235829,-0.209295,-0.145131,-0.133955,-0.169896,-0.169896,2,NOW@2026-W22,2,-0.048107,-0.047736,-0.05432,-0.12434,-0.032366,-0.203463,-0.085928,-0.123367,-0.067788,-0.077343,-0.043977,-0.089978,-0.107618,-0.062278,-0.122884,-0.047012,0.175502
NOW:A1:2026-08-01,NOW,A1,A,重創,False,1.6,False,x-ai/grok-4.3,False,weekly,2026-08-01,Trending negative,Falsified,-2,downgrade,85,False,,63,0,2026-08-01,0.5512,111.23,live,0.126038,2026-07-25,,,,,,,,,,2,NOW@2026-W31,2,,,,,,,,,,,,,,,,,0.124807
NOW:A2:2026-05-15,NOW,A2,A,重創,False,1.6,False,x-ai/grok-4.5,False,,2026-05-15,supported,Validated,0,lateral,7,True,1,,1,2026-05-16,,95.07,hist_backfill,0.042663,2026-05-09,,0.074261,0.308194,0.182813,0.074471,-0.000316,0.034396,0.118334,0.132955,2,NOW@2026-W20,24,0.021569,0.052692,0.067122,0.241072,0.014269,0.168544,-0.010315,0.084786,0.004574,-0.00489,-0.046622,0.081018,-0.018337,0.136671,-0.007325,0.14028,0.041949
NOW:A2:2026-05-16,NOW,A2,A,重創,False,1.6,False,x-ai/grok-4.5,False,,2026-05-16,Validated,Validated,0,lateral,8,True,,1,0,2026-05-16,,95.07,hist_backfill,0.042663,2026-05-09,,0.074261,0.308194,0.182813,0.074471,-0.000316,0.034396,0.118334,0.132955,2,NOW@2026-W20,24,0.021569,0.052692,0.067122,0.241072,0.014269,0.168544,-0.010315,0.084786,0.004574,-0.00489,-0.046622,0.081018,-0.018337,0.136671,-0.007325,0.14028,0.041949
NOW:A3:2026-05-15,NOW,A3,A,重創,False,1.6,False,x-ai/grok-4.5,False,,2026-05-15,partially_supported,Inconclusive,0,lateral,7,True,1,,1,2026-05-16,,95.07,hist_backfill,0.042663,2026-05-09,,0.074261,0.308194,0.182813,0.074471,-0.000316,0.034396,0.118334,0.132955,2,NOW@2026-W20,24,0.021569,0.052692,0.067122,0.241072,0.014269,0.168544,-0.010315,0.084786,0.004574,-0.00489,-0.046622,0.081018,-0.018337,0.136671,-0.007325,0.14028,0.041949
NOW:A3:2026-05-16,NOW,A3,A,重創,False,1.6,False,x-ai/grok-4.5,False,,2026-05-16,Inconclusive,Trending positive,1,upgrade,8,True,,1,0,2026-05-16,,95.07,hist_backfill,0.042663,2026-05-09,,0.074261,0.308194,0.182813,0.074471,-0.000316,0.034396,0.118334,0.132955,2,NOW@2026-W20,24,0.021569,0.052692,0.067122,0.241072,0.014269,0.168544,-0.010315,0.084786,0.004574,-0.00489,-0.046622,0.081018,-0.018337,0.136671,-0.007325,0.14028,0.041949
NOW:B1:2026-05-15,NOW,B1,B,致命,False,2.5,False,x-ai/grok-4.5,False,,2026-05-15,supported,Validated,0,lateral,7,True,1,,1,2026-05-16,,95.07,hist_backfill,0.042663,2026-05-09,,0.074261,0.308194,0.182813,0.074471,-0.000316,0.034396,0.118334,0.132955,2,NOW@2026-W20,24,0.021569,0.052692,0.067122,0.241072,0.014269,0.168544,-0.010315,0.084786,0.004574,-0.00489,-0.046622,0.081018,-0.018337,0.136671,-0.007325,0.14028,0.041949
NOW:B1:2026-05-16,NOW,B1,B,致命,False,2.5,False,x-ai/grok-4.5,False,,2026-05-16,Validated,Validated,0,lateral,8,True,,1,0,2026-05-16,,95.07,hist_backfill,0.042663,2026-05-09,,0.074261,0.308194,0.182813,0.074471,-0.000316,0.034396,0.118334,0.132955,2,NOW@2026-W20,24,0.021569,0.052692,0.067122,0.241072,0.014269,0.168544,-0.010315,0.084786,0.004574,-0.00489,-0.046622,0.081018,-0.018337,0.136671,-0.007325,0.14028,0.041949
NOW:B2:2026-05-15,NOW,B2,B,致命,False,2.5,False,x-ai/grok-4.5,False,,2026-05-15,supported,Validated,0,lateral,7,True,1,,1,2026-05-16,,95.07,hist_backfill,0.042663,2026-05-09,,0.074261,0.308194,0.182813,0.074471,-0.000316,0.034396,0.118334,0.132955,2,NOW@2026-W20,24,0.021569,0.052692,0.067122,0.241072,0.014269,0.168544,-0.010315,0.084786,0.004574,-0.00489,-0.046622,0.081018,-0.018337,0.136671,-0.007325,0.14028,0.041949
NOW:B2:2026-05-16,NOW,B2,B,致命,False,2.5,False,x-ai/grok-4.5,False,,2026-05-16,Validated,Validated,0,lateral,8,True,77,1,0,2026-05-16,,95.07,hist_backfill,0.042663,2026-05-09,,0.074261,0.308194,0.182813,0.074471,-0.000316,0.034396,0.118334,0.132955,2,NOW@2026-W20,24,0.021569,0.052692,0.067122,0.241072,0.014269,0.168544,-0.010315,0.084786,0.004574,-0.00489,-0.046622,0.081018,-0.018337,0.136671,-0.007325,0.14028,0.041949
NOW:B2:2026-08-01,NOW,B2,B,致命,False,2.5,False,x-ai/grok-4.3,False,weekly,2026-08-01,Validated,Approaching falsification,-4,downgrade,85,False,,77,0,2026-08-01,0.5512,111.23,live,0.126038,2026-07-25,,,,,,,,,,2,NOW@2026-W31,2,,,,,,,,,,,,,,,,,0.124807
NOW:B3:2026-05-15,NOW,B3,B,致命,False,2.5,True,x-ai/grok-4.5,False,,2026-05-15,supported,Validated,0,lateral,7,True,1,,1,2026-05-16,,95.07,hist_backfill,0.042663,2026-05-09,,0.074261,0.308194,0.182813,0.074471,-0.000316,0.034396,0.118334,0.132955,2,NOW@2026-W20,24,0.021569,0.052692,0.067122,0.241072,0.014269,0.168544,-0.010315,0.084786,0.004574,-0.00489,-0.046622,0.081018,-0.018337,0.136671,-0.007325,0.14028,0.041949
NOW:B3:2026-05-16,NOW,B3,B,致命,False,2.5,True,x-ai/grok-4.5,False,,2026-05-16,Validated,Validated,0,lateral,8,True,,1,0,2026-05-16,,95.07,hist_backfill,0.042663,2026-05-09,,0.074261,0.308194,0.182813,0.074471,-0.000316,0.034396,0.118334,0.132955,2,NOW@2026-W20,24,0.021569,0.052692,0.067122,0.241072,0.014269,0.168544,-0.010315,0.084786,0.004574,-0.00489,-0.046622,0.081018,-0.018337,0.136671,-0.007325,0.14028,0.041949
NOW:C1:2026-05-15,NOW,C1,C,明顯受損,False,0.9,False,x-ai/grok-4.5,False,,2026-05-15,supported,Validated,0,lateral,7,True,1,,1,2026-05-16,,95.07,hist_backfill,0.042663,2026-05-09,,0.074261,0.308194,0.182813,0.074471,-0.000316,0.034396,0.118334,0.132955,2,NOW@2026-W20,24,0.021569,0.052692,0.067122,0.241072,0.014269,0.168544,-0.010315,0.084786,0.004574,-0.00489,-0.046622,0.081018,-0.018337,0.136671,-0.007325,0.14028,0.041949
NOW:C1:2026-05-16,NOW,C1,C,明顯受損,False,0.9,False,x-ai/grok-4.5,False,,2026-05-16,Validated,Validated,0,lateral,8,True,,1,0,2026-05-16,,95.07,hist_backfill,0.042663,2026-05-09,,0.074261,0.308194,0.182813,0.074471,-0.000316,0.034396,0.118334,0.132955,2,NOW@2026-W20,24,0.021569,0.052692,0.067122,0.241072,0.014269,0.168544,-0.010315,0.084786,0.004574,-0.00489,-0.046622,0.081018,-0.018337,0.136671,-0.007325,0.14028,0.041949
NOW:C2:2026-05-15,NOW,C2,C,明顯受損,False,0.9,False,x-ai/grok-4.5,False,,2026-05-15,partially_supported,Inconclusive,0,lateral,7,True,1,,1,2026-05-16,,95.07,hist_backfill,0.042663,2026-05-09,,0.074261,0.308194,0.182813,0.074471,-0.000316,0.034396,0.118334,0.132955,2,NOW@2026-W20,24,0.021569,0.052692,0.067122,0.241072,0.014269,0.168544,-0.010315,0.084786,0.004574,-0.00489,-0.046622,0.081018,-0.018337,0.136671,-0.007325,0.14028,0.041949
NOW:C2:2026-05-16,NOW,C2,C,明顯受損,False,0.9,False,x-ai/grok-4.5,False,,2026-05-16,Inconclusive,Trending positive,1,upgrade,8,True,,1,0,2026-05-16,,95.07,hist_backfill,0.042663,2026-05-09,,0.074261,0.308194,0.182813,0.074471,-0.000316,0.034396,0.118334,0.132955,2,NOW@2026-W20,24,0.021569,0.052692,0.067122,0.241072,0.014269,0.168544,-0.010315,0.084786,0.004574,-0.00489,-0.046622,0.081018,-0.018337,0.136671,-0.007325,0.14028,0.041949
NOW:C3:2026-05-08,NOW,C3,C,明顯受損,False,0.9,False,x-ai/grok-4.5,False,,2026-05-08,partially_supported,supported,2,upgrade,0,True,7,,1,2026-05-09,,91.18,hist_backfill,0.000219,2026-05-02,,0.042663,0.120092,0.364005,0.233275,0.120311,0.042334,0.078526,0.166045,2,NOW@2026-W19,2,0.000714,0.041949,0.022903,0.097189,0.063736,0.300269,0.022851,0.210424,0.018774,0.101537,0.039023,0.003311,-0.014805,0.093331,-0.010483,0.176528,-0.024821
NOW:C3:2026-05-15,NOW,C3,C,明顯受損,False,0.9,False,x-ai/grok-4.5,False,,2026-05-15,supported,Validated,0,lateral,7,True,1,7,1,2026-05-16,,95.07,hist_backfill,0.042663,2026-05-09,,0.074261,0.308194,0.182813,0.074471,-0.000316,0.034396,0.118334,0.132955,2,NOW@2026-W20,24,0.021569,0.052692,0.067122,0.241072,0.014269,0.168544,-0.010315,0.084786,0.004574,-0.00489,-0.046622,0.081018,-0.018337,0.136671,-0.007325,0.14028,0.041949
NOW:C3:2026-05-16,NOW,C3,C,明顯受損,False,0.9,False,x-ai/grok-4.5,False,,2026-05-16,Validated,Trending positive,-1,downgrade,8,True,,1,0,2026-05-16,,95.07,hist_backfill,0.042663,2026-05-09,,0.074261,0.308194,0.182813,0.074471,-0.000316,0.034396,0.118334,0.132955,2,NOW@2026-W20,24,0.021569,0.052692,0.067122,0.241072,0.014269,0.168544,-0.010315,0.084786,0.004574,-0.00489,-0.046622,0.081018,-0.018337,0.136671,-0.007325,0.14028,0.041949
NOW:D1:2026-05-15,NOW,D1,D,輕微,False,0.4,False,x-ai/grok-4.5,False,,2026-05-15,supported,Validated,0,lateral,7,True,1,,1,2026-05-16,,95.07,hist_backfill,0.042663,2026-05-09,,0.074261,0.308194,0.182813,0.074471,-0.000316,0.034396,0.118334,0.132955,2,NOW@2026-W20,24,0.021569,0.052692,0.067122,0.241072,0.014269,0.168544,-0.010315,0.084786,0.004574,-0.00489,-0.046622,0.081018,-0.018337,0.136671,-0.007325,0.14028,0.041949
NOW:D1:2026-05-16,NOW,D1,D,輕微,False,0.4,False,x-ai/grok-4.5,False,,2026-05-16,Validated,Validated,0,lateral,8,True,,1,0,2026-05-16,,95.07,hist_backfill,0.042663,2026-05-09,,0.074261,0.308194,0.182813,0.074471,-0.000316,0.034396,0.118334,0.132955,2,NOW@2026-W20,24,0.021569,0.052692,0.067122,0.241072,0.014269,0.168544,-0.010315,0.084786,0.004574,-0.00489,-0.046622,0.081018,-0.018337,0.136671,-0.007325,0.14028,0.041949
NOW:D2:2026-05-15,NOW,D2,D,輕微,False,0.4,False,x-ai/grok-4.5,False,,2026-05-15,supported,Validated,0,lateral,7,True,1,,1,2026-05-16,,95.07,hist_backfill,0.042663,2026-05-09,,0.074261,0.308194,0.182813,0.074471,-0.000316,0.034396,0.118334,0.132955,2,NOW@2026-W20,24,0.021569,0.052692,0.067122,0.241072,0.014269,0.168544,-0.010315,0.084786,0.004574,-0.00489,-0.046622,0.081018,-0.018337,0.136671,-0.007325,0.14028,0.041949
NOW:D2:2026-05-16,NOW,D2,D,輕微,False,0.4,False,x-ai/grok-4.5,False,,2026-05-16,Validated,Validated,0,lateral,8,True,,1,0,2026-05-16,,95.07,hist_backfill,0.042663,2026-05-09,,0.074261,0.308194,0.182813,0.074471,-0.000316,0.034396,0.118334,0.132955,2,NOW@2026-W20,24,0.021569,0.052692,0.067122,0.241072,0.014269,0.168544,-0.010315,0.084786,0.004574,-0.00489,-0.046622,0.081018,-0.018337,0.136671,-0.007325,0.14028,0.041949
NOW:D3:2026-05-15,NOW,D3,D,輕微,False,0.4,False,x-ai/grok-4.5,False,,2026-05-15,supported,Validated,0,lateral,7,True,1,,1,2026-05-16,,95.07,hist_backfill,0.042663,2026-05-09,,0.074261,0.308194,0.182813,0.074471,-0.000316,0.034396,0.118334,0.132955,2,NOW@2026-W20,24,0.021569,0.052692,0.067122,0.241072,0.014269,0.168544,-0.010315,0.084786,0.004574,-0.00489,-0.046622,0.081018,-0.018337,0.136671,-0.007325,0.14028,0.041949
NOW:D3:2026-05-16,NOW,D3,D,輕微,False,0.4,False,x-ai/grok-4.5,False,,2026-05-16,Validated,Validated,0,lateral,8,True,,1,0,2026-05-16,,95.07,hist_backfill,0.042663,2026-05-09,,0.074261,0.308194,0.182813,0.074471,-0.000316,0.034396,0.118334,0.132955,2,NOW@2026-W20,24,0.021569,0.052692,0.067122,0.241072,0.014269,0.168544,-0.010315,0.084786,0.004574,-0.00489,-0.046622,0.081018,-0.018337,0.136671,-0.007325,0.14028,0.041949
NVDA:C2:2026-07-18,NVDA,C2,C,明顯受損,False,0.9,True,deepseek/deepseek-v4-pro,True,,2026-07-18,Trending positive,Validated,1,upgrade,0,False,,,0,2026-07-18,0.6606,202.81,live,-0.038633,2026-07-11,-0.0984,,0.019871,-0.010157,,,,,,2,NVDA@2026-W29,2,0.030292,,-0.015403,0.035274,-0.006025,-0.004132,-0.042566,,0.098491,,,,,,,,0.01265
NVDA:C3:2026-07-18,NVDA,C3,C,明顯受損,False,0.9,False,deepseek/deepseek-v4-pro,True,,2026-07-18,Inconclusive,Trending positive,1,upgrade,0,False,,,0,2026-07-18,0.6606,202.81,live,-0.038633,2026-07-11,-0.0984,,0.019871,-0.010157,,,,,,2,NVDA@2026-W29,2,0.030292,,-0.015403,0.035274,-0.006025,-0.004132,-0.042566,,0.098491,,,,,,,,0.01265
OKLO:A1:2026-05-15,OKLO,A1,A,致命,False,2.5,False,x-ai/grok-4.5,False,,2026-05-15,partially_supported,Inconclusive,0,lateral,6,True,1,,1,2026-05-16,,62.25,hist_backfill,-0.141498,2026-05-09,,0.058313,0.074378,-0.066827,-0.076466,-0.017349,-0.196787,-0.158876,-0.215261,2,OKLO@2026-W20,24,0.021569,0.036744,0.067122,0.007256,0.014269,-0.081096,-0.010315,-0.066151,0.004574,-0.021923,-0.046622,-0.150165,-0.018337,-0.140539,-0.007325,-0.207936,-0.142212
OKLO:A1:2026-05-16,OKLO,A1,A,致命,False,2.5,False,x-ai/grok-4.5,False,,2026-05-16,Inconclusive,Trending positive,1,upgrade,7,True,,1,0,2026-05-16,,62.25,hist_backfill,-0.141498,2026-05-09,,0.058313,0.074378,-0.066827,-0.076466,-0.017349,-0.196787,-0.158876,-0.215261,2,OKLO@2026-W20,24,0.021569,0.036744,0.067122,0.007256,0.014269,-0.081096,-0.010315,-0.066151,0.004574,-0.021923,-0.046622,-0.150165,-0.018337,-0.140539,-0.007325,-0.207936,-0.142212
OKLO:A2:2026-05-15,OKLO,A2,A,致命,False,2.5,False,x-ai/grok-4.5,False,,2026-05-15,partially_supported,Inconclusive,0,lateral,6,True,1,,1,2026-05-16,,62.25,hist_backfill,-0.141498,2026-05-09,,0.058313,0.074378,-0.066827,-0.076466,-0.017349,-0.196787,-0.158876,-0.215261,2,OKLO@2026-W20,24,0.021569,0.036744,0.067122,0.007256,0.014269,-0.081096,-0.010315,-0.066151,0.004574,-0.021923,-0.046622,-0.150165,-0.018337,-0.140539,-0.007325,-0.207936,-0.142212
OKLO:A2:2026-05-16,OKLO,A2,A,致命,False,2.5,False,x-ai/grok-4.5,False,,2026-05-16,Inconclusive,Trending positive,1,upgrade,7,True,,1,0,2026-05-16,,62.25,hist_backfill,-0.141498,2026-05-09,,0.058313,0.074378,-0.066827,-0.076466,-0.017349,-0.196787,-0.158876,-0.215261,2,OKLO@2026-W20,24,0.021569,0.036744,0.067122,0.007256,0.014269,-0.081096,-0.010315,-0.066151,0.004574,-0.021923,-0.046622,-0.150165,-0.018337,-0.140539,-0.007325,-0.207936,-0.142212
OKLO:A3:2026-05-15,OKLO,A3,A,致命,False,2.5,False,x-ai/grok-4.5,False,,2026-05-15,partially_supported,Inconclusive,0,lateral,6,True,1,,1,2026-05-16,,62.25,hist_backfill,-0.141498,2026-05-09,,0.058313,0.074378,-0.066827,-0.076466,-0.017349,-0.196787,-0.158876,-0.215261,2,OKLO@2026-W20,24,0.021569,0.036744,0.067122,0.007256,0.014269,-0.081096,-0.010315,-0.066151,0.004574,-0.021923,-0.046622,-0.150165,-0.018337,-0.140539,-0.007325,-0.207936,-0.142212
OKLO:A3:2026-05-16,OKLO,A3,A,致命,False,2.5,False,x-ai/grok-4.5,False,,2026-05-16,Inconclusive,Trending positive,1,upgrade,7,True,,1,0,2026-05-16,,62.25,hist_backfill,-0.141498,2026-05-09,,0.058313,0.074378,-0.066827,-0.076466,-0.017349,-0.196787,-0.158876,-0.215261,2,OKLO@2026-W20,24,0.021569,0.036744,0.067122,0.007256,0.014269,-0.081096,-0.010315,-0.066151,0.004574,-0.021923,-0.046622,-0.150165,-0.018337,-0.140539,-0.007325,-0.207936,-0.142212
OKLO:B1:2026-05-15,OKLO,B1,B,致命,False,2.5,True,x-ai/grok-4.5,False,,2026-05-15,partially_supported,Inconclusive,0,lateral,6,True,1,,1,2026-05-16,,62.25,hist_backfill,-0.141498,2026-05-09,,0.058313,0.074378,-0.066827,-0.076466,-0.017349,-0.196787,-0.158876,-0.215261,2,OKLO@2026-W20,24,0.021569,0.036744,0.067122,0.007256,0.014269,-0.081096,-0.010315,-0.066151,0.004574,-0.021923,-0.046622,-0.150165,-0.018337,-0.140539,-0.007325,-0.207936,-0.142212
OKLO:B1:2026-05-16,OKLO,B1,B,致命,False,2.5,True,x-ai/grok-4.5,False,,2026-05-16,Inconclusive,Trending positive,1,upgrade,7,True,56,1,0,2026-05-16,,62.25,hist_backfill,-0.141498,2026-05-09,,0.058313,0.074378,-0.066827,-0.076466,-0.017349,-0.196787,-0.158876,-0.215261,2,OKLO@2026-W20,24,0.021569,0.036744,0.067122,0.007256,0.014269,-0.081096,-0.010315,-0.066151,0.004574,-0.021923,-0.046622,-0.150165,-0.018337,-0.140539,-0.007325,-0.207936,-0.142212
OKLO:B1:2026-07-11,OKLO,B1,B,致命,False,2.5,True,x-ai/grok-4.5,False,,2026-07-11,Trending positive,Inconclusive,-1,downgrade,63,False,21,56,0,2026-07-11,0.6909,48.85,live,-0.067036,2026-07-09,-0.0909,-0.158444,-0.158444,-0.099284,-0.205118,,,,,2,OKLO@2026-W28,1,-0.051283,-0.107161,-0.066019,-0.092425,-0.082329,-0.016955,-0.070719,-0.134399,-0.133121,,-0.041809,,,,,,-0.069432
OKLO:B1:2026-08-01,OKLO,B1,B,致命,False,2.5,True,x-ai/grok-4.3,False,weekly,2026-08-01,Inconclusive,Falsified,-3,downgrade,84,False,1,21,0,2026-08-01,0.3907,38.83,live,-0.1175,2026-07-25,,,,,,,,,,2,OKLO@2026-W31,2,,,,,,,,,,,,,,,,,-0.118731
OKLO:B1:2026-08-02,OKLO,B1,B,致命,False,2.5,True,x-ai/grok-4.3,False,correction,2026-08-02,Falsified,Inconclusive,3,upgrade,85,False,,1,,,,,,,,,,,,,,,,,2,OKLO@2026-W31,2,,,,,,,,,,,,,,,,,
OKLO:B2:2026-05-15,OKLO,B2,B,致命,False,2.5,False,x-ai/grok-4.5,False,,2026-05-15,partially_supported,Inconclusive,0,lateral,6,True,1,,1,2026-05-16,,62.25,hist_backfill,-0.141498,2026-05-09,,0.058313,0.074378,-0.066827,-0.076466,-0.017349,-0.196787,-0.158876,-0.215261,2,OKLO@2026-W20,24,0.021569,0.036744,0.067122,0.007256,0.014269,-0.081096,-0.010315,-0.066151,0.004574,-0.021923,-0.046622,-0.150165,-0.018337,-0.140539,-0.007325,-0.207936,-0.142212
OKLO:B2:2026-05-16,OKLO,B2,B,致命,False,2.5,False,x-ai/grok-4.5,False,,2026-05-16,Inconclusive,Trending positive,1,upgrade,7,True,,1,0,2026-05-16,,62.25,hist_backfill,-0.141498,2026-05-09,,0.058313,0.074378,-0.066827,-0.076466,-0.017349,-0.196787,-0.158876,-0.215261,2,OKLO@2026-W20,24,0.021569,0.036744,0.067122,0.007256,0.014269,-0.081096,-0.010315,-0.066151,0.004574,-0.021923,-0.046622,-0.150165,-0.018337,-0.140539,-0.007325,-0.207936,-0.142212
OKLO:B3:2026-05-15,OKLO,B3,B,致命,False,2.5,False,x-ai/grok-4.5,False,,2026-05-15,partially_supported,Inconclusive,0,lateral,6,True,1,,1,2026-05-16,,62.25,hist_backfill,-0.141498,2026-05-09,,0.058313,0.074378,-0.066827,-0.076466,-0.017349,-0.196787,-0.158876,-0.215261,2,OKLO@2026-W20,24,0.021569,0.036744,0.067122,0.007256,0.014269,-0.081096,-0.010315,-0.066151,0.004574,-0.021923,-0.046622,-0.150165,-0.018337,-0.140539,-0.007325,-0.207936,-0.142212
OKLO:B3:2026-05-16,OKLO,B3,B,致命,False,2.5,False,x-ai/grok-4.5,False,,2026-05-16,Inconclusive,Trending positive,1,upgrade,7,True,,1,0,2026-05-16,,62.25,hist_backfill,-0.141498,2026-05-09,,0.058313,0.074378,-0.066827,-0.076466,-0.017349,-0.196787,-0.158876,-0.215261,2,OKLO@2026-W20,24,0.021569,0.036744,0.067122,0.007256,0.014269,-0.081096,-0.010315,-0.066151,0.004574,-0.021923,-0.046622,-0.150165,-0.018337,-0.140539,-0.007325,-0.207936,-0.142212
OKLO:C1:2026-05-15,OKLO,C1,C,明顯受損,False,0.9,False,x-ai/grok-4.5,False,,2026-05-15,partially_supported,Inconclusive,0,lateral,6,True,1,,1,2026-05-16,,62.25,hist_backfill,-0.141498,2026-05-09,,0.058313,0.074378,-0.066827,-0.076466,-0.017349,-0.196787,-0.158876,-0.215261,2,OKLO@2026-W20,24,0.021569,0.036744,0.067122,0.007256,0.014269,-0.081096,-0.010315,-0.066151,0.004574,-0.021923,-0.046622,-0.150165,-0.018337,-0.140539,-0.007325,-0.207936,-0.142212
OKLO:C1:2026-05-16,OKLO,C1,C,明顯受損,False,0.9,False,x-ai/grok-4.5,False,,2026-05-16,Inconclusive,Trending positive,1,upgrade,7,True,,1,0,2026-05-16,,62.25,hist_backfill,-0.141498,2026-05-09,,0.058313,0.074378,-0.066827,-0.076466,-0.017349,-0.196787,-0.158876,-0.215261,2,OKLO@2026-W20,24,0.021569,0.036744,0.067122,0.007256,0.014269,-0.081096,-0.010315,-0.066151,0.004574,-0.021923,-0.046622,-0.150165,-0.018337,-0.140539,-0.007325,-0.207936,-0.142212
OKLO:C2:2026-05-15,OKLO,C2,C,明顯受損,False,0.9,False,x-ai/grok-4.5,False,,2026-05-15,partially_supported,Inconclusive,0,lateral,6,True,1,,1,2026-05-16,,62.25,hist_backfill,-0.141498,2026-05-09,,0.058313,0.074378,-0.066827,-0.076466,-0.017349,-0.196787,-0.158876,-0.215261,2,OKLO@2026-W20,24,0.021569,0.036744,0.067122,0.007256,0.014269,-0.081096,-0.010315,-0.066151,0.004574,-0.021923,-0.046622,-0.150165,-0.018337,-0.140539,-0.007325,-0.207936,-0.142212
OKLO:C2:2026-05-16,OKLO,C2,C,明顯受損,False,0.9,False,x-ai/grok-4.5,False,,2026-05-16,Inconclusive,Inconclusive,0,lateral,7,True,,1,0,2026-05-16,,62.25,hist_backfill,-0.141498,2026-05-09,,0.058313,0.074378,-0.066827,-0.076466,-0.017349,-0.196787,-0.158876,-0.215261,2,OKLO@2026-W20,24,0.021569,0.036744,0.067122,0.007256,0.014269,-0.081096,-0.010315,-0.066151,0.004574,-0.021923,-0.046622,-0.150165,-0.018337,-0.140539,-0.007325,-0.207936,-0.142212
OKLO:C3:2026-05-15,OKLO,C3,C,明顯受損,False,0.9,False,x-ai/grok-4.5,False,,2026-05-15,challenged,Approaching falsification,0,lateral,6,True,1,,1,2026-05-16,,62.25,hist_backfill,-0.141498,2026-05-09,,0.058313,0.074378,-0.066827,-0.076466,-0.017349,-0.196787,-0.158876,-0.215261,2,OKLO@2026-W20,24,0.021569,0.036744,0.067122,0.007256,0.014269,-0.081096,-0.010315,-0.066151,0.004574,-0.021923,-0.046622,-0.150165,-0.018337,-0.140539,-0.007325,-0.207936,-0.142212
OKLO:C3:2026-05-16,OKLO,C3,C,明顯受損,False,0.9,False,x-ai/grok-4.5,False,,2026-05-16,Approaching falsification,Trending negative,1,upgrade,7,True,,1,0,2026-05-16,,62.25,hist_backfill,-0.141498,2026-05-09,,0.058313,0.074378,-0.066827,-0.076466,-0.017349,-0.196787,-0.158876,-0.215261,2,OKLO@2026-W20,24,0.021569,0.036744,0.067122,0.007256,0.014269,-0.081096,-0.010315,-0.066151,0.004574,-0.021923,-0.046622,-0.150165,-0.018337,-0.140539,-0.007325,-0.207936,-0.142212
OKLO:D1:2026-05-15,OKLO,D1,D,重創,False,1.6,False,x-ai/grok-4.5,False,,2026-05-15,partially_supported,Inconclusive,0,lateral,6,True,1,,1,2026-05-16,,62.25,hist_backfill,-0.141498,2026-05-09,,0.058313,0.074378,-0.066827,-0.076466,-0.017349,-0.196787,-0.158876,-0.215261,2,OKLO@2026-W20,24,0.021569,0.036744,0.067122,0.007256,0.014269,-0.081096,-0.010315,-0.066151,0.004574,-0.021923,-0.046622,-0.150165,-0.018337,-0.140539,-0.007325,-0.207936,-0.142212
OKLO:D1:2026-05-16,OKLO,D1,D,重創,False,1.6,False,x-ai/grok-4.5,False,,2026-05-16,Inconclusive,Trending positive,1,upgrade,7,True,,1,0,2026-05-16,,62.25,hist_backfill,-0.141498,2026-05-09,,0.058313,0.074378,-0.066827,-0.076466,-0.017349,-0.196787,-0.158876,-0.215261,2,OKLO@2026-W20,24,0.021569,0.036744,0.067122,0.007256,0.014269,-0.081096,-0.010315,-0.066151,0.004574,-0.021923,-0.046622,-0.150165,-0.018337,-0.140539,-0.007325,-0.207936,-0.142212
OKLO:D2:2026-05-15,OKLO,D2,D,重創,False,1.6,False,x-ai/grok-4.5,False,,2026-05-15,challenged,Approaching falsification,0,lateral,6,True,1,,1,2026-05-16,,62.25,hist_backfill,-0.141498,2026-05-09,,0.058313,0.074378,-0.066827,-0.076466,-0.017349,-0.196787,-0.158876,-0.215261,2,OKLO@2026-W20,24,0.021569,0.036744,0.067122,0.007256,0.014269,-0.081096,-0.010315,-0.066151,0.004574,-0.021923,-0.046622,-0.150165,-0.018337,-0.140539,-0.007325,-0.207936,-0.142212
OKLO:D2:2026-05-16,OKLO,D2,D,重創,False,1.6,False,x-ai/grok-4.5,False,,2026-05-16,Approaching falsification,Trending negative,1,upgrade,7,True,,1,0,2026-05-16,,62.25,hist_backfill,-0.141498,2026-05-09,,0.058313,0.074378,-0.066827,-0.076466,-0.017349,-0.196787,-0.158876,-0.215261,2,OKLO@2026-W20,24,0.021569,0.036744,0.067122,0.007256,0.014269,-0.081096,-0.010315,-0.066151,0.004574,-0.021923,-0.046622,-0.150165,-0.018337,-0.140539,-0.007325,-0.207936,-0.142212
OKLO:D3:2026-05-09,OKLO,D3,D,重創,False,1.6,False,x-ai/grok-4.5,False,,2026-05-09,partially_supported,challenged,-2,downgrade,0,True,6,,0,2026-05-09,,72.51,hist_backfill,0.029972,2026-05-02,,-0.141498,-0.091436,-0.077644,-0.198869,-0.207144,-0.156392,-0.31044,-0.277893,2,OKLO@2026-W19,1,0.000714,-0.142212,0.022903,-0.114339,0.063736,-0.14138,0.022851,-0.22172,0.018774,-0.225918,0.039023,-0.195415,-0.014805,-0.295635,-0.010483,-0.26741,0.004932
OKLO:D3:2026-05-15,OKLO,D3,D,重創,False,1.6,False,x-ai/grok-4.5,False,,2026-05-15,challenged,Approaching falsification,0,lateral,6,True,1,6,1,2026-05-16,,62.25,hist_backfill,-0.141498,2026-05-09,,0.058313,0.074378,-0.066827,-0.076466,-0.017349,-0.196787,-0.158876,-0.215261,2,OKLO@2026-W20,24,0.021569,0.036744,0.067122,0.007256,0.014269,-0.081096,-0.010315,-0.066151,0.004574,-0.021923,-0.046622,-0.150165,-0.018337,-0.140539,-0.007325,-0.207936,-0.142212
OKLO:D3:2026-05-16,OKLO,D3,D,重創,False,1.6,False,x-ai/grok-4.5,False,,2026-05-16,Approaching falsification,Trending negative,1,upgrade,7,True,,1,0,2026-05-16,,62.25,hist_backfill,-0.141498,2026-05-09,,0.058313,0.074378,-0.066827,-0.076466,-0.017349,-0.196787,-0.158876,-0.215261,2,OKLO@2026-W20,24,0.021569,0.036744,0.067122,0.007256,0.014269,-0.081096,-0.010315,-0.066151,0.004574,-0.021923,-0.046622,-0.150165,-0.018337,-0.140539,-0.007325,-0.207936,-0.142212
ONDS:A1:2026-05-15,ONDS,A1,A,致命,False,2.5,False,x-ai/grok-4.5,False,,2026-05-15,partially_supported,Inconclusive,0,lateral,7,True,1,,1,2026-05-16,,10.62,hist_backfill,0.172185,2026-05-09,,-0.146893,0.244821,-0.017891,-0.121469,-0.127119,-0.262712,-0.30226,-0.316384,2,ONDS@2026-W20,24,0.021569,-0.168462,0.067122,0.177699,0.014269,-0.03216,-0.010315,-0.111154,0.004574,-0.131693,-0.046622,-0.21609,-0.018337,-0.283923,-0.007325,-0.309059,0.171471
ONDS:A1:2026-05-16,ONDS,A1,A,致命,False,2.5,False,x-ai/grok-4.5,False,,2026-05-16,Inconclusive,Trending positive,1,upgrade,8,True,,1,0,2026-05-16,,10.62,hist_backfill,0.172185,2026-05-09,,-0.146893,0.244821,-0.017891,-0.121469,-0.127119,-0.262712,-0.30226,-0.316384,2,ONDS@2026-W20,24,0.021569,-0.168462,0.067122,0.177699,0.014269,-0.03216,-0.010315,-0.111154,0.004574,-0.131693,-0.046622,-0.21609,-0.018337,-0.283923,-0.007325,-0.309059,0.171471
ONDS:A2:2026-05-15,ONDS,A2,A,致命,False,2.5,False,x-ai/grok-4.5,False,,2026-05-15,partially_supported,Inconclusive,0,lateral,7,True,1,,1,2026-05-16,,10.62,hist_backfill,0.172185,2026-05-09,,-0.146893,0.244821,-0.017891,-0.121469,-0.127119,-0.262712,-0.30226,-0.316384,2,ONDS@2026-W20,24,0.021569,-0.168462,0.067122,0.177699,0.014269,-0.03216,-0.010315,-0.111154,0.004574,-0.131693,-0.046622,-0.21609,-0.018337,-0.283923,-0.007325,-0.309059,0.171471
ONDS:A2:2026-05-16,ONDS,A2,A,致命,False,2.5,False,x-ai/grok-4.5,False,,2026-05-16,Inconclusive,Inconclusive,0,lateral,8,True,,1,0,2026-05-16,,10.62,hist_backfill,0.172185,2026-05-09,,-0.146893,0.244821,-0.017891,-0.121469,-0.127119,-0.262712,-0.30226,-0.316384,2,ONDS@2026-W20,24,0.021569,-0.168462,0.067122,0.177699,0.014269,-0.03216,-0.010315,-0.111154,0.004574,-0.131693,-0.046622,-0.21609,-0.018337,-0.283923,-0.007325,-0.309059,0.171471
ONDS:A3:2026-05-15,ONDS,A3,A,致命,False,2.5,False,x-ai/grok-4.5,False,,2026-05-15,supported,Validated,0,lateral,7,True,1,,1,2026-05-16,,10.62,hist_backfill,0.172185,2026-05-09,,-0.146893,0.244821,-0.017891,-0.121469,-0.127119,-0.262712,-0.30226,-0.316384,2,ONDS@2026-W20,24,0.021569,-0.168462,0.067122,0.177699,0.014269,-0.03216,-0.010315,-0.111154,0.004574,-0.131693,-0.046622,-0.21609,-0.018337,-0.283923,-0.007325,-0.309059,0.171471
ONDS:A3:2026-05-16,ONDS,A3,A,致命,False,2.5,False,x-ai/grok-4.5,False,,2026-05-16,Validated,Trending positive,-1,downgrade,8,True,,1,0,2026-05-16,,10.62,hist_backfill,0.172185,2026-05-09,,-0.146893,0.244821,-0.017891,-0.121469,-0.127119,-0.262712,-0.30226,-0.316384,2,ONDS@2026-W20,24,0.021569,-0.168462,0.067122,0.177699,0.014269,-0.03216,-0.010315,-0.111154,0.004574,-0.131693,-0.046622,-0.21609,-0.018337,-0.283923,-0.007325,-0.309059,0.171471
ONDS:A4:2026-05-15,ONDS,A4,A,致命,False,2.5,False,x-ai/grok-4.5,False,,2026-05-15,partially_supported,Inconclusive,0,lateral,7,True,1,,1,2026-05-16,,10.62,hist_backfill,0.172185,2026-05-09,,-0.146893,0.244821,-0.017891,-0.121469,-0.127119,-0.262712,-0.30226,-0.316384,2,ONDS@2026-W20,24,0.021569,-0.168462,0.067122,0.177699,0.014269,-0.03216,-0.010315,-0.111154,0.004574,-0.131693,-0.046622,-0.21609,-0.018337,-0.283923,-0.007325,-0.309059,0.171471
ONDS:A4:2026-05-16,ONDS,A4,A,致命,False,2.5,False,x-ai/grok-4.5,False,,2026-05-16,Inconclusive,Trending positive,1,upgrade,8,True,,1,0,2026-05-16,,10.62,hist_backfill,0.172185,2026-05-09,,-0.146893,0.244821,-0.017891,-0.121469,-0.127119,-0.262712,-0.30226,-0.316384,2,ONDS@2026-W20,24,0.021569,-0.168462,0.067122,0.177699,0.014269,-0.03216,-0.010315,-0.111154,0.004574,-0.131693,-0.046622,-0.21609,-0.018337,-0.283923,-0.007325,-0.309059,0.171471
ONDS:B1:2026-05-15,ONDS,B1,B,邊緣,False,0.15,True,x-ai/grok-4.5,False,,2026-05-15,partially_supported,Inconclusive,0,lateral,7,True,1,,1,2026-05-16,,10.62,hist_backfill,0.172185,2026-05-09,,-0.146893,0.244821,-0.017891,-0.121469,-0.127119,-0.262712,-0.30226,-0.316384,2,ONDS@2026-W20,24,0.021569,-0.168462,0.067122,0.177699,0.014269,-0.03216,-0.010315,-0.111154,0.004574,-0.131693,-0.046622,-0.21609,-0.018337,-0.283923,-0.007325,-0.309059,0.171471
ONDS:B1:2026-05-16,ONDS,B1,B,邊緣,False,0.15,True,x-ai/grok-4.5,False,,2026-05-16,Inconclusive,Trending positive,1,upgrade,8,True,,1,0,2026-05-16,,10.62,hist_backfill,0.172185,2026-05-09,,-0.146893,0.244821,-0.017891,-0.121469,-0.127119,-0.262712,-0.30226,-0.316384,2,ONDS@2026-W20,24,0.021569,-0.168462,0.067122,0.177699,0.014269,-0.03216,-0.010315,-0.111154,0.004574,-0.131693,-0.046622,-0.21609,-0.018337,-0.283923,-0.007325,-0.309059,0.171471
ONDS:B2:2026-05-15,ONDS,B2,B,邊緣,False,0.15,False,x-ai/grok-4.5,False,,2026-05-15,challenged,Approaching falsification,0,lateral,7,True,1,,1,2026-05-16,,10.62,hist_backfill,0.172185,2026-05-09,,-0.146893,0.244821,-0.017891,-0.121469,-0.127119,-0.262712,-0.30226,-0.316384,2,ONDS@2026-W20,24,0.021569,-0.168462,0.067122,0.177699,0.014269,-0.03216,-0.010315,-0.111154,0.004574,-0.131693,-0.046622,-0.21609,-0.018337,-0.283923,-0.007325,-0.309059,0.171471
ONDS:B2:2026-05-16,ONDS,B2,B,邊緣,False,0.15,False,x-ai/grok-4.5,False,,2026-05-16,Approaching falsification,Trending negative,1,upgrade,8,True,,1,0,2026-05-16,,10.62,hist_backfill,0.172185,2026-05-09,,-0.146893,0.244821,-0.017891,-0.121469,-0.127119,-0.262712,-0.30226,-0.316384,2,ONDS@2026-W20,24,0.021569,-0.168462,0.067122,0.177699,0.014269,-0.03216,-0.010315,-0.111154,0.004574,-0.131693,-0.046622,-0.21609,-0.018337,-0.283923,-0.007325,-0.309059,0.171471
ONDS:C1:2026-05-15,ONDS,C1,C,明顯受損,False,0.9,False,x-ai/grok-4.5,False,,2026-05-15,partially_supported,Inconclusive,0,lateral,7,True,1,,1,2026-05-16,,10.62,hist_backfill,0.172185,2026-05-09,,-0.146893,0.244821,-0.017891,-0.121469,-0.127119,-0.262712,-0.30226,-0.316384,2,ONDS@2026-W20,24,0.021569,-0.168462,0.067122,0.177699,0.014269,-0.03216,-0.010315,-0.111154,0.004574,-0.131693,-0.046622,-0.21609,-0.018337,-0.283923,-0.007325,-0.309059,0.171471
ONDS:C1:2026-05-16,ONDS,C1,C,明顯受損,False,0.9,False,x-ai/grok-4.5,False,,2026-05-16,Inconclusive,Trending positive,1,upgrade,8,True,55,1,0,2026-05-16,,10.62,hist_backfill,0.172185,2026-05-09,,-0.146893,0.244821,-0.017891,-0.121469,-0.127119,-0.262712,-0.30226,-0.316384,2,ONDS@2026-W20,24,0.021569,-0.168462,0.067122,0.177699,0.014269,-0.03216,-0.010315,-0.111154,0.004574,-0.131693,-0.046622,-0.21609,-0.018337,-0.283923,-0.007325,-0.309059,0.171471
ONDS:C1:2026-07-10,ONDS,C1,C,明顯受損,False,0.9,False,x-ai/grok-4.5,False,,2026-07-10,Trending positive,Approaching falsification,-3,downgrade,63,False,,55,1,2026-07-11,0.5894,7.26,live,-0.020243,2026-07-09,0.0,-0.100551,-0.100551,0.092287,0.03168,,,,,2,ONDS@2026-W28,4,-0.051283,-0.049268,-0.066019,-0.034532,-0.082329,0.174616,-0.070719,0.102399,-0.133121,,-0.041809,,,,,,-0.022639
ONDS:C2:2026-05-15,ONDS,C2,C,明顯受損,False,0.9,False,x-ai/grok-4.5,False,,2026-05-15,partially_supported,Inconclusive,0,lateral,7,True,1,,1,2026-05-16,,10.62,hist_backfill,0.172185,2026-05-09,,-0.146893,0.244821,-0.017891,-0.121469,-0.127119,-0.262712,-0.30226,-0.316384,2,ONDS@2026-W20,24,0.021569,-0.168462,0.067122,0.177699,0.014269,-0.03216,-0.010315,-0.111154,0.004574,-0.131693,-0.046622,-0.21609,-0.018337,-0.283923,-0.007325,-0.309059,0.171471
ONDS:C2:2026-05-16,ONDS,C2,C,明顯受損,False,0.9,False,x-ai/grok-4.5,False,,2026-05-16,Inconclusive,Trending positive,1,upgrade,8,True,,1,0,2026-05-16,,10.62,hist_backfill,0.172185,2026-05-09,,-0.146893,0.244821,-0.017891,-0.121469,-0.127119,-0.262712,-0.30226,-0.316384,2,ONDS@2026-W20,24,0.021569,-0.168462,0.067122,0.177699,0.014269,-0.03216,-0.010315,-0.111154,0.004574,-0.131693,-0.046622,-0.21609,-0.018337,-0.283923,-0.007325,-0.309059,0.171471
ONDS:C3:2026-05-15,ONDS,C3,C,明顯受損,False,0.9,False,x-ai/grok-4.5,False,,2026-05-15,partially_supported,Inconclusive,0,lateral,7,True,1,,1,2026-05-16,,10.62,hist_backfill,0.172185,2026-05-09,,-0.146893,0.244821,-0.017891,-0.121469,-0.127119,-0.262712,-0.30226,-0.316384,2,ONDS@2026-W20,24,0.021569,-0.168462,0.067122,0.177699,0.014269,-0.03216,-0.010315,-0.111154,0.004574,-0.131693,-0.046622,-0.21609,-0.018337,-0.283923,-0.007325,-0.309059,0.171471
ONDS:C3:2026-05-16,ONDS,C3,C,明顯受損,False,0.9,False,x-ai/grok-4.5,False,,2026-05-16,Inconclusive,Trending negative,-1,downgrade,8,True,,1,0,2026-05-16,,10.62,hist_backfill,0.172185,2026-05-09,,-0.146893,0.244821,-0.017891,-0.121469,-0.127119,-0.262712,-0.30226,-0.316384,2,ONDS@2026-W20,24,0.021569,-0.168462,0.067122,0.177699,0.014269,-0.03216,-0.010315,-0.111154,0.004574,-0.131693,-0.046622,-0.21609,-0.018337,-0.283923,-0.007325,-0.309059,0.171471
ONDS:D1:2026-05-15,ONDS,D1,D,重創,False,1.6,False,x-ai/grok-4.5,False,,2026-05-15,partially_supported,Inconclusive,0,lateral,7,True,1,,1,2026-05-16,,10.62,hist_backfill,0.172185,2026-05-09,,-0.146893,0.244821,-0.017891,-0.121469,-0.127119,-0.262712,-0.30226,-0.316384,2,ONDS@2026-W20,24,0.021569,-0.168462,0.067122,0.177699,0.014269,-0.03216,-0.010315,-0.111154,0.004574,-0.131693,-0.046622,-0.21609,-0.018337,-0.283923,-0.007325,-0.309059,0.171471
ONDS:D1:2026-05-16,ONDS,D1,D,重創,False,1.6,False,x-ai/grok-4.5,False,,2026-05-16,Inconclusive,Trending positive,1,upgrade,8,True,55,1,0,2026-05-16,,10.62,hist_backfill,0.172185,2026-05-09,,-0.146893,0.244821,-0.017891,-0.121469,-0.127119,-0.262712,-0.30226,-0.316384,2,ONDS@2026-W20,24,0.021569,-0.168462,0.067122,0.177699,0.014269,-0.03216,-0.010315,-0.111154,0.004574,-0.131693,-0.046622,-0.21609,-0.018337,-0.283923,-0.007325,-0.309059,0.171471
ONDS:D1:2026-07-10,ONDS,D1,D,重創,False,1.6,False,x-ai/grok-4.5,False,,2026-07-10,Trending positive,Trending negative,-2,downgrade,63,False,,55,1,2026-07-11,0.5894,7.26,live,-0.020243,2026-07-09,0.0,-0.100551,-0.100551,0.092287,0.03168,,,,,2,ONDS@2026-W28,4,-0.051283,-0.049268,-0.066019,-0.034532,-0.082329,0.174616,-0.070719,0.102399,-0.133121,,-0.041809,,,,,,-0.022639
ONDS:D2:2026-05-15,ONDS,D2,D,重創,False,1.6,False,x-ai/grok-4.5,False,,2026-05-15,supported,Validated,0,lateral,7,True,1,,1,2026-05-16,,10.62,hist_backfill,0.172185,2026-05-09,,-0.146893,0.244821,-0.017891,-0.121469,-0.127119,-0.262712,-0.30226,-0.316384,2,ONDS@2026-W20,24,0.021569,-0.168462,0.067122,0.177699,0.014269,-0.03216,-0.010315,-0.111154,0.004574,-0.131693,-0.046622,-0.21609,-0.018337,-0.283923,-0.007325,-0.309059,0.171471
ONDS:D2:2026-05-16,ONDS,D2,D,重創,False,1.6,False,x-ai/grok-4.5,False,,2026-05-16,Validated,Validated,0,lateral,8,True,55,1,0,2026-05-16,,10.62,hist_backfill,0.172185,2026-05-09,,-0.146893,0.244821,-0.017891,-0.121469,-0.127119,-0.262712,-0.30226,-0.316384,2,ONDS@2026-W20,24,0.021569,-0.168462,0.067122,0.177699,0.014269,-0.03216,-0.010315,-0.111154,0.004574,-0.131693,-0.046622,-0.21609,-0.018337,-0.283923,-0.007325,-0.309059,0.171471
ONDS:D2:2026-07-10,ONDS,D2,D,重創,False,1.6,False,x-ai/grok-4.5,False,,2026-07-10,Validated,Approaching falsification,-4,downgrade,63,False,,55,1,2026-07-11,0.5894,7.26,live,-0.020243,2026-07-09,0.0,-0.100551,-0.100551,0.092287,0.03168,,,,,2,ONDS@2026-W28,4,-0.051283,-0.049268,-0.066019,-0.034532,-0.082329,0.174616,-0.070719,0.102399,-0.133121,,-0.041809,,,,,,-0.022639
ONDS:D3:2026-05-08,ONDS,D3,D,重創,False,1.6,False,x-ai/grok-4.5,False,,2026-05-08,partially_supported,challenged,-2,downgrade,0,True,7,,1,2026-05-09,,9.06,hist_backfill,-0.122093,2026-05-02,,0.172185,0.0,0.459161,0.151214,0.029801,0.023179,-0.135762,-0.182119,2,ONDS@2026-W19,1,0.000714,0.171471,0.022903,-0.022903,0.063736,0.395425,0.022851,0.128363,0.018774,0.011027,0.039023,-0.015844,-0.014805,-0.120957,-0.010483,-0.171636,-0.147133
ONDS:D3:2026-05-15,ONDS,D3,D,重創,False,1.6,False,x-ai/grok-4.5,False,,2026-05-15,challenged,Approaching falsification,0,lateral,7,True,1,7,1,2026-05-16,,10.62,hist_backfill,0.172185,2026-05-09,,-0.146893,0.244821,-0.017891,-0.121469,-0.127119,-0.262712,-0.30226,-0.316384,2,ONDS@2026-W20,24,0.021569,-0.168462,0.067122,0.177699,0.014269,-0.03216,-0.010315,-0.111154,0.004574,-0.131693,-0.046622,-0.21609,-0.018337,-0.283923,-0.007325,-0.309059,0.171471
ONDS:D3:2026-05-16,ONDS,D3,D,重創,False,1.6,False,x-ai/grok-4.5,False,,2026-05-16,Approaching falsification,Trending negative,1,upgrade,8,True,14,1,0,2026-05-16,,10.62,hist_backfill,0.172185,2026-05-09,,-0.146893,0.244821,-0.017891,-0.121469,-0.127119,-0.262712,-0.30226,-0.316384,2,ONDS@2026-W20,24,0.021569,-0.168462,0.067122,0.177699,0.014269,-0.03216,-0.010315,-0.111154,0.004574,-0.131693,-0.046622,-0.21609,-0.018337,-0.283923,-0.007325,-0.309059,0.171471
ONDS:D3:2026-05-30,ONDS,D3,D,重創,False,1.6,False,x-ai/grok-4.5,False,,2026-05-30,Trending negative,Validated,3,upgrade,22,False,41,14,0,2026-05-30,,13.22,hist_backfill,0.459161,2026-05-23,,-0.211044,-0.294251,-0.29879,-0.407716,-0.439486,-0.450832,-0.506051,-0.506051,2,ONDS@2026-W22,1,-0.048107,-0.162937,-0.05432,-0.239931,-0.032366,-0.266424,-0.085928,-0.321788,-0.067788,-0.371698,-0.043977,-0.406855,-0.107618,-0.398433,-0.122884,-0.383167,0.416901
ONDS:D3:2026-07-10,ONDS,D3,D,重創,False,1.6,False,x-ai/grok-4.5,False,,2026-07-10,Validated,Inconclusive,-2,downgrade,63,False,8,41,1,2026-07-11,0.5894,7.26,live,-0.020243,2026-07-09,0.0,-0.100551,-0.100551,0.092287,0.03168,,,,,2,ONDS@2026-W28,4,-0.051283,-0.049268,-0.066019,-0.034532,-0.082329,0.174616,-0.070719,0.102399,-0.133121,,-0.041809,,,,,,-0.022639
ONDS:D3:2026-07-18,ONDS,D3,D,重創,False,1.6,False,deepseek/deepseek-v4-pro,True,,2026-07-18,Inconclusive,Trending positive,1,upgrade,71,False,,8,0,2026-07-18,0.5894,6.53,live,-0.100551,2026-07-11,-0.2461,,0.214395,0.147014,,,,,,2,ONDS@2026-W29,1,0.030292,,-0.015403,0.229798,-0.006025,0.153039,-0.042566,,0.098491,,,,,,,,-0.049268
PDD:A1:2026-07-18,PDD,A1,A,重創,False,1.6,False,deepseek/deepseek-v4-pro,True,,2026-07-18,Inconclusive,Trending negative,-1,downgrade,49,False,,,0,2026-07-18,0.5273,84.14,live,-0.011629,2026-07-11,-0.204,,-0.009983,0.052531,,,,,,2,PDD@2026-W29,1,0.030292,,-0.015403,0.00542,-0.006025,0.058556,-0.042566,,0.098491,,,,,,,,0.039654
PDD:C1:2026-07-11,PDD,C1,C,明顯受損,False,0.9,False,x-ai/grok-4.5,False,,2026-07-11,Trending positive,Inconclusive,-1,downgrade,42,False,,,0,2026-07-11,0.6182,85.13,live,0.033256,2026-07-09,-0.0909,-0.011629,-0.011629,-0.021497,0.040291,,,,,2,PDD@2026-W28,1,-0.051283,0.039654,-0.066019,0.05439,-0.082329,0.060832,-0.070719,0.11101,-0.133121,,-0.041809,,,,,,0.03086
PDD:C3:2026-05-30,PDD,C3,C,明顯受損,False,0.9,False,x-ai/grok-4.5,False,,2026-05-30,Trending negative,Falsified,-2,downgrade,0,False,,,0,2026-05-30,,84.44,hist_backfill,-0.106644,2026-05-23,,0.007461,-0.034107,-0.057793,-0.093439,-0.024278,0.008171,-0.003553,-0.003553,2,PDD@2026-W22,2,-0.048107,0.055568,-0.05432,0.020213,-0.032366,-0.025427,-0.085928,-0.007511,-0.067788,0.04351,-0.043977,0.052148,-0.107618,0.104065,-0.122884,0.119331,-0.148904
PDD:D1:2026-05-30,PDD,D1,D,輕微,False,0.4,False,x-ai/grok-4.5,False,,2026-05-30,Trending negative,Approaching falsification,-1,downgrade,0,False,,,0,2026-05-30,,84.44,hist_backfill,-0.106644,2026-05-23,,0.007461,-0.034107,-0.057793,-0.093439,-0.024278,0.008171,-0.003553,-0.003553,2,PDD@2026-W22,2,-0.048107,0.055568,-0.05432,0.020213,-0.032366,-0.025427,-0.085928,-0.007511,-0.067788,0.04351,-0.043977,0.052148,-0.107618,0.104065,-0.122884,0.119331,-0.148904
PLTR:A1:2026-05-09,PLTR,A1,A,致命,False,2.5,False,x-ai/grok-4.5,False,,2026-05-09,partially_supported,supported,2,upgrade,0,True,6,,0,2026-05-09,,137.8,hist_backfill,-0.043521,2026-05-02,,-0.027649,-0.006676,0.135994,-0.016473,-0.07119,-0.067707,-0.180479,-0.061684,2,PLTR@2026-W19,1,0.000714,-0.028363,0.022903,-0.029579,0.063736,0.072258,0.022851,-0.039324,0.018774,-0.089964,0.039023,-0.10673,-0.014805,-0.165674,-0.010483,-0.051201,-0.068561
PLTR:A1:2026-05-15,PLTR,A1,A,致命,False,2.5,False,x-ai/grok-4.5,False,,2026-05-15,supported,Validated,0,lateral,6,True,1,6,1,2026-05-16,,133.99,hist_backfill,-0.027649,2026-05-09,,0.021569,0.168296,0.011493,-0.044779,-0.041197,-0.157176,-0.035003,-0.053735,2,PLTR@2026-W20,30,0.021569,0.0,0.067122,0.101174,0.014269,-0.002776,-0.010315,-0.034464,0.004574,-0.045771,-0.046622,-0.110554,-0.018337,-0.016666,-0.007325,-0.04641,-0.028363
PLTR:A1:2026-05-16,PLTR,A1,A,致命,False,2.5,False,x-ai/grok-4.5,False,,2026-05-16,Validated,Validated,0,lateral,7,True,,1,0,2026-05-16,,133.99,hist_backfill,-0.027649,2026-05-09,,0.021569,0.168296,0.011493,-0.044779,-0.041197,-0.157176,-0.035003,-0.053735,2,PLTR@2026-W20,30,0.021569,0.0,0.067122,0.101174,0.014269,-0.002776,-0.010315,-0.034464,0.004574,-0.045771,-0.046622,-0.110554,-0.018337,-0.016666,-0.007325,-0.04641,-0.028363
PLTR:A2:2026-05-15,PLTR,A2,A,致命,False,2.5,False,x-ai/grok-4.5,False,,2026-05-15,partially_supported,Inconclusive,0,lateral,6,True,1,,1,2026-05-16,,133.99,hist_backfill,-0.027649,2026-05-09,,0.021569,0.168296,0.011493,-0.044779,-0.041197,-0.157176,-0.035003,-0.053735,2,PLTR@2026-W20,30,0.021569,0.0,0.067122,0.101174,0.014269,-0.002776,-0.010315,-0.034464,0.004574,-0.045771,-0.046622,-0.110554,-0.018337,-0.016666,-0.007325,-0.04641,-0.028363
PLTR:A2:2026-05-16,PLTR,A2,A,致命,False,2.5,False,x-ai/grok-4.5,False,,2026-05-16,Inconclusive,Trending positive,1,upgrade,7,True,,1,0,2026-05-16,,133.99,hist_backfill,-0.027649,2026-05-09,,0.021569,0.168296,0.011493,-0.044779,-0.041197,-0.157176,-0.035003,-0.053735,2,PLTR@2026-W20,30,0.021569,0.0,0.067122,0.101174,0.014269,-0.002776,-0.010315,-0.034464,0.004574,-0.045771,-0.046622,-0.110554,-0.018337,-0.016666,-0.007325,-0.04641,-0.028363
PLTR:A3:2026-05-15,PLTR,A3,A,致命,False,2.5,False,x-ai/grok-4.5,False,,2026-05-15,challenged,Approaching falsification,0,lateral,6,True,1,,1,2026-05-16,,133.99,hist_backfill,-0.027649,2026-05-09,,0.021569,0.168296,0.011493,-0.044779,-0.041197,-0.157176,-0.035003,-0.053735,2,PLTR@2026-W20,30,0.021569,0.0,0.067122,0.101174,0.014269,-0.002776,-0.010315,-0.034464,0.004574,-0.045771,-0.046622,-0.110554,-0.018337,-0.016666,-0.007325,-0.04641,-0.028363
PLTR:A3:2026-05-16,PLTR,A3,A,致命,False,2.5,False,x-ai/grok-4.5,False,,2026-05-16,Approaching falsification,Trending negative,1,upgrade,7,True,,1,0,2026-05-16,,133.99,hist_backfill,-0.027649,2026-05-09,,0.021569,0.168296,0.011493,-0.044779,-0.041197,-0.157176,-0.035003,-0.053735,2,PLTR@2026-W20,30,0.021569,0.0,0.067122,0.101174,0.014269,-0.002776,-0.010315,-0.034464,0.004574,-0.045771,-0.046622,-0.110554,-0.018337,-0.016666,-0.007325,-0.04641,-0.028363
PLTR:B1:2026-05-15,PLTR,B1,B,重創,False,1.6,False,x-ai/grok-4.5,False,,2026-05-15,partially_supported,Inconclusive,0,lateral,6,True,1,,1,2026-05-16,,133.99,hist_backfill,-0.027649,2026-05-09,,0.021569,0.168296,0.011493,-0.044779,-0.041197,-0.157176,-0.035003,-0.053735,2,PLTR@2026-W20,30,0.021569,0.0,0.067122,0.101174,0.014269,-0.002776,-0.010315,-0.034464,0.004574,-0.045771,-0.046622,-0.110554,-0.018337,-0.016666,-0.007325,-0.04641,-0.028363
PLTR:B1:2026-05-16,PLTR,B1,B,重創,False,1.6,False,x-ai/grok-4.5,False,,2026-05-16,Inconclusive,Trending positive,1,upgrade,7,True,,1,0,2026-05-16,,133.99,hist_backfill,-0.027649,2026-05-09,,0.021569,0.168296,0.011493,-0.044779,-0.041197,-0.157176,-0.035003,-0.053735,2,PLTR@2026-W20,30,0.021569,0.0,0.067122,0.101174,0.014269,-0.002776,-0.010315,-0.034464,0.004574,-0.045771,-0.046622,-0.110554,-0.018337,-0.016666,-0.007325,-0.04641,-0.028363
PLTR:B2:2026-05-15,PLTR,B2,B,重創,False,1.6,False,x-ai/grok-4.5,False,,2026-05-15,supported,Validated,0,lateral,6,True,1,,1,2026-05-16,,133.99,hist_backfill,-0.027649,2026-05-09,,0.021569,0.168296,0.011493,-0.044779,-0.041197,-0.157176,-0.035003,-0.053735,2,PLTR@2026-W20,30,0.021569,0.0,0.067122,0.101174,0.014269,-0.002776,-0.010315,-0.034464,0.004574,-0.045771,-0.046622,-0.110554,-0.018337,-0.016666,-0.007325,-0.04641,-0.028363
PLTR:B2:2026-05-16,PLTR,B2,B,重創,False,1.6,False,x-ai/grok-4.5,False,,2026-05-16,Validated,Validated,0,lateral,7,True,63,1,0,2026-05-16,,133.99,hist_backfill,-0.027649,2026-05-09,,0.021569,0.168296,0.011493,-0.044779,-0.041197,-0.157176,-0.035003,-0.053735,2,PLTR@2026-W20,30,0.021569,0.0,0.067122,0.101174,0.014269,-0.002776,-0.010315,-0.034464,0.004574,-0.045771,-0.046622,-0.110554,-0.018337,-0.016666,-0.007325,-0.04641,-0.028363
PLTR:B2:2026-07-18,PLTR,B2,B,重創,False,1.6,False,deepseek/deepseek-v4-pro,True,,2026-07-18,Validated,Trending negative,-3,downgrade,70,False,7,63,0,2026-07-18,0.7263,132.38,live,0.044089,2026-07-11,-0.1971,,-0.071461,-0.070403,,,,,,2,PLTR@2026-W29,2,0.030292,,-0.015403,-0.056058,-0.006025,-0.064378,-0.042566,,0.098491,,,,,,,,0.095372
PLTR:B2:2026-07-25,PLTR,B2,B,重創,False,1.6,False,x-ai/grok-4.3,False,,2026-07-25,Approaching falsification,Falsified,-1,downgrade,77,False,,7,0,2026-07-25,0.4626,122.92,live,-0.071461,2026-07-22,0.0,0.001139,,,,,,,,2,PLTR@2026-W30,1,0.001231,-9.2e-05,-0.005814,,0.170049,,,,,,,,,,,,-0.054941
PLTR:B3:2026-05-15,PLTR,B3,B,重創,False,1.6,False,x-ai/grok-4.5,False,,2026-05-15,partially_supported,Inconclusive,0,lateral,6,True,1,,1,2026-05-16,,133.99,hist_backfill,-0.027649,2026-05-09,,0.021569,0.168296,0.011493,-0.044779,-0.041197,-0.157176,-0.035003,-0.053735,2,PLTR@2026-W20,30,0.021569,0.0,0.067122,0.101174,0.014269,-0.002776,-0.010315,-0.034464,0.004574,-0.045771,-0.046622,-0.110554,-0.018337,-0.016666,-0.007325,-0.04641,-0.028363
PLTR:B3:2026-05-16,PLTR,B3,B,重創,False,1.6,False,x-ai/grok-4.5,False,,2026-05-16,Inconclusive,Trending positive,1,upgrade,7,True,,1,0,2026-05-16,,133.99,hist_backfill,-0.027649,2026-05-09,,0.021569,0.168296,0.011493,-0.044779,-0.041197,-0.157176,-0.035003,-0.053735,2,PLTR@2026-W20,30,0.021569,0.0,0.067122,0.101174,0.014269,-0.002776,-0.010315,-0.034464,0.004574,-0.045771,-0.046622,-0.110554,-0.018337,-0.016666,-0.007325,-0.04641,-0.028363
PLTR:C1:2026-05-15,PLTR,C1,C,明顯受損,False,0.9,False,x-ai/grok-4.5,False,,2026-05-15,partially_supported,Inconclusive,0,lateral,6,True,1,,1,2026-05-16,,133.99,hist_backfill,-0.027649,2026-05-09,,0.021569,0.168296,0.011493,-0.044779,-0.041197,-0.157176,-0.035003,-0.053735,2,PLTR@2026-W20,30,0.021569,0.0,0.067122,0.101174,0.014269,-0.002776,-0.010315,-0.034464,0.004574,-0.045771,-0.046622,-0.110554,-0.018337,-0.016666,-0.007325,-0.04641,-0.028363
PLTR:C1:2026-05-16,PLTR,C1,C,明顯受損,False,0.9,False,x-ai/grok-4.5,False,,2026-05-16,Inconclusive,Trending positive,1,upgrade,7,True,,1,0,2026-05-16,,133.99,hist_backfill,-0.027649,2026-05-09,,0.021569,0.168296,0.011493,-0.044779,-0.041197,-0.157176,-0.035003,-0.053735,2,PLTR@2026-W20,30,0.021569,0.0,0.067122,0.101174,0.014269,-0.002776,-0.010315,-0.034464,0.004574,-0.045771,-0.046622,-0.110554,-0.018337,-0.016666,-0.007325,-0.04641,-0.028363
PLTR:C2:2026-05-15,PLTR,C2,C,明顯受損,False,0.9,False,x-ai/grok-4.5,False,,2026-05-15,supported,Validated,0,lateral,6,True,1,,1,2026-05-16,,133.99,hist_backfill,-0.027649,2026-05-09,,0.021569,0.168296,0.011493,-0.044779,-0.041197,-0.157176,-0.035003,-0.053735,2,PLTR@2026-W20,30,0.021569,0.0,0.067122,0.101174,0.014269,-0.002776,-0.010315,-0.034464,0.004574,-0.045771,-0.046622,-0.110554,-0.018337,-0.016666,-0.007325,-0.04641,-0.028363
PLTR:C2:2026-05-16,PLTR,C2,C,明顯受損,False,0.9,False,x-ai/grok-4.5,False,,2026-05-16,Validated,Validated,0,lateral,7,True,,1,0,2026-05-16,,133.99,hist_backfill,-0.027649,2026-05-09,,0.021569,0.168296,0.011493,-0.044779,-0.041197,-0.157176,-0.035003,-0.053735,2,PLTR@2026-W20,30,0.021569,0.0,0.067122,0.101174,0.014269,-0.002776,-0.010315,-0.034464,0.004574,-0.045771,-0.046622,-0.110554,-0.018337,-0.016666,-0.007325,-0.04641,-0.028363
PLTR:C3:2026-05-15,PLTR,C3,C,明顯受損,False,0.9,False,x-ai/grok-4.5,False,,2026-05-15,challenged,Approaching falsification,0,lateral,6,True,1,,1,2026-05-16,,133.99,hist_backfill,-0.027649,2026-05-09,,0.021569,0.168296,0.011493,-0.044779,-0.041197,-0.157176,-0.035003,-0.053735,2,PLTR@2026-W20,30,0.021569,0.0,0.067122,0.101174,0.014269,-0.002776,-0.010315,-0.034464,0.004574,-0.045771,-0.046622,-0.110554,-0.018337,-0.016666,-0.007325,-0.04641,-0.028363
PLTR:C3:2026-05-16,PLTR,C3,C,明顯受損,False,0.9,False,x-ai/grok-4.5,False,,2026-05-16,Approaching falsification,Trending negative,1,upgrade,7,True,,1,0,2026-05-16,,133.99,hist_backfill,-0.027649,2026-05-09,,0.021569,0.168296,0.011493,-0.044779,-0.041197,-0.157176,-0.035003,-0.053735,2,PLTR@2026-W20,30,0.021569,0.0,0.067122,0.101174,0.014269,-0.002776,-0.010315,-0.034464,0.004574,-0.045771,-0.046622,-0.110554,-0.018337,-0.016666,-0.007325,-0.04641,-0.028363
PLTR:D1:2026-05-15,PLTR,D1,D,邊緣,False,0.15,False,x-ai/grok-4.5,False,,2026-05-15,supported,Validated,0,lateral,6,True,1,,1,2026-05-16,,133.99,hist_backfill,-0.027649,2026-05-09,,0.021569,0.168296,0.011493,-0.044779,-0.041197,-0.157176,-0.035003,-0.053735,2,PLTR@2026-W20,30,0.021569,0.0,0.067122,0.101174,0.014269,-0.002776,-0.010315,-0.034464,0.004574,-0.045771,-0.046622,-0.110554,-0.018337,-0.016666,-0.007325,-0.04641,-0.028363
PLTR:D1:2026-05-16,PLTR,D1,D,邊緣,False,0.15,False,x-ai/grok-4.5,False,,2026-05-16,Validated,Validated,0,lateral,7,True,,1,0,2026-05-16,,133.99,hist_backfill,-0.027649,2026-05-09,,0.021569,0.168296,0.011493,-0.044779,-0.041197,-0.157176,-0.035003,-0.053735,2,PLTR@2026-W20,30,0.021569,0.0,0.067122,0.101174,0.014269,-0.002776,-0.010315,-0.034464,0.004574,-0.045771,-0.046622,-0.110554,-0.018337,-0.016666,-0.007325,-0.04641,-0.028363
PLTR:D2:2026-05-15,PLTR,D2,D,邊緣,False,0.15,False,x-ai/grok-4.5,False,,2026-05-15,partially_supported,Inconclusive,0,lateral,6,True,1,,1,2026-05-16,,133.99,hist_backfill,-0.027649,2026-05-09,,0.021569,0.168296,0.011493,-0.044779,-0.041197,-0.157176,-0.035003,-0.053735,2,PLTR@2026-W20,30,0.021569,0.0,0.067122,0.101174,0.014269,-0.002776,-0.010315,-0.034464,0.004574,-0.045771,-0.046622,-0.110554,-0.018337,-0.016666,-0.007325,-0.04641,-0.028363
PLTR:D2:2026-05-16,PLTR,D2,D,邊緣,False,0.15,False,x-ai/grok-4.5,False,,2026-05-16,Inconclusive,Trending positive,1,upgrade,7,True,,1,0,2026-05-16,,133.99,hist_backfill,-0.027649,2026-05-09,,0.021569,0.168296,0.011493,-0.044779,-0.041197,-0.157176,-0.035003,-0.053735,2,PLTR@2026-W20,30,0.021569,0.0,0.067122,0.101174,0.014269,-0.002776,-0.010315,-0.034464,0.004574,-0.045771,-0.046622,-0.110554,-0.018337,-0.016666,-0.007325,-0.04641,-0.028363
PLTR:D3:2026-05-15,PLTR,D3,D,邊緣,False,0.15,False,x-ai/grok-4.5,False,,2026-05-15,partially_supported,Inconclusive,0,lateral,6,True,1,,1,2026-05-16,,133.99,hist_backfill,-0.027649,2026-05-09,,0.021569,0.168296,0.011493,-0.044779,-0.041197,-0.157176,-0.035003,-0.053735,2,PLTR@2026-W20,30,0.021569,0.0,0.067122,0.101174,0.014269,-0.002776,-0.010315,-0.034464,0.004574,-0.045771,-0.046622,-0.110554,-0.018337,-0.016666,-0.007325,-0.04641,-0.028363
PLTR:D3:2026-05-16,PLTR,D3,D,邊緣,False,0.15,False,x-ai/grok-4.5,False,,2026-05-16,Inconclusive,Trending positive,1,upgrade,7,True,,1,0,2026-05-16,,133.99,hist_backfill,-0.027649,2026-05-09,,0.021569,0.168296,0.011493,-0.044779,-0.041197,-0.157176,-0.035003,-0.053735,2,PLTR@2026-W20,30,0.021569,0.0,0.067122,0.101174,0.014269,-0.002776,-0.010315,-0.034464,0.004574,-0.045771,-0.046622,-0.110554,-0.018337,-0.016666,-0.007325,-0.04641,-0.028363
PLTR:E1:2026-05-15,PLTR,E1,E,輕微,False,0.4,False,x-ai/grok-4.5,False,,2026-05-15,partially_supported,Inconclusive,0,lateral,6,True,1,,1,2026-05-16,,133.99,hist_backfill,-0.027649,2026-05-09,,0.021569,0.168296,0.011493,-0.044779,-0.041197,-0.157176,-0.035003,-0.053735,2,PLTR@2026-W20,30,0.021569,0.0,0.067122,0.101174,0.014269,-0.002776,-0.010315,-0.034464,0.004574,-0.045771,-0.046622,-0.110554,-0.018337,-0.016666,-0.007325,-0.04641,-0.028363
PLTR:E1:2026-05-16,PLTR,E1,E,輕微,False,0.4,False,x-ai/grok-4.5,False,,2026-05-16,Inconclusive,Inconclusive,0,lateral,7,True,,1,0,2026-05-16,,133.99,hist_backfill,-0.027649,2026-05-09,,0.021569,0.168296,0.011493,-0.044779,-0.041197,-0.157176,-0.035003,-0.053735,2,PLTR@2026-W20,30,0.021569,0.0,0.067122,0.101174,0.014269,-0.002776,-0.010315,-0.034464,0.004574,-0.045771,-0.046622,-0.110554,-0.018337,-0.016666,-0.007325,-0.04641,-0.028363
PLTR:E2:2026-05-15,PLTR,E2,E,輕微,False,0.4,False,x-ai/grok-4.5,False,,2026-05-15,supported,Validated,0,lateral,6,True,1,,1,2026-05-16,,133.99,hist_backfill,-0.027649,2026-05-09,,0.021569,0.168296,0.011493,-0.044779,-0.041197,-0.157176,-0.035003,-0.053735,2,PLTR@2026-W20,30,0.021569,0.0,0.067122,0.101174,0.014269,-0.002776,-0.010315,-0.034464,0.004574,-0.045771,-0.046622,-0.110554,-0.018337,-0.016666,-0.007325,-0.04641,-0.028363
PLTR:E2:2026-05-16,PLTR,E2,E,輕微,False,0.4,False,x-ai/grok-4.5,False,,2026-05-16,Validated,Validated,0,lateral,7,True,,1,0,2026-05-16,,133.99,hist_backfill,-0.027649,2026-05-09,,0.021569,0.168296,0.011493,-0.044779,-0.041197,-0.157176,-0.035003,-0.053735,2,PLTR@2026-W20,30,0.021569,0.0,0.067122,0.101174,0.014269,-0.002776,-0.010315,-0.034464,0.004574,-0.045771,-0.046622,-0.110554,-0.018337,-0.016666,-0.007325,-0.04641,-0.028363
PLTR:E3:2026-05-15,PLTR,E3,E,輕微,False,0.4,False,x-ai/grok-4.5,False,,2026-05-15,partially_supported,Inconclusive,0,lateral,6,True,1,,1,2026-05-16,,133.99,hist_backfill,-0.027649,2026-05-09,,0.021569,0.168296,0.011493,-0.044779,-0.041197,-0.157176,-0.035003,-0.053735,2,PLTR@2026-W20,30,0.021569,0.0,0.067122,0.101174,0.014269,-0.002776,-0.010315,-0.034464,0.004574,-0.045771,-0.046622,-0.110554,-0.018337,-0.016666,-0.007325,-0.04641,-0.028363
PLTR:E3:2026-05-16,PLTR,E3,E,輕微,False,0.4,False,x-ai/grok-4.5,False,,2026-05-16,Inconclusive,Inconclusive,0,lateral,7,True,63,1,0,2026-05-16,,133.99,hist_backfill,-0.027649,2026-05-09,,0.021569,0.168296,0.011493,-0.044779,-0.041197,-0.157176,-0.035003,-0.053735,2,PLTR@2026-W20,30,0.021569,0.0,0.067122,0.101174,0.014269,-0.002776,-0.010315,-0.034464,0.004574,-0.045771,-0.046622,-0.110554,-0.018337,-0.016666,-0.007325,-0.04641,-0.028363
PLTR:E3:2026-07-18,PLTR,E3,E,輕微,False,0.4,False,deepseek/deepseek-v4-pro,True,,2026-07-18,Inconclusive,Trending negative,-1,downgrade,70,False,,63,0,2026-07-18,0.7263,132.38,live,0.044089,2026-07-11,-0.1971,,-0.071461,-0.070403,,,,,,2,PLTR@2026-W29,2,0.030292,,-0.015403,-0.056058,-0.006025,-0.064378,-0.042566,,0.098491,,,,,,,,0.095372
PM:B1:2026-06-27,PM,B1,B,重創,False,1.6,False,x-ai/grok-4.5,False,,2026-06-27,Validated,Falsified,-5,downgrade,0,False,,,0,2026-06-27,,180.77,hist_backfill,0.013285,2026-06-20,,0.008298,0.004702,0.067544,0.067544,0.067655,0.067655,0.055596,,2,PM@2026-W26,1,0.016429,-0.008131,0.031256,-0.026554,-0.007387,0.074931,-0.013485,0.081029,-0.048075,0.11573,-0.043423,0.111078,-0.076047,0.131643,-0.031527,,0.058547
PM:C2:2026-07-11,PM,C2,C,明顯受損,False,0.9,False,x-ai/grok-4.5,False,,2026-07-11,Trending positive,Trending negative,-2,downgrade,14,False,,,0,2026-07-11,0.6227,181.62,live,-0.003566,2026-07-09,-0.0121,0.062548,0.062548,0.062658,0.062658,0.050655,,,,2,PM@2026-W28,1,-0.051283,0.113831,-0.066019,0.128567,-0.082329,0.144987,-0.070719,0.133377,-0.133121,0.183776,-0.041809,,,,,,-0.005962
PM:D2:2026-07-04,PM,D2,D,致命,False,2.5,True,x-ai/grok-4.5,False,,2026-07-04,Trending negative,Validated,3,upgrade,7,False,,,5,2026-07-09,0.6227,182.27,live,0.008298,2026-06-27,0.0,-0.003566,0.058759,0.058759,0.058869,0.058869,0.046908,,,2,PM@2026-W27,1,0.002396,-0.005962,-0.031625,0.090384,-0.030509,0.089268,-0.05328,0.112149,-0.048645,0.107514,-0.068892,0.1158,0.043857,,,,-0.008131
POET:A1:2026-05-15,POET,A1,A,致命,False,2.5,False,x-ai/grok-4.5,False,,2026-05-15,supported,Validated,0,lateral,7,True,1,,1,2026-05-16,,15.97,hist_backfill,0.458447,2026-05-09,,-0.086412,-0.230432,-0.257358,-0.215404,-0.239198,-0.408892,-0.451472,-0.479649,2,POET@2026-W20,22,0.021569,-0.107981,0.067122,-0.297554,0.014269,-0.271627,-0.010315,-0.205089,0.004574,-0.243772,-0.046622,-0.36227,-0.018337,-0.433135,-0.007325,-0.472324,0.457733
POET:A1:2026-05-16,POET,A1,A,致命,False,2.5,False,x-ai/grok-4.5,False,,2026-05-16,Validated,Validated,0,lateral,8,True,,1,0,2026-05-16,,15.97,hist_backfill,0.458447,2026-05-09,,-0.086412,-0.230432,-0.257358,-0.215404,-0.239198,-0.408892,-0.451472,-0.479649,2,POET@2026-W20,22,0.021569,-0.107981,0.067122,-0.297554,0.014269,-0.271627,-0.010315,-0.205089,0.004574,-0.243772,-0.046622,-0.36227,-0.018337,-0.433135,-0.007325,-0.472324,0.457733
POET:A2:2026-05-15,POET,A2,A,致命,False,2.5,True,x-ai/grok-4.5,False,,2026-05-15,supported,Validated,0,lateral,7,True,1,,1,2026-05-16,,15.97,hist_backfill,0.458447,2026-05-09,,-0.086412,-0.230432,-0.257358,-0.215404,-0.239198,-0.408892,-0.451472,-0.479649,2,POET@2026-W20,22,0.021569,-0.107981,0.067122,-0.297554,0.014269,-0.271627,-0.010315,-0.205089,0.004574,-0.243772,-0.046622,-0.36227,-0.018337,-0.433135,-0.007325,-0.472324,0.457733
POET:A2:2026-05-16,POET,A2,A,致命,False,2.5,True,x-ai/grok-4.5,False,,2026-05-16,Validated,Validated,0,lateral,8,True,63,1,0,2026-05-16,,15.97,hist_backfill,0.458447,2026-05-09,,-0.086412,-0.230432,-0.257358,-0.215404,-0.239198,-0.408892,-0.451472,-0.479649,2,POET@2026-W20,22,0.021569,-0.107981,0.067122,-0.297554,0.014269,-0.271627,-0.010315,-0.205089,0.004574,-0.243772,-0.046622,-0.36227,-0.018337,-0.433135,-0.007325,-0.472324,0.457733
POET:A2:2026-07-18,POET,A2,A,致命,False,2.5,True,deepseek/deepseek-v4-pro,True,,2026-07-18,Validated,Trending negative,-3,downgrade,71,False,,63,0,2026-07-18,0.7121,7.39,live,-0.11071,2026-07-11,-0.1499,,-0.067659,-0.054127,,,,,,2,POET@2026-W29,1,0.030292,,-0.015403,-0.052256,-0.006025,-0.048102,-0.042566,,0.098491,,,,,,,,-0.059427
POET:A3:2026-05-15,POET,A3,A,致命,False,2.5,False,x-ai/grok-4.5,False,,2026-05-15,partially_supported,Inconclusive,0,lateral,7,True,1,,1,2026-05-16,,15.97,hist_backfill,0.458447,2026-05-09,,-0.086412,-0.230432,-0.257358,-0.215404,-0.239198,-0.408892,-0.451472,-0.479649,2,POET@2026-W20,22,0.021569,-0.107981,0.067122,-0.297554,0.014269,-0.271627,-0.010315,-0.205089,0.004574,-0.243772,-0.046622,-0.36227,-0.018337,-0.433135,-0.007325,-0.472324,0.457733
POET:A3:2026-05-16,POET,A3,A,致命,False,2.5,False,x-ai/grok-4.5,False,,2026-05-16,Inconclusive,Trending positive,1,upgrade,8,True,56,1,0,2026-05-16,,15.97,hist_backfill,0.458447,2026-05-09,,-0.086412,-0.230432,-0.257358,-0.215404,-0.239198,-0.408892,-0.451472,-0.479649,2,POET@2026-W20,22,0.021569,-0.107981,0.067122,-0.297554,0.014269,-0.271627,-0.010315,-0.205089,0.004574,-0.243772,-0.046622,-0.36227,-0.018337,-0.433135,-0.007325,-0.472324,0.457733
POET:A3:2026-07-11,POET,A3,A,致命,False,2.5,False,x-ai/grok-4.5,False,,2026-07-11,Trending positive,Inconclusive,-1,downgrade,64,False,,56,0,2026-07-11,0.8333,8.31,live,-0.05137,2026-07-09,-0.1212,-0.11071,-0.11071,-0.170878,-0.158845,,,,,2,POET@2026-W28,1,-0.051283,-0.059427,-0.066019,-0.044691,-0.082329,-0.088549,-0.070719,-0.088126,-0.133121,,-0.041809,,,,,,-0.053766
POET:B1:2026-05-15,POET,B1,B,致命,False,2.5,False,x-ai/grok-4.5,False,,2026-05-15,supported,Validated,0,lateral,7,True,1,,1,2026-05-16,,15.97,hist_backfill,0.458447,2026-05-09,,-0.086412,-0.230432,-0.257358,-0.215404,-0.239198,-0.408892,-0.451472,-0.479649,2,POET@2026-W20,22,0.021569,-0.107981,0.067122,-0.297554,0.014269,-0.271627,-0.010315,-0.205089,0.004574,-0.243772,-0.046622,-0.36227,-0.018337,-0.433135,-0.007325,-0.472324,0.457733
POET:B1:2026-05-16,POET,B1,B,致命,False,2.5,False,x-ai/grok-4.5,False,,2026-05-16,Validated,Validated,0,lateral,8,True,,1,0,2026-05-16,,15.97,hist_backfill,0.458447,2026-05-09,,-0.086412,-0.230432,-0.257358,-0.215404,-0.239198,-0.408892,-0.451472,-0.479649,2,POET@2026-W20,22,0.021569,-0.107981,0.067122,-0.297554,0.014269,-0.271627,-0.010315,-0.205089,0.004574,-0.243772,-0.046622,-0.36227,-0.018337,-0.433135,-0.007325,-0.472324,0.457733
POET:B2:2026-05-15,POET,B2,B,致命,False,2.5,False,x-ai/grok-4.5,False,,2026-05-15,challenged,Approaching falsification,0,lateral,7,True,1,,1,2026-05-16,,15.97,hist_backfill,0.458447,2026-05-09,,-0.086412,-0.230432,-0.257358,-0.215404,-0.239198,-0.408892,-0.451472,-0.479649,2,POET@2026-W20,22,0.021569,-0.107981,0.067122,-0.297554,0.014269,-0.271627,-0.010315,-0.205089,0.004574,-0.243772,-0.046622,-0.36227,-0.018337,-0.433135,-0.007325,-0.472324,0.457733
POET:B2:2026-05-16,POET,B2,B,致命,False,2.5,False,x-ai/grok-4.5,False,,2026-05-16,Approaching falsification,Trending negative,1,upgrade,8,True,,1,0,2026-05-16,,15.97,hist_backfill,0.458447,2026-05-09,,-0.086412,-0.230432,-0.257358,-0.215404,-0.239198,-0.408892,-0.451472,-0.479649,2,POET@2026-W20,22,0.021569,-0.107981,0.067122,-0.297554,0.014269,-0.271627,-0.010315,-0.205089,0.004574,-0.243772,-0.046622,-0.36227,-0.018337,-0.433135,-0.007325,-0.472324,0.457733
POET:B3:2026-05-15,POET,B3,B,致命,False,2.5,False,x-ai/grok-4.5,False,,2026-05-15,supported,Validated,0,lateral,7,True,1,,1,2026-05-16,,15.97,hist_backfill,0.458447,2026-05-09,,-0.086412,-0.230432,-0.257358,-0.215404,-0.239198,-0.408892,-0.451472,-0.479649,2,POET@2026-W20,22,0.021569,-0.107981,0.067122,-0.297554,0.014269,-0.271627,-0.010315,-0.205089,0.004574,-0.243772,-0.046622,-0.36227,-0.018337,-0.433135,-0.007325,-0.472324,0.457733
POET:B3:2026-05-16,POET,B3,B,致命,False,2.5,False,x-ai/grok-4.5,False,,2026-05-16,Validated,Validated,0,lateral,8,True,,1,0,2026-05-16,,15.97,hist_backfill,0.458447,2026-05-09,,-0.086412,-0.230432,-0.257358,-0.215404,-0.239198,-0.408892,-0.451472,-0.479649,2,POET@2026-W20,22,0.021569,-0.107981,0.067122,-0.297554,0.014269,-0.271627,-0.010315,-0.205089,0.004574,-0.243772,-0.046622,-0.36227,-0.018337,-0.433135,-0.007325,-0.472324,0.457733
POET:C1:2026-05-15,POET,C1,C,明顯受損,False,0.9,False,x-ai/grok-4.5,False,,2026-05-15,partially_supported,Inconclusive,0,lateral,7,True,1,,1,2026-05-16,,15.97,hist_backfill,0.458447,2026-05-09,,-0.086412,-0.230432,-0.257358,-0.215404,-0.239198,-0.408892,-0.451472,-0.479649,2,POET@2026-W20,22,0.021569,-0.107981,0.067122,-0.297554,0.014269,-0.271627,-0.010315,-0.205089,0.004574,-0.243772,-0.046622,-0.36227,-0.018337,-0.433135,-0.007325,-0.472324,0.457733
POET:C1:2026-05-16,POET,C1,C,明顯受損,False,0.9,False,x-ai/grok-4.5,False,,2026-05-16,Inconclusive,Trending positive,1,upgrade,8,True,,1,0,2026-05-16,,15.97,hist_backfill,0.458447,2026-05-09,,-0.086412,-0.230432,-0.257358,-0.215404,-0.239198,-0.408892,-0.451472,-0.479649,2,POET@2026-W20,22,0.021569,-0.107981,0.067122,-0.297554,0.014269,-0.271627,-0.010315,-0.205089,0.004574,-0.243772,-0.046622,-0.36227,-0.018337,-0.433135,-0.007325,-0.472324,0.457733
POET:C2:2026-05-15,POET,C2,C,明顯受損,False,0.9,False,x-ai/grok-4.5,False,,2026-05-15,supported,Validated,0,lateral,7,True,1,,1,2026-05-16,,15.97,hist_backfill,0.458447,2026-05-09,,-0.086412,-0.230432,-0.257358,-0.215404,-0.239198,-0.408892,-0.451472,-0.479649,2,POET@2026-W20,22,0.021569,-0.107981,0.067122,-0.297554,0.014269,-0.271627,-0.010315,-0.205089,0.004574,-0.243772,-0.046622,-0.36227,-0.018337,-0.433135,-0.007325,-0.472324,0.457733
POET:C2:2026-05-16,POET,C2,C,明顯受損,False,0.9,False,x-ai/grok-4.5,False,,2026-05-16,Validated,Validated,0,lateral,8,True,,1,0,2026-05-16,,15.97,hist_backfill,0.458447,2026-05-09,,-0.086412,-0.230432,-0.257358,-0.215404,-0.239198,-0.408892,-0.451472,-0.479649,2,POET@2026-W20,22,0.021569,-0.107981,0.067122,-0.297554,0.014269,-0.271627,-0.010315,-0.205089,0.004574,-0.243772,-0.046622,-0.36227,-0.018337,-0.433135,-0.007325,-0.472324,0.457733
POET:C3:2026-05-08,POET,C3,C,明顯受損,False,0.9,False,x-ai/grok-4.5,False,,2026-05-08,None,challenged,,,0,True,1,,1,2026-05-09,,10.95,hist_backfill,0.497948,2026-05-02,,0.458447,0.33242,0.122374,0.083105,0.144292,0.109589,-0.1379,-0.2,2,POET@2026-W19,2,0.000714,0.457733,0.022903,0.309517,0.063736,0.058638,0.022851,0.060254,0.018774,0.125518,0.039023,0.070566,-0.014805,-0.123095,-0.010483,-0.189517,0.472908
POET:C3:2026-05-09,POET,C3,C,明顯受損,False,0.9,False,x-ai/grok-4.5,False,,2026-05-09,supported,partially_supported,-2,downgrade,1,True,6,1,0,2026-05-09,,10.95,hist_backfill,0.497948,2026-05-02,,0.458447,0.33242,0.122374,0.083105,0.144292,0.109589,-0.1379,-0.2,2,POET@2026-W19,2,0.000714,0.457733,0.022903,0.309517,0.063736,0.058638,0.022851,0.060254,0.018774,0.125518,0.039023,0.070566,-0.014805,-0.123095,-0.010483,-0.189517,0.472908
POET:C3:2026-05-15,POET,C3,C,明顯受損,False,0.9,False,x-ai/grok-4.5,False,,2026-05-15,partially_supported,Inconclusive,0,lateral,7,True,1,6,1,2026-05-16,,15.97,hist_backfill,0.458447,2026-05-09,,-0.086412,-0.230432,-0.257358,-0.215404,-0.239198,-0.408892,-0.451472,-0.479649,2,POET@2026-W20,22,0.021569,-0.107981,0.067122,-0.297554,0.014269,-0.271627,-0.010315,-0.205089,0.004574,-0.243772,-0.046622,-0.36227,-0.018337,-0.433135,-0.007325,-0.472324,0.457733
POET:C3:2026-05-16,POET,C3,C,明顯受損,False,0.9,False,x-ai/grok-4.5,False,,2026-05-16,Inconclusive,Falsified,-3,downgrade,8,True,,1,0,2026-05-16,,15.97,hist_backfill,0.458447,2026-05-09,,-0.086412,-0.230432,-0.257358,-0.215404,-0.239198,-0.408892,-0.451472,-0.479649,2,POET@2026-W20,22,0.021569,-0.107981,0.067122,-0.297554,0.014269,-0.271627,-0.010315,-0.205089,0.004574,-0.243772,-0.046622,-0.36227,-0.018337,-0.433135,-0.007325,-0.472324,0.457733
POET:D1:2026-05-15,POET,D1,D,輕微,False,0.4,False,x-ai/grok-4.5,False,,2026-05-15,supported,Validated,0,lateral,7,True,1,,1,2026-05-16,,15.97,hist_backfill,0.458447,2026-05-09,,-0.086412,-0.230432,-0.257358,-0.215404,-0.239198,-0.408892,-0.451472,-0.479649,2,POET@2026-W20,22,0.021569,-0.107981,0.067122,-0.297554,0.014269,-0.271627,-0.010315,-0.205089,0.004574,-0.243772,-0.046622,-0.36227,-0.018337,-0.433135,-0.007325,-0.472324,0.457733
POET:D1:2026-05-16,POET,D1,D,輕微,False,0.4,False,x-ai/grok-4.5,False,,2026-05-16,Validated,Validated,0,lateral,8,True,,1,0,2026-05-16,,15.97,hist_backfill,0.458447,2026-05-09,,-0.086412,-0.230432,-0.257358,-0.215404,-0.239198,-0.408892,-0.451472,-0.479649,2,POET@2026-W20,22,0.021569,-0.107981,0.067122,-0.297554,0.014269,-0.271627,-0.010315,-0.205089,0.004574,-0.243772,-0.046622,-0.36227,-0.018337,-0.433135,-0.007325,-0.472324,0.457733
POET:D2:2026-05-15,POET,D2,D,輕微,False,0.4,False,x-ai/grok-4.5,False,,2026-05-15,partially_supported,Inconclusive,0,lateral,7,True,1,,1,2026-05-16,,15.97,hist_backfill,0.458447,2026-05-09,,-0.086412,-0.230432,-0.257358,-0.215404,-0.239198,-0.408892,-0.451472,-0.479649,2,POET@2026-W20,22,0.021569,-0.107981,0.067122,-0.297554,0.014269,-0.271627,-0.010315,-0.205089,0.004574,-0.243772,-0.046622,-0.36227,-0.018337,-0.433135,-0.007325,-0.472324,0.457733
POET:D2:2026-05-16,POET,D2,D,輕微,False,0.4,False,x-ai/grok-4.5,False,,2026-05-16,Inconclusive,Trending positive,1,upgrade,8,True,,1,0,2026-05-16,,15.97,hist_backfill,0.458447,2026-05-09,,-0.086412,-0.230432,-0.257358,-0.215404,-0.239198,-0.408892,-0.451472,-0.479649,2,POET@2026-W20,22,0.021569,-0.107981,0.067122,-0.297554,0.014269,-0.271627,-0.010315,-0.205089,0.004574,-0.243772,-0.046622,-0.36227,-0.018337,-0.433135,-0.007325,-0.472324,0.457733
SMR:A1:2026-05-15,SMR,A1,A,明顯受損,False,0.9,False,x-ai/grok-4.5,False,,2026-05-15,challenged,Approaching falsification,0,lateral,0,True,1,,1,2026-05-16,,11.23,hist_backfill,-0.105179,2026-05-09,,0.015138,0.128228,-0.065004,-0.119323,0.045414,-0.100623,-0.130899,-0.195013,2,SMR@2026-W20,30,0.021569,-0.006431,0.067122,0.061106,0.014269,-0.079273,-0.010315,-0.109008,0.004574,0.04084,-0.046622,-0.054001,-0.018337,-0.112562,-0.007325,-0.187688,-0.105893
SMR:A1:2026-05-16,SMR,A1,A,明顯受損,False,0.9,False,x-ai/grok-4.5,False,,2026-05-16,Approaching falsification,Trending negative,1,upgrade,1,True,,1,0,2026-05-16,,11.23,hist_backfill,-0.105179,2026-05-09,,0.015138,0.128228,-0.065004,-0.119323,0.045414,-0.100623,-0.130899,-0.195013,2,SMR@2026-W20,30,0.021569,-0.006431,0.067122,0.061106,0.014269,-0.079273,-0.010315,-0.109008,0.004574,0.04084,-0.046622,-0.054001,-0.018337,-0.112562,-0.007325,-0.187688,-0.105893
SMR:A2:2026-05-15,SMR,A2,A,明顯受損,False,0.9,False,x-ai/grok-4.5,False,,2026-05-15,partially_supported,Inconclusive,0,lateral,0,True,1,,1,2026-05-16,,11.23,hist_backfill,-0.105179,2026-05-09,,0.015138,0.128228,-0.065004,-0.119323,0.045414,-0.100623,-0.130899,-0.195013,2,SMR@2026-W20,30,0.021569,-0.006431,0.067122,0.061106,0.014269,-0.079273,-0.010315,-0.109008,0.004574,0.04084,-0.046622,-0.054001,-0.018337,-0.112562,-0.007325,-0.187688,-0.105893
SMR:A2:2026-05-16,SMR,A2,A,明顯受損,False,0.9,False,x-ai/grok-4.5,False,,2026-05-16,Inconclusive,Trending negative,-1,downgrade,1,True,,1,0,2026-05-16,,11.23,hist_backfill,-0.105179,2026-05-09,,0.015138,0.128228,-0.065004,-0.119323,0.045414,-0.100623,-0.130899,-0.195013,2,SMR@2026-W20,30,0.021569,-0.006431,0.067122,0.061106,0.014269,-0.079273,-0.010315,-0.109008,0.004574,0.04084,-0.046622,-0.054001,-0.018337,-0.112562,-0.007325,-0.187688,-0.105893
SMR:A3:2026-05-15,SMR,A3,A,明顯受損,False,0.9,False,x-ai/grok-4.5,False,,2026-05-15,partially_supported,Inconclusive,0,lateral,0,True,1,,1,2026-05-16,,11.23,hist_backfill,-0.105179,2026-05-09,,0.015138,0.128228,-0.065004,-0.119323,0.045414,-0.100623,-0.130899,-0.195013,2,SMR@2026-W20,30,0.021569,-0.006431,0.067122,0.061106,0.014269,-0.079273,-0.010315,-0.109008,0.004574,0.04084,-0.046622,-0.054001,-0.018337,-0.112562,-0.007325,-0.187688,-0.105893
SMR:A3:2026-05-16,SMR,A3,A,明顯受損,False,0.9,False,x-ai/grok-4.5,False,,2026-05-16,Inconclusive,Trending negative,-1,downgrade,1,True,,1,0,2026-05-16,,11.23,hist_backfill,-0.105179,2026-05-09,,0.015138,0.128228,-0.065004,-0.119323,0.045414,-0.100623,-0.130899,-0.195013,2,SMR@2026-W20,30,0.021569,-0.006431,0.067122,0.061106,0.014269,-0.079273,-0.010315,-0.109008,0.004574,0.04084,-0.046622,-0.054001,-0.018337,-0.112562,-0.007325,-0.187688,-0.105893
SMR:B1:2026-05-15,SMR,B1,B,致命,False,2.5,False,x-ai/grok-4.5,False,,2026-05-15,challenged,Approaching falsification,0,lateral,0,True,1,,1,2026-05-16,,11.23,hist_backfill,-0.105179,2026-05-09,,0.015138,0.128228,-0.065004,-0.119323,0.045414,-0.100623,-0.130899,-0.195013,2,SMR@2026-W20,30,0.021569,-0.006431,0.067122,0.061106,0.014269,-0.079273,-0.010315,-0.109008,0.004574,0.04084,-0.046622,-0.054001,-0.018337,-0.112562,-0.007325,-0.187688,-0.105893
SMR:B1:2026-05-16,SMR,B1,B,致命,False,2.5,False,x-ai/grok-4.5,False,,2026-05-16,Approaching falsification,Trending negative,1,upgrade,1,True,,1,0,2026-05-16,,11.23,hist_backfill,-0.105179,2026-05-09,,0.015138,0.128228,-0.065004,-0.119323,0.045414,-0.100623,-0.130899,-0.195013,2,SMR@2026-W20,30,0.021569,-0.006431,0.067122,0.061106,0.014269,-0.079273,-0.010315,-0.109008,0.004574,0.04084,-0.046622,-0.054001,-0.018337,-0.112562,-0.007325,-0.187688,-0.105893
SMR:B2:2026-05-15,SMR,B2,B,致命,False,2.5,False,x-ai/grok-4.5,False,,2026-05-15,partially_supported,Inconclusive,0,lateral,0,True,1,,1,2026-05-16,,11.23,hist_backfill,-0.105179,2026-05-09,,0.015138,0.128228,-0.065004,-0.119323,0.045414,-0.100623,-0.130899,-0.195013,2,SMR@2026-W20,30,0.021569,-0.006431,0.067122,0.061106,0.014269,-0.079273,-0.010315,-0.109008,0.004574,0.04084,-0.046622,-0.054001,-0.018337,-0.112562,-0.007325,-0.187688,-0.105893
SMR:B2:2026-05-16,SMR,B2,B,致命,False,2.5,False,x-ai/grok-4.5,False,,2026-05-16,Inconclusive,Trending positive,1,upgrade,1,True,,1,0,2026-05-16,,11.23,hist_backfill,-0.105179,2026-05-09,,0.015138,0.128228,-0.065004,-0.119323,0.045414,-0.100623,-0.130899,-0.195013,2,SMR@2026-W20,30,0.021569,-0.006431,0.067122,0.061106,0.014269,-0.079273,-0.010315,-0.109008,0.004574,0.04084,-0.046622,-0.054001,-0.018337,-0.112562,-0.007325,-0.187688,-0.105893
SMR:B3:2026-05-15,SMR,B3,B,致命,False,2.5,False,x-ai/grok-4.5,False,,2026-05-15,challenged,Approaching falsification,0,lateral,0,True,1,,1,2026-05-16,,11.23,hist_backfill,-0.105179,2026-05-09,,0.015138,0.128228,-0.065004,-0.119323,0.045414,-0.100623,-0.130899,-0.195013,2,SMR@2026-W20,30,0.021569,-0.006431,0.067122,0.061106,0.014269,-0.079273,-0.010315,-0.109008,0.004574,0.04084,-0.046622,-0.054001,-0.018337,-0.112562,-0.007325,-0.187688,-0.105893
SMR:B3:2026-05-16,SMR,B3,B,致命,False,2.5,False,x-ai/grok-4.5,False,,2026-05-16,Approaching falsification,Trending negative,1,upgrade,1,True,,1,0,2026-05-16,,11.23,hist_backfill,-0.105179,2026-05-09,,0.015138,0.128228,-0.065004,-0.119323,0.045414,-0.100623,-0.130899,-0.195013,2,SMR@2026-W20,30,0.021569,-0.006431,0.067122,0.061106,0.014269,-0.079273,-0.010315,-0.109008,0.004574,0.04084,-0.046622,-0.054001,-0.018337,-0.112562,-0.007325,-0.187688,-0.105893
SMR:C1:2026-05-15,SMR,C1,C,重創,False,1.6,False,x-ai/grok-4.5,False,,2026-05-15,partially_supported,Inconclusive,0,lateral,0,True,1,,1,2026-05-16,,11.23,hist_backfill,-0.105179,2026-05-09,,0.015138,0.128228,-0.065004,-0.119323,0.045414,-0.100623,-0.130899,-0.195013,2,SMR@2026-W20,30,0.021569,-0.006431,0.067122,0.061106,0.014269,-0.079273,-0.010315,-0.109008,0.004574,0.04084,-0.046622,-0.054001,-0.018337,-0.112562,-0.007325,-0.187688,-0.105893
SMR:C1:2026-05-16,SMR,C1,C,重創,False,1.6,False,x-ai/grok-4.5,False,,2026-05-16,Inconclusive,Trending positive,1,upgrade,1,True,,1,0,2026-05-16,,11.23,hist_backfill,-0.105179,2026-05-09,,0.015138,0.128228,-0.065004,-0.119323,0.045414,-0.100623,-0.130899,-0.195013,2,SMR@2026-W20,30,0.021569,-0.006431,0.067122,0.061106,0.014269,-0.079273,-0.010315,-0.109008,0.004574,0.04084,-0.046622,-0.054001,-0.018337,-0.112562,-0.007325,-0.187688,-0.105893
SMR:C2:2026-05-15,SMR,C2,C,重創,False,1.6,False,x-ai/grok-4.5,False,,2026-05-15,challenged,Approaching falsification,0,lateral,0,True,1,,1,2026-05-16,,11.23,hist_backfill,-0.105179,2026-05-09,,0.015138,0.128228,-0.065004,-0.119323,0.045414,-0.100623,-0.130899,-0.195013,2,SMR@2026-W20,30,0.021569,-0.006431,0.067122,0.061106,0.014269,-0.079273,-0.010315,-0.109008,0.004574,0.04084,-0.046622,-0.054001,-0.018337,-0.112562,-0.007325,-0.187688,-0.105893
SMR:C2:2026-05-16,SMR,C2,C,重創,False,1.6,False,x-ai/grok-4.5,False,,2026-05-16,Approaching falsification,Trending negative,1,upgrade,1,True,,1,0,2026-05-16,,11.23,hist_backfill,-0.105179,2026-05-09,,0.015138,0.128228,-0.065004,-0.119323,0.045414,-0.100623,-0.130899,-0.195013,2,SMR@2026-W20,30,0.021569,-0.006431,0.067122,0.061106,0.014269,-0.079273,-0.010315,-0.109008,0.004574,0.04084,-0.046622,-0.054001,-0.018337,-0.112562,-0.007325,-0.187688,-0.105893
SMR:C3:2026-05-15,SMR,C3,C,重創,False,1.6,False,x-ai/grok-4.5,False,,2026-05-15,partially_supported,Inconclusive,0,lateral,0,True,1,,1,2026-05-16,,11.23,hist_backfill,-0.105179,2026-05-09,,0.015138,0.128228,-0.065004,-0.119323,0.045414,-0.100623,-0.130899,-0.195013,2,SMR@2026-W20,30,0.021569,-0.006431,0.067122,0.061106,0.014269,-0.079273,-0.010315,-0.109008,0.004574,0.04084,-0.046622,-0.054001,-0.018337,-0.112562,-0.007325,-0.187688,-0.105893
SMR:C3:2026-05-16,SMR,C3,C,重創,False,1.6,False,x-ai/grok-4.5,False,,2026-05-16,Inconclusive,Trending negative,-1,downgrade,1,True,,1,0,2026-05-16,,11.23,hist_backfill,-0.105179,2026-05-09,,0.015138,0.128228,-0.065004,-0.119323,0.045414,-0.100623,-0.130899,-0.195013,2,SMR@2026-W20,30,0.021569,-0.006431,0.067122,0.061106,0.014269,-0.079273,-0.010315,-0.109008,0.004574,0.04084,-0.046622,-0.054001,-0.018337,-0.112562,-0.007325,-0.187688,-0.105893
SMR:D1:2026-05-15,SMR,D1,D,致命,False,2.5,True,x-ai/grok-4.5,False,,2026-05-15,challenged,Approaching falsification,0,lateral,0,True,1,,1,2026-05-16,,11.23,hist_backfill,-0.105179,2026-05-09,,0.015138,0.128228,-0.065004,-0.119323,0.045414,-0.100623,-0.130899,-0.195013,2,SMR@2026-W20,30,0.021569,-0.006431,0.067122,0.061106,0.014269,-0.079273,-0.010315,-0.109008,0.004574,0.04084,-0.046622,-0.054001,-0.018337,-0.112562,-0.007325,-0.187688,-0.105893
SMR:D1:2026-05-16,SMR,D1,D,致命,False,2.5,True,x-ai/grok-4.5,False,,2026-05-16,Approaching falsification,Trending negative,1,upgrade,1,True,,1,0,2026-05-16,,11.23,hist_backfill,-0.105179,2026-05-09,,0.015138,0.128228,-0.065004,-0.119323,0.045414,-0.100623,-0.130899,-0.195013,2,SMR@2026-W20,30,0.021569,-0.006431,0.067122,0.061106,0.014269,-0.079273,-0.010315,-0.109008,0.004574,0.04084,-0.046622,-0.054001,-0.018337,-0.112562,-0.007325,-0.187688,-0.105893
SMR:D2:2026-05-15,SMR,D2,D,致命,False,2.5,False,x-ai/grok-4.5,False,,2026-05-15,challenged,Approaching falsification,0,lateral,0,True,1,,1,2026-05-16,,11.23,hist_backfill,-0.105179,2026-05-09,,0.015138,0.128228,-0.065004,-0.119323,0.045414,-0.100623,-0.130899,-0.195013,2,SMR@2026-W20,30,0.021569,-0.006431,0.067122,0.061106,0.014269,-0.079273,-0.010315,-0.109008,0.004574,0.04084,-0.046622,-0.054001,-0.018337,-0.112562,-0.007325,-0.187688,-0.105893
SMR:D2:2026-05-16,SMR,D2,D,致命,False,2.5,False,x-ai/grok-4.5,False,,2026-05-16,Approaching falsification,Trending negative,1,upgrade,1,True,,1,0,2026-05-16,,11.23,hist_backfill,-0.105179,2026-05-09,,0.015138,0.128228,-0.065004,-0.119323,0.045414,-0.100623,-0.130899,-0.195013,2,SMR@2026-W20,30,0.021569,-0.006431,0.067122,0.061106,0.014269,-0.079273,-0.010315,-0.109008,0.004574,0.04084,-0.046622,-0.054001,-0.018337,-0.112562,-0.007325,-0.187688,-0.105893
SMR:D3:2026-05-15,SMR,D3,D,致命,False,2.5,False,x-ai/grok-4.5,False,,2026-05-15,partially_supported,Inconclusive,0,lateral,0,True,1,,1,2026-05-16,,11.23,hist_backfill,-0.105179,2026-05-09,,0.015138,0.128228,-0.065004,-0.119323,0.045414,-0.100623,-0.130899,-0.195013,2,SMR@2026-W20,30,0.021569,-0.006431,0.067122,0.061106,0.014269,-0.079273,-0.010315,-0.109008,0.004574,0.04084,-0.046622,-0.054001,-0.018337,-0.112562,-0.007325,-0.187688,-0.105893
SMR:D3:2026-05-16,SMR,D3,D,致命,False,2.5,False,x-ai/grok-4.5,False,,2026-05-16,Inconclusive,Trending positive,1,upgrade,1,True,,1,0,2026-05-16,,11.23,hist_backfill,-0.105179,2026-05-09,,0.015138,0.128228,-0.065004,-0.119323,0.045414,-0.100623,-0.130899,-0.195013,2,SMR@2026-W20,30,0.021569,-0.006431,0.067122,0.061106,0.014269,-0.079273,-0.010315,-0.109008,0.004574,0.04084,-0.046622,-0.054001,-0.018337,-0.112562,-0.007325,-0.187688,-0.105893
SMR:E1:2026-05-15,SMR,E1,E,輕微,False,0.4,False,x-ai/grok-4.5,False,,2026-05-15,supported,Validated,0,lateral,0,True,1,,1,2026-05-16,,11.23,hist_backfill,-0.105179,2026-05-09,,0.015138,0.128228,-0.065004,-0.119323,0.045414,-0.100623,-0.130899,-0.195013,2,SMR@2026-W20,30,0.021569,-0.006431,0.067122,0.061106,0.014269,-0.079273,-0.010315,-0.109008,0.004574,0.04084,-0.046622,-0.054001,-0.018337,-0.112562,-0.007325,-0.187688,-0.105893
SMR:E1:2026-05-16,SMR,E1,E,輕微,False,0.4,False,x-ai/grok-4.5,False,,2026-05-16,Validated,Validated,0,lateral,1,True,,1,0,2026-05-16,,11.23,hist_backfill,-0.105179,2026-05-09,,0.015138,0.128228,-0.065004,-0.119323,0.045414,-0.100623,-0.130899,-0.195013,2,SMR@2026-W20,30,0.021569,-0.006431,0.067122,0.061106,0.014269,-0.079273,-0.010315,-0.109008,0.004574,0.04084,-0.046622,-0.054001,-0.018337,-0.112562,-0.007325,-0.187688,-0.105893
SMR:E2:2026-05-15,SMR,E2,E,輕微,False,0.4,False,x-ai/grok-4.5,False,,2026-05-15,supported,Validated,0,lateral,0,True,1,,1,2026-05-16,,11.23,hist_backfill,-0.105179,2026-05-09,,0.015138,0.128228,-0.065004,-0.119323,0.045414,-0.100623,-0.130899,-0.195013,2,SMR@2026-W20,30,0.021569,-0.006431,0.067122,0.061106,0.014269,-0.079273,-0.010315,-0.109008,0.004574,0.04084,-0.046622,-0.054001,-0.018337,-0.112562,-0.007325,-0.187688,-0.105893
SMR:E2:2026-05-16,SMR,E2,E,輕微,False,0.4,False,x-ai/grok-4.5,False,,2026-05-16,Validated,Validated,0,lateral,1,True,,1,0,2026-05-16,,11.23,hist_backfill,-0.105179,2026-05-09,,0.015138,0.128228,-0.065004,-0.119323,0.045414,-0.100623,-0.130899,-0.195013,2,SMR@2026-W20,30,0.021569,-0.006431,0.067122,0.061106,0.014269,-0.079273,-0.010315,-0.109008,0.004574,0.04084,-0.046622,-0.054001,-0.018337,-0.112562,-0.007325,-0.187688,-0.105893
SMR:E3:2026-05-15,SMR,E3,E,輕微,False,0.4,False,x-ai/grok-4.5,False,,2026-05-15,supported,Validated,0,lateral,0,True,1,,1,2026-05-16,,11.23,hist_backfill,-0.105179,2026-05-09,,0.015138,0.128228,-0.065004,-0.119323,0.045414,-0.100623,-0.130899,-0.195013,2,SMR@2026-W20,30,0.021569,-0.006431,0.067122,0.061106,0.014269,-0.079273,-0.010315,-0.109008,0.004574,0.04084,-0.046622,-0.054001,-0.018337,-0.112562,-0.007325,-0.187688,-0.105893
SMR:E3:2026-05-16,SMR,E3,E,輕微,False,0.4,False,x-ai/grok-4.5,False,,2026-05-16,Validated,Validated,0,lateral,1,True,,1,0,2026-05-16,,11.23,hist_backfill,-0.105179,2026-05-09,,0.015138,0.128228,-0.065004,-0.119323,0.045414,-0.100623,-0.130899,-0.195013,2,SMR@2026-W20,30,0.021569,-0.006431,0.067122,0.061106,0.014269,-0.079273,-0.010315,-0.109008,0.004574,0.04084,-0.046622,-0.054001,-0.018337,-0.112562,-0.007325,-0.187688,-0.105893
SNOW:A1:2026-05-15,SNOW,A1,A,重創,False,1.6,False,x-ai/grok-4.5,False,,2026-05-15,partially_supported,Inconclusive,0,lateral,0,True,1,,1,2026-05-16,,157.47,hist_backfill,0.032929,2026-05-09,,0.093542,0.622849,0.51305,0.47825,0.475138,0.581,0.652061,0.660316,2,SNOW@2026-W20,32,0.021569,0.071973,0.067122,0.555727,0.014269,0.498781,-0.010315,0.488565,0.004574,0.470564,-0.046622,0.627622,-0.018337,0.670398,-0.007325,0.667641,0.032215
SNOW:A1:2026-05-16,SNOW,A1,A,重創,False,1.6,False,x-ai/grok-4.5,False,,2026-05-16,Inconclusive,Trending positive,1,upgrade,1,True,,1,0,2026-05-16,,157.47,hist_backfill,0.032929,2026-05-09,,0.093542,0.622849,0.51305,0.47825,0.475138,0.581,0.652061,0.660316,2,SNOW@2026-W20,32,0.021569,0.071973,0.067122,0.555727,0.014269,0.498781,-0.010315,0.488565,0.004574,0.470564,-0.046622,0.627622,-0.018337,0.670398,-0.007325,0.667641,0.032215
SNOW:A2:2026-05-15,SNOW,A2,A,重創,False,1.6,False,x-ai/grok-4.5,False,,2026-05-15,supported,Validated,0,lateral,0,True,1,,1,2026-05-16,,157.47,hist_backfill,0.032929,2026-05-09,,0.093542,0.622849,0.51305,0.47825,0.475138,0.581,0.652061,0.660316,2,SNOW@2026-W20,32,0.021569,0.071973,0.067122,0.555727,0.014269,0.498781,-0.010315,0.488565,0.004574,0.470564,-0.046622,0.627622,-0.018337,0.670398,-0.007325,0.667641,0.032215
SNOW:A2:2026-05-16,SNOW,A2,A,重創,False,1.6,False,x-ai/grok-4.5,False,,2026-05-16,Validated,Validated,0,lateral,1,True,,1,0,2026-05-16,,157.47,hist_backfill,0.032929,2026-05-09,,0.093542,0.622849,0.51305,0.47825,0.475138,0.581,0.652061,0.660316,2,SNOW@2026-W20,32,0.021569,0.071973,0.067122,0.555727,0.014269,0.498781,-0.010315,0.488565,0.004574,0.470564,-0.046622,0.627622,-0.018337,0.670398,-0.007325,0.667641,0.032215
SNOW:A3:2026-05-15,SNOW,A3,A,重創,False,1.6,False,x-ai/grok-4.5,False,,2026-05-15,partially_supported,Inconclusive,0,lateral,0,True,1,,1,2026-05-16,,157.47,hist_backfill,0.032929,2026-05-09,,0.093542,0.622849,0.51305,0.47825,0.475138,0.581,0.652061,0.660316,2,SNOW@2026-W20,32,0.021569,0.071973,0.067122,0.555727,0.014269,0.498781,-0.010315,0.488565,0.004574,0.470564,-0.046622,0.627622,-0.018337,0.670398,-0.007325,0.667641,0.032215
SNOW:A3:2026-05-16,SNOW,A3,A,重創,False,1.6,False,x-ai/grok-4.5,False,,2026-05-16,Inconclusive,Trending positive,1,upgrade,1,True,,1,0,2026-05-16,,157.47,hist_backfill,0.032929,2026-05-09,,0.093542,0.622849,0.51305,0.47825,0.475138,0.581,0.652061,0.660316,2,SNOW@2026-W20,32,0.021569,0.071973,0.067122,0.555727,0.014269,0.498781,-0.010315,0.488565,0.004574,0.470564,-0.046622,0.627622,-0.018337,0.670398,-0.007325,0.667641,0.032215
SNOW:B1:2026-05-15,SNOW,B1,B,明顯受損,False,0.9,False,x-ai/grok-4.5,False,,2026-05-15,partially_supported,Inconclusive,0,lateral,0,True,1,,1,2026-05-16,,157.47,hist_backfill,0.032929,2026-05-09,,0.093542,0.622849,0.51305,0.47825,0.475138,0.581,0.652061,0.660316,2,SNOW@2026-W20,32,0.021569,0.071973,0.067122,0.555727,0.014269,0.498781,-0.010315,0.488565,0.004574,0.470564,-0.046622,0.627622,-0.018337,0.670398,-0.007325,0.667641,0.032215
SNOW:B1:2026-05-16,SNOW,B1,B,明顯受損,False,0.9,False,x-ai/grok-4.5,False,,2026-05-16,Inconclusive,Trending positive,1,upgrade,1,True,,1,0,2026-05-16,,157.47,hist_backfill,0.032929,2026-05-09,,0.093542,0.622849,0.51305,0.47825,0.475138,0.581,0.652061,0.660316,2,SNOW@2026-W20,32,0.021569,0.071973,0.067122,0.555727,0.014269,0.498781,-0.010315,0.488565,0.004574,0.470564,-0.046622,0.627622,-0.018337,0.670398,-0.007325,0.667641,0.032215
SNOW:B2:2026-05-15,SNOW,B2,B,明顯受損,False,0.9,False,x-ai/grok-4.5,False,,2026-05-15,partially_supported,Inconclusive,0,lateral,0,True,1,,1,2026-05-16,,157.47,hist_backfill,0.032929,2026-05-09,,0.093542,0.622849,0.51305,0.47825,0.475138,0.581,0.652061,0.660316,2,SNOW@2026-W20,32,0.021569,0.071973,0.067122,0.555727,0.014269,0.498781,-0.010315,0.488565,0.004574,0.470564,-0.046622,0.627622,-0.018337,0.670398,-0.007325,0.667641,0.032215
SNOW:B2:2026-05-16,SNOW,B2,B,明顯受損,False,0.9,False,x-ai/grok-4.5,False,,2026-05-16,Inconclusive,Trending positive,1,upgrade,1,True,,1,0,2026-05-16,,157.47,hist_backfill,0.032929,2026-05-09,,0.093542,0.622849,0.51305,0.47825,0.475138,0.581,0.652061,0.660316,2,SNOW@2026-W20,32,0.021569,0.071973,0.067122,0.555727,0.014269,0.498781,-0.010315,0.488565,0.004574,0.470564,-0.046622,0.627622,-0.018337,0.670398,-0.007325,0.667641,0.032215
SNOW:B3:2026-05-15,SNOW,B3,B,明顯受損,False,0.9,False,x-ai/grok-4.5,False,,2026-05-15,partially_supported,Inconclusive,0,lateral,0,True,1,,1,2026-05-16,,157.47,hist_backfill,0.032929,2026-05-09,,0.093542,0.622849,0.51305,0.47825,0.475138,0.581,0.652061,0.660316,2,SNOW@2026-W20,32,0.021569,0.071973,0.067122,0.555727,0.014269,0.498781,-0.010315,0.488565,0.004574,0.470564,-0.046622,0.627622,-0.018337,0.670398,-0.007325,0.667641,0.032215
SNOW:B3:2026-05-16,SNOW,B3,B,明顯受損,False,0.9,False,x-ai/grok-4.5,False,,2026-05-16,Inconclusive,Trending positive,1,upgrade,1,True,,1,0,2026-05-16,,157.47,hist_backfill,0.032929,2026-05-09,,0.093542,0.622849,0.51305,0.47825,0.475138,0.581,0.652061,0.660316,2,SNOW@2026-W20,32,0.021569,0.071973,0.067122,0.555727,0.014269,0.498781,-0.010315,0.488565,0.004574,0.470564,-0.046622,0.627622,-0.018337,0.670398,-0.007325,0.667641,0.032215
SNOW:C1:2026-05-15,SNOW,C1,C,邊緣,False,0.15,False,x-ai/grok-4.5,False,,2026-05-15,partially_supported,Inconclusive,0,lateral,0,True,1,,1,2026-05-16,,157.47,hist_backfill,0.032929,2026-05-09,,0.093542,0.622849,0.51305,0.47825,0.475138,0.581,0.652061,0.660316,2,SNOW@2026-W20,32,0.021569,0.071973,0.067122,0.555727,0.014269,0.498781,-0.010315,0.488565,0.004574,0.470564,-0.046622,0.627622,-0.018337,0.670398,-0.007325,0.667641,0.032215
SNOW:C1:2026-05-16,SNOW,C1,C,邊緣,False,0.15,False,x-ai/grok-4.5,False,,2026-05-16,Inconclusive,Trending positive,1,upgrade,1,True,,1,0,2026-05-16,,157.47,hist_backfill,0.032929,2026-05-09,,0.093542,0.622849,0.51305,0.47825,0.475138,0.581,0.652061,0.660316,2,SNOW@2026-W20,32,0.021569,0.071973,0.067122,0.555727,0.014269,0.498781,-0.010315,0.488565,0.004574,0.470564,-0.046622,0.627622,-0.018337,0.670398,-0.007325,0.667641,0.032215
SNOW:C2:2026-05-15,SNOW,C2,C,邊緣,False,0.15,False,x-ai/grok-4.5,False,,2026-05-15,partially_supported,Inconclusive,0,lateral,0,True,1,,1,2026-05-16,,157.47,hist_backfill,0.032929,2026-05-09,,0.093542,0.622849,0.51305,0.47825,0.475138,0.581,0.652061,0.660316,2,SNOW@2026-W20,32,0.021569,0.071973,0.067122,0.555727,0.014269,0.498781,-0.010315,0.488565,0.004574,0.470564,-0.046622,0.627622,-0.018337,0.670398,-0.007325,0.667641,0.032215
SNOW:C2:2026-05-16,SNOW,C2,C,邊緣,False,0.15,False,x-ai/grok-4.5,False,,2026-05-16,Inconclusive,Trending positive,1,upgrade,1,True,,1,0,2026-05-16,,157.47,hist_backfill,0.032929,2026-05-09,,0.093542,0.622849,0.51305,0.47825,0.475138,0.581,0.652061,0.660316,2,SNOW@2026-W20,32,0.021569,0.071973,0.067122,0.555727,0.014269,0.498781,-0.010315,0.488565,0.004574,0.470564,-0.046622,0.627622,-0.018337,0.670398,-0.007325,0.667641,0.032215
SNOW:C3:2026-05-15,SNOW,C3,C,邊緣,False,0.15,False,x-ai/grok-4.5,False,,2026-05-15,partially_supported,Inconclusive,0,lateral,0,True,1,,1,2026-05-16,,157.47,hist_backfill,0.032929,2026-05-09,,0.093542,0.622849,0.51305,0.47825,0.475138,0.581,0.652061,0.660316,2,SNOW@2026-W20,32,0.021569,0.071973,0.067122,0.555727,0.014269,0.498781,-0.010315,0.488565,0.004574,0.470564,-0.046622,0.627622,-0.018337,0.670398,-0.007325,0.667641,0.032215
SNOW:C3:2026-05-16,SNOW,C3,C,邊緣,False,0.15,False,x-ai/grok-4.5,False,,2026-05-16,Inconclusive,Trending positive,1,upgrade,1,True,,1,0,2026-05-16,,157.47,hist_backfill,0.032929,2026-05-09,,0.093542,0.622849,0.51305,0.47825,0.475138,0.581,0.652061,0.660316,2,SNOW@2026-W20,32,0.021569,0.071973,0.067122,0.555727,0.014269,0.498781,-0.010315,0.488565,0.004574,0.470564,-0.046622,0.627622,-0.018337,0.670398,-0.007325,0.667641,0.032215
SNOW:D1:2026-05-15,SNOW,D1,D,致命,False,2.5,False,x-ai/grok-4.5,False,,2026-05-15,partially_supported,Inconclusive,0,lateral,0,True,1,,1,2026-05-16,,157.47,hist_backfill,0.032929,2026-05-09,,0.093542,0.622849,0.51305,0.47825,0.475138,0.581,0.652061,0.660316,2,SNOW@2026-W20,32,0.021569,0.071973,0.067122,0.555727,0.014269,0.498781,-0.010315,0.488565,0.004574,0.470564,-0.046622,0.627622,-0.018337,0.670398,-0.007325,0.667641,0.032215
SNOW:D1:2026-05-16,SNOW,D1,D,致命,False,2.5,False,x-ai/grok-4.5,False,,2026-05-16,Inconclusive,Trending positive,1,upgrade,1,True,,1,0,2026-05-16,,157.47,hist_backfill,0.032929,2026-05-09,,0.093542,0.622849,0.51305,0.47825,0.475138,0.581,0.652061,0.660316,2,SNOW@2026-W20,32,0.021569,0.071973,0.067122,0.555727,0.014269,0.498781,-0.010315,0.488565,0.004574,0.470564,-0.046622,0.627622,-0.018337,0.670398,-0.007325,0.667641,0.032215
SNOW:D2:2026-05-15,SNOW,D2,D,致命,False,2.5,False,x-ai/grok-4.5,False,,2026-05-15,partially_supported,Inconclusive,0,lateral,0,True,1,,1,2026-05-16,,157.47,hist_backfill,0.032929,2026-05-09,,0.093542,0.622849,0.51305,0.47825,0.475138,0.581,0.652061,0.660316,2,SNOW@2026-W20,32,0.021569,0.071973,0.067122,0.555727,0.014269,0.498781,-0.010315,0.488565,0.004574,0.470564,-0.046622,0.627622,-0.018337,0.670398,-0.007325,0.667641,0.032215
SNOW:D2:2026-05-16,SNOW,D2,D,致命,False,2.5,False,x-ai/grok-4.5,False,,2026-05-16,Inconclusive,Trending positive,1,upgrade,1,True,,1,0,2026-05-16,,157.47,hist_backfill,0.032929,2026-05-09,,0.093542,0.622849,0.51305,0.47825,0.475138,0.581,0.652061,0.660316,2,SNOW@2026-W20,32,0.021569,0.071973,0.067122,0.555727,0.014269,0.498781,-0.010315,0.488565,0.004574,0.470564,-0.046622,0.627622,-0.018337,0.670398,-0.007325,0.667641,0.032215
SNOW:D3:2026-05-15,SNOW,D3,D,致命,False,2.5,False,x-ai/grok-4.5,False,,2026-05-15,partially_supported,Inconclusive,0,lateral,0,True,1,,1,2026-05-16,,157.47,hist_backfill,0.032929,2026-05-09,,0.093542,0.622849,0.51305,0.47825,0.475138,0.581,0.652061,0.660316,2,SNOW@2026-W20,32,0.021569,0.071973,0.067122,0.555727,0.014269,0.498781,-0.010315,0.488565,0.004574,0.470564,-0.046622,0.627622,-0.018337,0.670398,-0.007325,0.667641,0.032215
SNOW:D3:2026-05-16,SNOW,D3,D,致命,False,2.5,False,x-ai/grok-4.5,False,,2026-05-16,Inconclusive,Trending positive,1,upgrade,1,True,,1,0,2026-05-16,,157.47,hist_backfill,0.032929,2026-05-09,,0.093542,0.622849,0.51305,0.47825,0.475138,0.581,0.652061,0.660316,2,SNOW@2026-W20,32,0.021569,0.071973,0.067122,0.555727,0.014269,0.498781,-0.010315,0.488565,0.004574,0.470564,-0.046622,0.627622,-0.018337,0.670398,-0.007325,0.667641,0.032215
SNOW:E1:2026-05-15,SNOW,E1,E,明顯受損,False,0.9,False,x-ai/grok-4.5,False,,2026-05-15,supported,Validated,0,lateral,0,True,1,,1,2026-05-16,,157.47,hist_backfill,0.032929,2026-05-09,,0.093542,0.622849,0.51305,0.47825,0.475138,0.581,0.652061,0.660316,2,SNOW@2026-W20,32,0.021569,0.071973,0.067122,0.555727,0.014269,0.498781,-0.010315,0.488565,0.004574,0.470564,-0.046622,0.627622,-0.018337,0.670398,-0.007325,0.667641,0.032215
SNOW:E1:2026-05-16,SNOW,E1,E,明顯受損,False,0.9,False,x-ai/grok-4.5,False,,2026-05-16,Validated,Validated,0,lateral,1,True,,1,0,2026-05-16,,157.47,hist_backfill,0.032929,2026-05-09,,0.093542,0.622849,0.51305,0.47825,0.475138,0.581,0.652061,0.660316,2,SNOW@2026-W20,32,0.021569,0.071973,0.067122,0.555727,0.014269,0.498781,-0.010315,0.488565,0.004574,0.470564,-0.046622,0.627622,-0.018337,0.670398,-0.007325,0.667641,0.032215
SNOW:E2:2026-05-15,SNOW,E2,E,明顯受損,False,0.9,False,x-ai/grok-4.5,False,,2026-05-15,partially_supported,Inconclusive,0,lateral,0,True,1,,1,2026-05-16,,157.47,hist_backfill,0.032929,2026-05-09,,0.093542,0.622849,0.51305,0.47825,0.475138,0.581,0.652061,0.660316,2,SNOW@2026-W20,32,0.021569,0.071973,0.067122,0.555727,0.014269,0.498781,-0.010315,0.488565,0.004574,0.470564,-0.046622,0.627622,-0.018337,0.670398,-0.007325,0.667641,0.032215
SNOW:E2:2026-05-16,SNOW,E2,E,明顯受損,False,0.9,False,x-ai/grok-4.5,False,,2026-05-16,Inconclusive,Inconclusive,0,lateral,1,True,14,1,0,2026-05-16,,157.47,hist_backfill,0.032929,2026-05-09,,0.093542,0.622849,0.51305,0.47825,0.475138,0.581,0.652061,0.660316,2,SNOW@2026-W20,32,0.021569,0.071973,0.067122,0.555727,0.014269,0.498781,-0.010315,0.488565,0.004574,0.470564,-0.046622,0.627622,-0.018337,0.670398,-0.007325,0.667641,0.032215
SNOW:E2:2026-05-30,SNOW,E2,E,明顯受損,False,0.9,False,x-ai/grok-4.5,False,,2026-05-30,Inconclusive,Trending positive,1,upgrade,15,False,,14,0,2026-05-30,,255.55,hist_backfill,0.48403,2026-05-23,,-0.067658,-0.089102,-0.091019,-0.025788,0.018,0.023087,0.05224,0.05224,2,SNOW@2026-W22,1,-0.048107,-0.019551,-0.05432,-0.034782,-0.032366,-0.058653,-0.085928,0.06014,-0.067788,0.085788,-0.043977,0.067064,-0.107618,0.159858,-0.122884,0.175124,0.44177
SNOW:E3:2026-05-15,SNOW,E3,E,明顯受損,False,0.9,False,x-ai/grok-4.5,False,,2026-05-15,supported,Validated,0,lateral,0,True,1,,1,2026-05-16,,157.47,hist_backfill,0.032929,2026-05-09,,0.093542,0.622849,0.51305,0.47825,0.475138,0.581,0.652061,0.660316,2,SNOW@2026-W20,32,0.021569,0.071973,0.067122,0.555727,0.014269,0.498781,-0.010315,0.488565,0.004574,0.470564,-0.046622,0.627622,-0.018337,0.670398,-0.007325,0.667641,0.032215
SNOW:E3:2026-05-16,SNOW,E3,E,明顯受損,False,0.9,False,x-ai/grok-4.5,False,,2026-05-16,Validated,Validated,0,lateral,1,True,,1,0,2026-05-16,,157.47,hist_backfill,0.032929,2026-05-09,,0.093542,0.622849,0.51305,0.47825,0.475138,0.581,0.652061,0.660316,2,SNOW@2026-W20,32,0.021569,0.071973,0.067122,0.555727,0.014269,0.498781,-0.010315,0.488565,0.004574,0.470564,-0.046622,0.627622,-0.018337,0.670398,-0.007325,0.667641,0.032215
SNOW:E4:2026-05-15,SNOW,E4,E,明顯受損,False,0.9,False,x-ai/grok-4.5,False,,2026-05-15,supported,Validated,0,lateral,0,True,1,,1,2026-05-16,,157.47,hist_backfill,0.032929,2026-05-09,,0.093542,0.622849,0.51305,0.47825,0.475138,0.581,0.652061,0.660316,2,SNOW@2026-W20,32,0.021569,0.071973,0.067122,0.555727,0.014269,0.498781,-0.010315,0.488565,0.004574,0.470564,-0.046622,0.627622,-0.018337,0.670398,-0.007325,0.667641,0.032215
SNOW:E4:2026-05-16,SNOW,E4,E,明顯受損,False,0.9,False,x-ai/grok-4.5,False,,2026-05-16,Validated,Validated,0,lateral,1,True,,1,0,2026-05-16,,157.47,hist_backfill,0.032929,2026-05-09,,0.093542,0.622849,0.51305,0.47825,0.475138,0.581,0.652061,0.660316,2,SNOW@2026-W20,32,0.021569,0.071973,0.067122,0.555727,0.014269,0.498781,-0.010315,0.488565,0.004574,0.470564,-0.046622,0.627622,-0.018337,0.670398,-0.007325,0.667641,0.032215
TEAM:D3:2026-05-30,TEAM,D3,D,邊緣,False,0.15,False,x-ai/grok-4.5,False,,2026-05-30,Validated,Falsified,-5,downgrade,0,False,,,0,2026-05-30,,107.61,hist_backfill,0.259775,2026-05-23,,-0.075644,-0.1774,-0.231298,-0.268284,-0.22089,-0.17424,-0.133073,-0.133073,2,TEAM@2026-W22,1,-0.048107,-0.027537,-0.05432,-0.12308,-0.032366,-0.198932,-0.085928,-0.182356,-0.067788,-0.153102,-0.043977,-0.130263,-0.107618,-0.025455,-0.122884,-0.010189,0.217515
TSLA:A1:2026-05-09,TSLA,A1,A,輕微,False,0.4,False,x-ai/grok-4.5,False,,2026-05-09,partially_supported,supported,2,upgrade,0,True,6,,0,2026-05-09,,428.35,hist_backfill,0.096029,2026-05-02,,-0.014264,-0.005463,0.017369,-0.087195,-0.051173,-0.06504,-0.113552,-0.081475,2,TSLA@2026-W19,3,0.000714,-0.014978,0.022903,-0.028366,0.063736,-0.046367,0.022851,-0.110046,0.018774,-0.069947,0.039023,-0.104063,-0.014805,-0.098747,-0.010483,-0.070992,0.070989
TSLA:A1:2026-05-15,TSLA,A1,A,輕微,False,0.4,False,x-ai/grok-4.5,False,,2026-05-15,supported,Validated,0,lateral,6,True,1,6,1,2026-05-16,,422.24,hist_backfill,-0.014264,2026-05-09,,0.008929,0.032091,-0.073986,-0.037443,-0.051511,-0.100725,-0.068184,-0.034293,2,TSLA@2026-W20,24,0.021569,-0.01264,0.067122,-0.035031,0.014269,-0.088255,-0.010315,-0.027128,0.004574,-0.056085,-0.046622,-0.054103,-0.018337,-0.049847,-0.007325,-0.026968,-0.014978
TSLA:A1:2026-05-16,TSLA,A1,A,輕微,False,0.4,False,x-ai/grok-4.5,False,,2026-05-16,Validated,Validated,0,lateral,7,True,,1,0,2026-05-16,,422.24,hist_backfill,-0.014264,2026-05-09,,0.008929,0.032091,-0.073986,-0.037443,-0.051511,-0.100725,-0.068184,-0.034293,2,TSLA@2026-W20,24,0.021569,-0.01264,0.067122,-0.035031,0.014269,-0.088255,-0.010315,-0.027128,0.004574,-0.056085,-0.046622,-0.054103,-0.018337,-0.049847,-0.007325,-0.026968,-0.014978
TSLA:A2:2026-05-15,TSLA,A2,A,輕微,False,0.4,False,x-ai/grok-4.5,False,,2026-05-15,challenged,Approaching falsification,0,lateral,6,True,1,,1,2026-05-16,,422.24,hist_backfill,-0.014264,2026-05-09,,0.008929,0.032091,-0.073986,-0.037443,-0.051511,-0.100725,-0.068184,-0.034293,2,TSLA@2026-W20,24,0.021569,-0.01264,0.067122,-0.035031,0.014269,-0.088255,-0.010315,-0.027128,0.004574,-0.056085,-0.046622,-0.054103,-0.018337,-0.049847,-0.007325,-0.026968,-0.014978
TSLA:A2:2026-05-16,TSLA,A2,A,輕微,False,0.4,False,x-ai/grok-4.5,False,,2026-05-16,Approaching falsification,Trending positive,3,upgrade,7,True,70,1,0,2026-05-16,,422.24,hist_backfill,-0.014264,2026-05-09,,0.008929,0.032091,-0.073986,-0.037443,-0.051511,-0.100725,-0.068184,-0.034293,2,TSLA@2026-W20,24,0.021569,-0.01264,0.067122,-0.035031,0.014269,-0.088255,-0.010315,-0.027128,0.004574,-0.056085,-0.046622,-0.054103,-0.018337,-0.049847,-0.007325,-0.026968,-0.014978
TSLA:A2:2026-07-25,TSLA,A2,A,輕微,False,0.4,False,x-ai/grok-4.3,False,,2026-07-25,Trending negative,Trending positive,2,upgrade,77,False,,70,0,2026-07-25,0.2868,313.03,live,-0.178054,2026-07-22,0.0,-0.017858,-0.005814,,,,,,,2,TSLA@2026-W30,2,0.001231,-0.019089,-0.005814,0.0,0.170049,,,,,,,,,,,,-0.161534
TSLA:A3:2026-05-15,TSLA,A3,A,輕微,False,0.4,False,x-ai/grok-4.5,False,,2026-05-15,partially_supported,Inconclusive,0,lateral,6,True,1,,1,2026-05-16,,422.24,hist_backfill,-0.014264,2026-05-09,,0.008929,0.032091,-0.073986,-0.037443,-0.051511,-0.100725,-0.068184,-0.034293,2,TSLA@2026-W20,24,0.021569,-0.01264,0.067122,-0.035031,0.014269,-0.088255,-0.010315,-0.027128,0.004574,-0.056085,-0.046622,-0.054103,-0.018337,-0.049847,-0.007325,-0.026968,-0.014978
TSLA:A3:2026-05-16,TSLA,A3,A,輕微,False,0.4,False,x-ai/grok-4.5,False,,2026-05-16,Inconclusive,Trending negative,-1,downgrade,7,True,,1,0,2026-05-16,,422.24,hist_backfill,-0.014264,2026-05-09,,0.008929,0.032091,-0.073986,-0.037443,-0.051511,-0.100725,-0.068184,-0.034293,2,TSLA@2026-W20,24,0.021569,-0.01264,0.067122,-0.035031,0.014269,-0.088255,-0.010315,-0.027128,0.004574,-0.056085,-0.046622,-0.054103,-0.018337,-0.049847,-0.007325,-0.026968,-0.014978
TSLA:B1:2026-05-10,TSLA,B1,B,致命,False,2.5,False,x-ai/grok-4.5,False,,2026-05-10,challenged,partially_supported,2,upgrade,1,True,5,,6,2026-05-16,,422.24,hist_backfill,-0.014264,2026-05-09,,0.008929,0.032091,-0.073986,-0.037443,-0.051511,-0.100725,-0.068184,-0.034293,2,TSLA@2026-W19,3,0.021569,-0.01264,0.067122,-0.035031,0.014269,-0.088255,-0.010315,-0.027128,0.004574,-0.056085,-0.046622,-0.054103,-0.018337,-0.049847,-0.007325,-0.026968,-0.014978
TSLA:B1:2026-05-15,TSLA,B1,B,致命,False,2.5,False,x-ai/grok-4.5,False,,2026-05-15,partially_supported,Inconclusive,0,lateral,6,True,1,5,1,2026-05-16,,422.24,hist_backfill,-0.014264,2026-05-09,,0.008929,0.032091,-0.073986,-0.037443,-0.051511,-0.100725,-0.068184,-0.034293,2,TSLA@2026-W20,24,0.021569,-0.01264,0.067122,-0.035031,0.014269,-0.088255,-0.010315,-0.027128,0.004574,-0.056085,-0.046622,-0.054103,-0.018337,-0.049847,-0.007325,-0.026968,-0.014978
TSLA:B1:2026-05-16,TSLA,B1,B,致命,False,2.5,False,x-ai/grok-4.5,False,,2026-05-16,Inconclusive,Trending positive,1,upgrade,7,True,,1,0,2026-05-16,,422.24,hist_backfill,-0.014264,2026-05-09,,0.008929,0.032091,-0.073986,-0.037443,-0.051511,-0.100725,-0.068184,-0.034293,2,TSLA@2026-W20,24,0.021569,-0.01264,0.067122,-0.035031,0.014269,-0.088255,-0.010315,-0.027128,0.004574,-0.056085,-0.046622,-0.054103,-0.018337,-0.049847,-0.007325,-0.026968,-0.014978
TSLA:B2:2026-05-15,TSLA,B2,B,致命,False,2.5,False,x-ai/grok-4.5,False,,2026-05-15,partially_supported,Inconclusive,0,lateral,6,True,1,,1,2026-05-16,,422.24,hist_backfill,-0.014264,2026-05-09,,0.008929,0.032091,-0.073986,-0.037443,-0.051511,-0.100725,-0.068184,-0.034293,2,TSLA@2026-W20,24,0.021569,-0.01264,0.067122,-0.035031,0.014269,-0.088255,-0.010315,-0.027128,0.004574,-0.056085,-0.046622,-0.054103,-0.018337,-0.049847,-0.007325,-0.026968,-0.014978
TSLA:B2:2026-05-16,TSLA,B2,B,致命,False,2.5,False,x-ai/grok-4.5,False,,2026-05-16,Inconclusive,Trending positive,1,upgrade,7,True,70,1,0,2026-05-16,,422.24,hist_backfill,-0.014264,2026-05-09,,0.008929,0.032091,-0.073986,-0.037443,-0.051511,-0.100725,-0.068184,-0.034293,2,TSLA@2026-W20,24,0.021569,-0.01264,0.067122,-0.035031,0.014269,-0.088255,-0.010315,-0.027128,0.004574,-0.056085,-0.046622,-0.054103,-0.018337,-0.049847,-0.007325,-0.026968,-0.014978
TSLA:B2:2026-07-25,TSLA,B2,B,致命,False,2.5,False,x-ai/grok-4.3,False,,2026-07-25,Trending negative,Falsified,-2,downgrade,77,False,,70,0,2026-07-25,0.2868,313.03,live,-0.178054,2026-07-22,0.0,-0.017858,-0.005814,,,,,,,2,TSLA@2026-W30,2,0.001231,-0.019089,-0.005814,0.0,0.170049,,,,,,,,,,,,-0.161534
TSLA:B3:2026-05-15,TSLA,B3,B,致命,False,2.5,False,x-ai/grok-4.5,False,,2026-05-15,partially_supported,Inconclusive,0,lateral,6,True,1,,1,2026-05-16,,422.24,hist_backfill,-0.014264,2026-05-09,,0.008929,0.032091,-0.073986,-0.037443,-0.051511,-0.100725,-0.068184,-0.034293,2,TSLA@2026-W20,24,0.021569,-0.01264,0.067122,-0.035031,0.014269,-0.088255,-0.010315,-0.027128,0.004574,-0.056085,-0.046622,-0.054103,-0.018337,-0.049847,-0.007325,-0.026968,-0.014978
TSLA:B3:2026-05-16,TSLA,B3,B,致命,False,2.5,False,x-ai/grok-4.5,False,,2026-05-16,Inconclusive,Trending positive,1,upgrade,7,True,,1,0,2026-05-16,,422.24,hist_backfill,-0.014264,2026-05-09,,0.008929,0.032091,-0.073986,-0.037443,-0.051511,-0.100725,-0.068184,-0.034293,2,TSLA@2026-W20,24,0.021569,-0.01264,0.067122,-0.035031,0.014269,-0.088255,-0.010315,-0.027128,0.004574,-0.056085,-0.046622,-0.054103,-0.018337,-0.049847,-0.007325,-0.026968,-0.014978
TSLA:C1:2026-05-15,TSLA,C1,C,明顯受損,False,0.9,False,x-ai/grok-4.5,False,,2026-05-15,partially_supported,Inconclusive,0,lateral,6,True,1,,1,2026-05-16,,422.24,hist_backfill,-0.014264,2026-05-09,,0.008929,0.032091,-0.073986,-0.037443,-0.051511,-0.100725,-0.068184,-0.034293,2,TSLA@2026-W20,24,0.021569,-0.01264,0.067122,-0.035031,0.014269,-0.088255,-0.010315,-0.027128,0.004574,-0.056085,-0.046622,-0.054103,-0.018337,-0.049847,-0.007325,-0.026968,-0.014978
TSLA:C1:2026-05-16,TSLA,C1,C,明顯受損,False,0.9,False,x-ai/grok-4.5,False,,2026-05-16,Inconclusive,Trending positive,1,upgrade,7,True,,1,0,2026-05-16,,422.24,hist_backfill,-0.014264,2026-05-09,,0.008929,0.032091,-0.073986,-0.037443,-0.051511,-0.100725,-0.068184,-0.034293,2,TSLA@2026-W20,24,0.021569,-0.01264,0.067122,-0.035031,0.014269,-0.088255,-0.010315,-0.027128,0.004574,-0.056085,-0.046622,-0.054103,-0.018337,-0.049847,-0.007325,-0.026968,-0.014978
TSLA:C2:2026-05-15,TSLA,C2,C,明顯受損,False,0.9,False,x-ai/grok-4.5,False,,2026-05-15,challenged,Approaching falsification,0,lateral,6,True,1,,1,2026-05-16,,422.24,hist_backfill,-0.014264,2026-05-09,,0.008929,0.032091,-0.073986,-0.037443,-0.051511,-0.100725,-0.068184,-0.034293,2,TSLA@2026-W20,24,0.021569,-0.01264,0.067122,-0.035031,0.014269,-0.088255,-0.010315,-0.027128,0.004574,-0.056085,-0.046622,-0.054103,-0.018337,-0.049847,-0.007325,-0.026968,-0.014978
TSLA:C2:2026-05-16,TSLA,C2,C,明顯受損,False,0.9,False,x-ai/grok-4.5,False,,2026-05-16,Approaching falsification,Trending negative,1,upgrade,7,True,,1,0,2026-05-16,,422.24,hist_backfill,-0.014264,2026-05-09,,0.008929,0.032091,-0.073986,-0.037443,-0.051511,-0.100725,-0.068184,-0.034293,2,TSLA@2026-W20,24,0.021569,-0.01264,0.067122,-0.035031,0.014269,-0.088255,-0.010315,-0.027128,0.004574,-0.056085,-0.046622,-0.054103,-0.018337,-0.049847,-0.007325,-0.026968,-0.014978
TSLA:C3:2026-05-15,TSLA,C3,C,明顯受損,False,0.9,False,x-ai/grok-4.5,False,,2026-05-15,challenged,Approaching falsification,0,lateral,6,True,1,,1,2026-05-16,,422.24,hist_backfill,-0.014264,2026-05-09,,0.008929,0.032091,-0.073986,-0.037443,-0.051511,-0.100725,-0.068184,-0.034293,2,TSLA@2026-W20,24,0.021569,-0.01264,0.067122,-0.035031,0.014269,-0.088255,-0.010315,-0.027128,0.004574,-0.056085,-0.046622,-0.054103,-0.018337,-0.049847,-0.007325,-0.026968,-0.014978
TSLA:C3:2026-05-16,TSLA,C3,C,明顯受損,False,0.9,False,x-ai/grok-4.5,False,,2026-05-16,Approaching falsification,Trending negative,1,upgrade,7,True,,1,0,2026-05-16,,422.24,hist_backfill,-0.014264,2026-05-09,,0.008929,0.032091,-0.073986,-0.037443,-0.051511,-0.100725,-0.068184,-0.034293,2,TSLA@2026-W20,24,0.021569,-0.01264,0.067122,-0.035031,0.014269,-0.088255,-0.010315,-0.027128,0.004574,-0.056085,-0.046622,-0.054103,-0.018337,-0.049847,-0.007325,-0.026968,-0.014978
TSLA:D1:2026-05-15,TSLA,D1,D,邊緣,False,0.15,False,x-ai/grok-4.5,False,,2026-05-15,challenged,Approaching falsification,0,lateral,6,True,1,,1,2026-05-16,,422.24,hist_backfill,-0.014264,2026-05-09,,0.008929,0.032091,-0.073986,-0.037443,-0.051511,-0.100725,-0.068184,-0.034293,2,TSLA@2026-W20,24,0.021569,-0.01264,0.067122,-0.035031,0.014269,-0.088255,-0.010315,-0.027128,0.004574,-0.056085,-0.046622,-0.054103,-0.018337,-0.049847,-0.007325,-0.026968,-0.014978
TSLA:D1:2026-05-16,TSLA,D1,D,邊緣,False,0.15,False,x-ai/grok-4.5,False,,2026-05-16,Approaching falsification,Trending negative,1,upgrade,7,True,49,1,0,2026-05-16,,422.24,hist_backfill,-0.014264,2026-05-09,,0.008929,0.032091,-0.073986,-0.037443,-0.051511,-0.100725,-0.068184,-0.034293,2,TSLA@2026-W20,24,0.021569,-0.01264,0.067122,-0.035031,0.014269,-0.088255,-0.010315,-0.027128,0.004574,-0.056085,-0.046622,-0.054103,-0.018337,-0.049847,-0.007325,-0.026968,-0.014978
TSLA:D1:2026-07-04,TSLA,D1,D,邊緣,False,0.15,False,x-ai/grok-4.5,False,,2026-07-04,Trending negative,Falsified,-2,downgrade,56,False,,49,5,2026-07-09,0.6848,393.45,live,0.036186,2026-06-27,0.0,0.036371,-0.03205,-0.03205,-0.204397,-0.218605,-0.209023,,,2,TSLA@2026-W27,1,0.002396,0.033975,-0.031625,-0.000425,-0.030509,-0.001541,-0.05328,-0.151117,-0.048645,-0.16996,-0.068892,-0.140131,0.043857,,,,0.019757
TSLA:D2:2026-05-09,TSLA,D2,D,邊緣,False,0.15,False,x-ai/grok-4.5,False,,2026-05-09,partially_supported,challenged,-2,downgrade,0,True,6,,0,2026-05-09,,428.35,hist_backfill,0.096029,2026-05-02,,-0.014264,-0.005463,0.017369,-0.087195,-0.051173,-0.06504,-0.113552,-0.081475,2,TSLA@2026-W19,3,0.000714,-0.014978,0.022903,-0.028366,0.063736,-0.046367,0.022851,-0.110046,0.018774,-0.069947,0.039023,-0.104063,-0.014805,-0.098747,-0.010483,-0.070992,0.070989
TSLA:D2:2026-05-15,TSLA,D2,D,邊緣,False,0.15,False,x-ai/grok-4.5,False,,2026-05-15,challenged,Approaching falsification,0,lateral,6,True,1,6,1,2026-05-16,,422.24,hist_backfill,-0.014264,2026-05-09,,0.008929,0.032091,-0.073986,-0.037443,-0.051511,-0.100725,-0.068184,-0.034293,2,TSLA@2026-W20,24,0.021569,-0.01264,0.067122,-0.035031,0.014269,-0.088255,-0.010315,-0.027128,0.004574,-0.056085,-0.046622,-0.054103,-0.018337,-0.049847,-0.007325,-0.026968,-0.014978
TSLA:D2:2026-05-16,TSLA,D2,D,邊緣,False,0.15,False,x-ai/grok-4.5,False,,2026-05-16,Approaching falsification,Trending negative,1,upgrade,7,True,14,1,0,2026-05-16,,422.24,hist_backfill,-0.014264,2026-05-09,,0.008929,0.032091,-0.073986,-0.037443,-0.051511,-0.100725,-0.068184,-0.034293,2,TSLA@2026-W20,24,0.021569,-0.01264,0.067122,-0.035031,0.014269,-0.088255,-0.010315,-0.027128,0.004574,-0.056085,-0.046622,-0.054103,-0.018337,-0.049847,-0.007325,-0.026968,-0.014978
TSLA:D2:2026-05-30,TSLA,D2,D,邊緣,False,0.15,False,x-ai/grok-4.5,False,,2026-05-30,Trending negative,Approaching falsification,-1,downgrade,21,False,14,14,0,2026-05-30,,435.79,hist_backfill,0.022957,2026-05-23,,-0.102779,-0.067372,-0.081002,-0.128686,-0.097157,-0.06432,-0.126093,-0.126093,2,TSLA@2026-W22,1,-0.048107,-0.054672,-0.05432,-0.013052,-0.032366,-0.048636,-0.085928,-0.042758,-0.067788,-0.029369,-0.043977,-0.020343,-0.107618,-0.018475,-0.122884,-0.003209,-0.019303
TSLA:D2:2026-06-13,TSLA,D2,D,邊緣,False,0.15,False,x-ai/grok-4.5,False,,2026-06-13,Approaching falsification,Falsified,-1,downgrade,35,False,,14,0,2026-06-13,,406.43,hist_backfill,0.039463,2026-06-06,,-0.014615,-0.065743,-0.031937,0.003272,-0.062963,-0.062963,-0.229806,-0.24356,2,TSLA@2026-W24,1,0.018061,-0.032676,-0.028848,-0.036895,-0.011015,-0.020922,-0.004343,0.007615,-0.035788,-0.027175,-0.062963,-0.0,-0.103216,-0.12659,-0.062595,-0.180965,0.050955
TSLA:D3:2026-05-15,TSLA,D3,D,邊緣,False,0.15,False,x-ai/grok-4.5,False,,2026-05-15,challenged,Approaching falsification,0,lateral,6,True,1,,1,2026-05-16,,422.24,hist_backfill,-0.014264,2026-05-09,,0.008929,0.032091,-0.073986,-0.037443,-0.051511,-0.100725,-0.068184,-0.034293,2,TSLA@2026-W20,24,0.021569,-0.01264,0.067122,-0.035031,0.014269,-0.088255,-0.010315,-0.027128,0.004574,-0.056085,-0.046622,-0.054103,-0.018337,-0.049847,-0.007325,-0.026968,-0.014978
TSLA:D3:2026-05-16,TSLA,D3,D,邊緣,False,0.15,False,x-ai/grok-4.5,False,,2026-05-16,Approaching falsification,Trending positive,3,upgrade,7,True,,1,0,2026-05-16,,422.24,hist_backfill,-0.014264,2026-05-09,,0.008929,0.032091,-0.073986,-0.037443,-0.051511,-0.100725,-0.068184,-0.034293,2,TSLA@2026-W20,24,0.021569,-0.01264,0.067122,-0.035031,0.014269,-0.088255,-0.010315,-0.027128,0.004574,-0.056085,-0.046622,-0.054103,-0.018337,-0.049847,-0.007325,-0.026968,-0.014978
TSM:A1:2026-05-15,TSM,A1,A,致命,False,2.5,False,x-ai/grok-4.5,False,,2026-05-15,supported,Validated,0,lateral,7,True,1,,1,2026-05-16,,404.35,hist_backfill,-0.017805,2026-05-09,,0.00042,0.034871,0.026759,0.048423,0.142871,0.069247,0.073723,0.0736,2,TSM@2026-W20,24,0.021569,-0.021149,0.067122,-0.032251,0.014269,0.01249,-0.010315,0.058738,0.004574,0.138297,-0.046622,0.115869,-0.018337,0.09206,-0.007325,0.080925,-0.018519
TSM:A1:2026-05-16,TSM,A1,A,致命,False,2.5,False,x-ai/grok-4.5,False,,2026-05-16,Validated,Validated,0,lateral,8,True,,1,0,2026-05-16,,404.35,hist_backfill,-0.017805,2026-05-09,,0.00042,0.034871,0.026759,0.048423,0.142871,0.069247,0.073723,0.0736,2,TSM@2026-W20,24,0.021569,-0.021149,0.067122,-0.032251,0.014269,0.01249,-0.010315,0.058738,0.004574,0.138297,-0.046622,0.115869,-0.018337,0.09206,-0.007325,0.080925,-0.018519
TSM:A2:2026-05-15,TSM,A2,A,致命,False,2.5,False,x-ai/grok-4.5,False,,2026-05-15,supported,Validated,0,lateral,7,True,1,,1,2026-05-16,,404.35,hist_backfill,-0.017805,2026-05-09,,0.00042,0.034871,0.026759,0.048423,0.142871,0.069247,0.073723,0.0736,2,TSM@2026-W20,24,0.021569,-0.021149,0.067122,-0.032251,0.014269,0.01249,-0.010315,0.058738,0.004574,0.138297,-0.046622,0.115869,-0.018337,0.09206,-0.007325,0.080925,-0.018519
TSM:A2:2026-05-16,TSM,A2,A,致命,False,2.5,False,x-ai/grok-4.5,False,,2026-05-16,Validated,Validated,0,lateral,8,True,,1,0,2026-05-16,,404.35,hist_backfill,-0.017805,2026-05-09,,0.00042,0.034871,0.026759,0.048423,0.142871,0.069247,0.073723,0.0736,2,TSM@2026-W20,24,0.021569,-0.021149,0.067122,-0.032251,0.014269,0.01249,-0.010315,0.058738,0.004574,0.138297,-0.046622,0.115869,-0.018337,0.09206,-0.007325,0.080925,-0.018519
TSM:A3:2026-05-15,TSM,A3,A,致命,False,2.5,False,x-ai/grok-4.5,False,,2026-05-15,supported,Validated,0,lateral,7,True,1,,1,2026-05-16,,404.35,hist_backfill,-0.017805,2026-05-09,,0.00042,0.034871,0.026759,0.048423,0.142871,0.069247,0.073723,0.0736,2,TSM@2026-W20,24,0.021569,-0.021149,0.067122,-0.032251,0.014269,0.01249,-0.010315,0.058738,0.004574,0.138297,-0.046622,0.115869,-0.018337,0.09206,-0.007325,0.080925,-0.018519
TSM:A3:2026-05-16,TSM,A3,A,致命,False,2.5,False,x-ai/grok-4.5,False,,2026-05-16,Validated,Validated,0,lateral,8,True,,1,0,2026-05-16,,404.35,hist_backfill,-0.017805,2026-05-09,,0.00042,0.034871,0.026759,0.048423,0.142871,0.069247,0.073723,0.0736,2,TSM@2026-W20,24,0.021569,-0.021149,0.067122,-0.032251,0.014269,0.01249,-0.010315,0.058738,0.004574,0.138297,-0.046622,0.115869,-0.018337,0.09206,-0.007325,0.080925,-0.018519
TSM:B1:2026-05-15,TSM,B1,B,致命,False,2.5,False,x-ai/grok-4.5,False,,2026-05-15,supported,Validated,0,lateral,7,True,1,,1,2026-05-16,,404.35,hist_backfill,-0.017805,2026-05-09,,0.00042,0.034871,0.026759,0.048423,0.142871,0.069247,0.073723,0.0736,2,TSM@2026-W20,24,0.021569,-0.021149,0.067122,-0.032251,0.014269,0.01249,-0.010315,0.058738,0.004574,0.138297,-0.046622,0.115869,-0.018337,0.09206,-0.007325,0.080925,-0.018519
TSM:B1:2026-05-16,TSM,B1,B,致命,False,2.5,False,x-ai/grok-4.5,False,,2026-05-16,Validated,Validated,0,lateral,8,True,,1,0,2026-05-16,,404.35,hist_backfill,-0.017805,2026-05-09,,0.00042,0.034871,0.026759,0.048423,0.142871,0.069247,0.073723,0.0736,2,TSM@2026-W20,24,0.021569,-0.021149,0.067122,-0.032251,0.014269,0.01249,-0.010315,0.058738,0.004574,0.138297,-0.046622,0.115869,-0.018337,0.09206,-0.007325,0.080925,-0.018519
TSM:B2:2026-05-15,TSM,B2,B,致命,False,2.5,False,x-ai/grok-4.5,False,,2026-05-15,supported,Validated,0,lateral,7,True,1,,1,2026-05-16,,404.35,hist_backfill,-0.017805,2026-05-09,,0.00042,0.034871,0.026759,0.048423,0.142871,0.069247,0.073723,0.0736,2,TSM@2026-W20,24,0.021569,-0.021149,0.067122,-0.032251,0.014269,0.01249,-0.010315,0.058738,0.004574,0.138297,-0.046622,0.115869,-0.018337,0.09206,-0.007325,0.080925,-0.018519
TSM:B2:2026-05-16,TSM,B2,B,致命,False,2.5,False,x-ai/grok-4.5,False,,2026-05-16,Validated,Validated,0,lateral,8,True,63,1,0,2026-05-16,,404.35,hist_backfill,-0.017805,2026-05-09,,0.00042,0.034871,0.026759,0.048423,0.142871,0.069247,0.073723,0.0736,2,TSM@2026-W20,24,0.021569,-0.021149,0.067122,-0.032251,0.014269,0.01249,-0.010315,0.058738,0.004574,0.138297,-0.046622,0.115869,-0.018337,0.09206,-0.007325,0.080925,-0.018519
TSM:B2:2026-07-18,TSM,B2,B,致命,False,2.5,False,deepseek/deepseek-v4-pro,True,,2026-07-18,Validated,Trending positive,-1,downgrade,71,False,,63,0,2026-07-18,0.8485,398.37,live,-0.027749,2026-07-16,-0.1088,,0.012652,0.01476,,,,,,2,TSM@2026-W29,4,0.030292,,-0.015403,0.028055,-0.006025,0.020785,-0.042566,,0.098491,,,,,,,,-0.012477
TSM:B3:2026-05-15,TSM,B3,B,致命,False,2.5,False,x-ai/grok-4.5,False,,2026-05-15,partially_supported,Inconclusive,0,lateral,7,True,1,,1,2026-05-16,,404.35,hist_backfill,-0.017805,2026-05-09,,0.00042,0.034871,0.026759,0.048423,0.142871,0.069247,0.073723,0.0736,2,TSM@2026-W20,24,0.021569,-0.021149,0.067122,-0.032251,0.014269,0.01249,-0.010315,0.058738,0.004574,0.138297,-0.046622,0.115869,-0.018337,0.09206,-0.007325,0.080925,-0.018519
TSM:B3:2026-05-16,TSM,B3,B,致命,False,2.5,False,x-ai/grok-4.5,False,,2026-05-16,Inconclusive,Trending positive,1,upgrade,8,True,63,1,0,2026-05-16,,404.35,hist_backfill,-0.017805,2026-05-09,,0.00042,0.034871,0.026759,0.048423,0.142871,0.069247,0.073723,0.0736,2,TSM@2026-W20,24,0.021569,-0.021149,0.067122,-0.032251,0.014269,0.01249,-0.010315,0.058738,0.004574,0.138297,-0.046622,0.115869,-0.018337,0.09206,-0.007325,0.080925,-0.018519
TSM:B3:2026-07-18,TSM,B3,B,致命,False,2.5,False,deepseek/deepseek-v4-pro,True,,2026-07-18,Trending positive,Trending negative,-2,downgrade,71,False,,63,0,2026-07-18,0.8485,398.37,live,-0.027749,2026-07-16,-0.1088,,0.012652,0.01476,,,,,,2,TSM@2026-W29,4,0.030292,,-0.015403,0.028055,-0.006025,0.020785,-0.042566,,0.098491,,,,,,,,-0.012477
TSM:C1:2026-05-15,TSM,C1,C,致命,False,2.5,False,x-ai/grok-4.5,False,,2026-05-15,supported,Validated,0,lateral,7,True,1,,1,2026-05-16,,404.35,hist_backfill,-0.017805,2026-05-09,,0.00042,0.034871,0.026759,0.048423,0.142871,0.069247,0.073723,0.0736,2,TSM@2026-W20,24,0.021569,-0.021149,0.067122,-0.032251,0.014269,0.01249,-0.010315,0.058738,0.004574,0.138297,-0.046622,0.115869,-0.018337,0.09206,-0.007325,0.080925,-0.018519
TSM:C1:2026-05-16,TSM,C1,C,致命,False,2.5,False,x-ai/grok-4.5,False,,2026-05-16,Validated,Validated,0,lateral,8,True,,1,0,2026-05-16,,404.35,hist_backfill,-0.017805,2026-05-09,,0.00042,0.034871,0.026759,0.048423,0.142871,0.069247,0.073723,0.0736,2,TSM@2026-W20,24,0.021569,-0.021149,0.067122,-0.032251,0.014269,0.01249,-0.010315,0.058738,0.004574,0.138297,-0.046622,0.115869,-0.018337,0.09206,-0.007325,0.080925,-0.018519
TSM:C2:2026-05-15,TSM,C2,C,致命,False,2.5,False,x-ai/grok-4.5,False,,2026-05-15,supported,Validated,0,lateral,7,True,1,,1,2026-05-16,,404.35,hist_backfill,-0.017805,2026-05-09,,0.00042,0.034871,0.026759,0.048423,0.142871,0.069247,0.073723,0.0736,2,TSM@2026-W20,24,0.021569,-0.021149,0.067122,-0.032251,0.014269,0.01249,-0.010315,0.058738,0.004574,0.138297,-0.046622,0.115869,-0.018337,0.09206,-0.007325,0.080925,-0.018519
TSM:C2:2026-05-16,TSM,C2,C,致命,False,2.5,False,x-ai/grok-4.5,False,,2026-05-16,Validated,Validated,0,lateral,8,True,,1,0,2026-05-16,,404.35,hist_backfill,-0.017805,2026-05-09,,0.00042,0.034871,0.026759,0.048423,0.142871,0.069247,0.073723,0.0736,2,TSM@2026-W20,24,0.021569,-0.021149,0.067122,-0.032251,0.014269,0.01249,-0.010315,0.058738,0.004574,0.138297,-0.046622,0.115869,-0.018337,0.09206,-0.007325,0.080925,-0.018519
TSM:C3:2026-05-08,TSM,C3,C,致命,False,2.5,False,x-ai/grok-4.5,False,,2026-05-08,partially_supported,supported,2,upgrade,0,True,7,,1,2026-05-09,,411.68,hist_backfill,0.03523,2026-05-02,,-0.017805,-0.017392,0.016445,0.008477,0.029756,0.122522,0.050209,0.054606,2,TSM@2026-W19,1,0.000714,-0.018519,0.022903,-0.040295,0.063736,-0.047291,0.022851,-0.014374,0.018774,0.010982,0.039023,0.083499,-0.014805,0.065014,-0.010483,0.065089,0.01019
TSM:C3:2026-05-15,TSM,C3,C,致命,False,2.5,False,x-ai/grok-4.5,False,,2026-05-15,supported,Validated,0,lateral,7,True,1,7,1,2026-05-16,,404.35,hist_backfill,-0.017805,2026-05-09,,0.00042,0.034871,0.026759,0.048423,0.142871,0.069247,0.073723,0.0736,2,TSM@2026-W20,24,0.021569,-0.021149,0.067122,-0.032251,0.014269,0.01249,-0.010315,0.058738,0.004574,0.138297,-0.046622,0.115869,-0.018337,0.09206,-0.007325,0.080925,-0.018519
TSM:C3:2026-05-16,TSM,C3,C,致命,False,2.5,False,x-ai/grok-4.5,False,,2026-05-16,Validated,Validated,0,lateral,8,True,61,1,0,2026-05-16,,404.35,hist_backfill,-0.017805,2026-05-09,,0.00042,0.034871,0.026759,0.048423,0.142871,0.069247,0.073723,0.0736,2,TSM@2026-W20,24,0.021569,-0.021149,0.067122,-0.032251,0.014269,0.01249,-0.010315,0.058738,0.004574,0.138297,-0.046622,0.115869,-0.018337,0.09206,-0.007325,0.080925,-0.018519
TSM:C3:2026-07-16,TSM,C3,C,致命,False,2.5,False,deepseek/deepseek-v3.2,True,,2026-07-16,Validated,Trending negative,-3,downgrade,69,False,2,61,0,2026-07-16,0.9212,409.74,live,-0.056138,2026-07-11,-0.0727,-0.027749,-0.027749,-0.015449,-0.013399,,,,,2,TSM@2026-W29,4,-0.015272,-0.012477,-0.015272,-0.012477,0.033165,-0.048614,-0.02332,0.009921,0.148412,,,,,,,,-0.004855
TSM:C3:2026-07-18,TSM,C3,C,致命,False,2.5,False,deepseek/deepseek-v4-pro,True,,2026-07-18,Trending negative,Falsified,-2,downgrade,71,False,,2,0,2026-07-18,0.8485,398.37,live,-0.027749,2026-07-16,-0.1088,,0.012652,0.01476,,,,,,2,TSM@2026-W29,4,0.030292,,-0.015403,0.028055,-0.006025,0.020785,-0.042566,,0.098491,,,,,,,,-0.012477
TSM:D1:2026-05-15,TSM,D1,D,明顯受損,False,0.9,False,x-ai/grok-4.5,False,,2026-05-15,partially_supported,Inconclusive,0,lateral,7,True,1,,1,2026-05-16,,404.35,hist_backfill,-0.017805,2026-05-09,,0.00042,0.034871,0.026759,0.048423,0.142871,0.069247,0.073723,0.0736,2,TSM@2026-W20,24,0.021569,-0.021149,0.067122,-0.032251,0.014269,0.01249,-0.010315,0.058738,0.004574,0.138297,-0.046622,0.115869,-0.018337,0.09206,-0.007325,0.080925,-0.018519
TSM:D1:2026-05-16,TSM,D1,D,明顯受損,False,0.9,False,x-ai/grok-4.5,False,,2026-05-16,Inconclusive,Trending positive,1,upgrade,8,True,,1,0,2026-05-16,,404.35,hist_backfill,-0.017805,2026-05-09,,0.00042,0.034871,0.026759,0.048423,0.142871,0.069247,0.073723,0.0736,2,TSM@2026-W20,24,0.021569,-0.021149,0.067122,-0.032251,0.014269,0.01249,-0.010315,0.058738,0.004574,0.138297,-0.046622,0.115869,-0.018337,0.09206,-0.007325,0.080925,-0.018519
TSM:D2:2026-05-15,TSM,D2,D,明顯受損,False,0.9,False,x-ai/grok-4.5,False,,2026-05-15,supported,Validated,0,lateral,7,True,1,,1,2026-05-16,,404.35,hist_backfill,-0.017805,2026-05-09,,0.00042,0.034871,0.026759,0.048423,0.142871,0.069247,0.073723,0.0736,2,TSM@2026-W20,24,0.021569,-0.021149,0.067122,-0.032251,0.014269,0.01249,-0.010315,0.058738,0.004574,0.138297,-0.046622,0.115869,-0.018337,0.09206,-0.007325,0.080925,-0.018519
TSM:D2:2026-05-16,TSM,D2,D,明顯受損,False,0.9,False,x-ai/grok-4.5,False,,2026-05-16,Validated,Validated,0,lateral,8,True,,1,0,2026-05-16,,404.35,hist_backfill,-0.017805,2026-05-09,,0.00042,0.034871,0.026759,0.048423,0.142871,0.069247,0.073723,0.0736,2,TSM@2026-W20,24,0.021569,-0.021149,0.067122,-0.032251,0.014269,0.01249,-0.010315,0.058738,0.004574,0.138297,-0.046622,0.115869,-0.018337,0.09206,-0.007325,0.080925,-0.018519
TSM:D3:2026-05-15,TSM,D3,D,明顯受損,False,0.9,False,x-ai/grok-4.5,False,,2026-05-15,partially_supported,Inconclusive,0,lateral,7,True,1,,1,2026-05-16,,404.35,hist_backfill,-0.017805,2026-05-09,,0.00042,0.034871,0.026759,0.048423,0.142871,0.069247,0.073723,0.0736,2,TSM@2026-W20,24,0.021569,-0.021149,0.067122,-0.032251,0.014269,0.01249,-0.010315,0.058738,0.004574,0.138297,-0.046622,0.115869,-0.018337,0.09206,-0.007325,0.080925,-0.018519
TSM:D3:2026-05-16,TSM,D3,D,明顯受損,False,0.9,False,x-ai/grok-4.5,False,,2026-05-16,Inconclusive,Trending positive,1,upgrade,8,True,,1,0,2026-05-16,,404.35,hist_backfill,-0.017805,2026-05-09,,0.00042,0.034871,0.026759,0.048423,0.142871,0.069247,0.073723,0.0736,2,TSM@2026-W20,24,0.021569,-0.021149,0.067122,-0.032251,0.014269,0.01249,-0.010315,0.058738,0.004574,0.138297,-0.046622,0.115869,-0.018337,0.09206,-0.007325,0.080925,-0.018519
TTD:A1:2026-05-30,TTD,A1,A,致命,False,2.5,False,x-ai/grok-4.5,False,,2026-05-30,Inconclusive,Trending positive,1,upgrade,0,False,,,0,2026-05-30,,21.56,hist_backfill,-0.03664,2026-05-23,,-0.074675,-0.105751,-0.141466,-0.147959,-0.1141,-0.094156,-0.137755,-0.137755,2,TTD@2026-W22,1,-0.048107,-0.026568,-0.05432,-0.051431,-0.032366,-0.1091,-0.085928,-0.062031,-0.067788,-0.046312,-0.043977,-0.050179,-0.107618,-0.030137,-0.122884,-0.014871,-0.0789
TTD:A3:2026-07-18,TTD,A3,A,致命,False,2.5,False,deepseek/deepseek-v4-pro,True,,2026-07-18,Inconclusive,Trending negative,-1,downgrade,49,False,,,0,2026-07-18,0.6485,18.59,live,-0.048131,2026-07-11,-0.2147,,-0.06993,-0.029586,,,,,,2,TTD@2026-W29,1,0.030292,,-0.015403,-0.054527,-0.006025,-0.023561,-0.042566,,0.098491,,,,,,,,0.003152
TYL:A1:2026-05-15,TYL,A1,A,致命,False,2.5,False,x-ai/grok-4.5,False,,2026-05-15,partially_supported,Inconclusive,0,lateral,0,True,1,,1,2026-05-16,,311.89,hist_backfill,-0.039097,2026-05-09,,0.004361,0.00404,0.000577,-0.041842,-0.105742,-0.056077,0.019911,-0.007727,2,TYL@2026-W20,24,0.021569,-0.017208,0.067122,-0.063082,0.014269,-0.013692,-0.010315,-0.031527,0.004574,-0.110316,-0.046622,-0.009455,-0.018337,0.038248,-0.007325,-0.000402,-0.039811
TYL:A1:2026-05-16,TYL,A1,A,致命,False,2.5,False,x-ai/grok-4.5,False,,2026-05-16,Inconclusive,Trending positive,1,upgrade,1,True,,1,0,2026-05-16,,311.89,hist_backfill,-0.039097,2026-05-09,,0.004361,0.00404,0.000577,-0.041842,-0.105742,-0.056077,0.019911,-0.007727,2,TYL@2026-W20,24,0.021569,-0.017208,0.067122,-0.063082,0.014269,-0.013692,-0.010315,-0.031527,0.004574,-0.110316,-0.046622,-0.009455,-0.018337,0.038248,-0.007325,-0.000402,-0.039811
TYL:A2:2026-05-15,TYL,A2,A,致命,False,2.5,False,x-ai/grok-4.5,False,,2026-05-15,supported,Validated,0,lateral,0,True,1,,1,2026-05-16,,311.89,hist_backfill,-0.039097,2026-05-09,,0.004361,0.00404,0.000577,-0.041842,-0.105742,-0.056077,0.019911,-0.007727,2,TYL@2026-W20,24,0.021569,-0.017208,0.067122,-0.063082,0.014269,-0.013692,-0.010315,-0.031527,0.004574,-0.110316,-0.046622,-0.009455,-0.018337,0.038248,-0.007325,-0.000402,-0.039811
TYL:A2:2026-05-16,TYL,A2,A,致命,False,2.5,False,x-ai/grok-4.5,False,,2026-05-16,Validated,Validated,0,lateral,1,True,,1,0,2026-05-16,,311.89,hist_backfill,-0.039097,2026-05-09,,0.004361,0.00404,0.000577,-0.041842,-0.105742,-0.056077,0.019911,-0.007727,2,TYL@2026-W20,24,0.021569,-0.017208,0.067122,-0.063082,0.014269,-0.013692,-0.010315,-0.031527,0.004574,-0.110316,-0.046622,-0.009455,-0.018337,0.038248,-0.007325,-0.000402,-0.039811
TYL:A3:2026-05-15,TYL,A3,A,致命,False,2.5,False,x-ai/grok-4.5,False,,2026-05-15,partially_supported,Inconclusive,0,lateral,0,True,1,,1,2026-05-16,,311.89,hist_backfill,-0.039097,2026-05-09,,0.004361,0.00404,0.000577,-0.041842,-0.105742,-0.056077,0.019911,-0.007727,2,TYL@2026-W20,24,0.021569,-0.017208,0.067122,-0.063082,0.014269,-0.013692,-0.010315,-0.031527,0.004574,-0.110316,-0.046622,-0.009455,-0.018337,0.038248,-0.007325,-0.000402,-0.039811
TYL:A3:2026-05-16,TYL,A3,A,致命,False,2.5,False,x-ai/grok-4.5,False,,2026-05-16,Inconclusive,Trending positive,1,upgrade,1,True,,1,0,2026-05-16,,311.89,hist_backfill,-0.039097,2026-05-09,,0.004361,0.00404,0.000577,-0.041842,-0.105742,-0.056077,0.019911,-0.007727,2,TYL@2026-W20,24,0.021569,-0.017208,0.067122,-0.063082,0.014269,-0.013692,-0.010315,-0.031527,0.004574,-0.110316,-0.046622,-0.009455,-0.018337,0.038248,-0.007325,-0.000402,-0.039811
TYL:B1:2026-05-15,TYL,B1,B,致命,False,2.5,False,x-ai/grok-4.5,False,,2026-05-15,challenged,Approaching falsification,0,lateral,0,True,1,,1,2026-05-16,,311.89,hist_backfill,-0.039097,2026-05-09,,0.004361,0.00404,0.000577,-0.041842,-0.105742,-0.056077,0.019911,-0.007727,2,TYL@2026-W20,24,0.021569,-0.017208,0.067122,-0.063082,0.014269,-0.013692,-0.010315,-0.031527,0.004574,-0.110316,-0.046622,-0.009455,-0.018337,0.038248,-0.007325,-0.000402,-0.039811
TYL:B1:2026-05-16,TYL,B1,B,致命,False,2.5,False,x-ai/grok-4.5,False,,2026-05-16,Approaching falsification,Trending negative,1,upgrade,1,True,,1,0,2026-05-16,,311.89,hist_backfill,-0.039097,2026-05-09,,0.004361,0.00404,0.000577,-0.041842,-0.105742,-0.056077,0.019911,-0.007727,2,TYL@2026-W20,24,0.021569,-0.017208,0.067122,-0.063082,0.014269,-0.013692,-0.010315,-0.031527,0.004574,-0.110316,-0.046622,-0.009455,-0.018337,0.038248,-0.007325,-0.000402,-0.039811
TYL:B2:2026-05-15,TYL,B2,B,致命,False,2.5,False,x-ai/grok-4.5,False,,2026-05-15,partially_supported,Inconclusive,0,lateral,0,True,1,,1,2026-05-16,,311.89,hist_backfill,-0.039097,2026-05-09,,0.004361,0.00404,0.000577,-0.041842,-0.105742,-0.056077,0.019911,-0.007727,2,TYL@2026-W20,24,0.021569,-0.017208,0.067122,-0.063082,0.014269,-0.013692,-0.010315,-0.031527,0.004574,-0.110316,-0.046622,-0.009455,-0.018337,0.038248,-0.007325,-0.000402,-0.039811
TYL:B2:2026-05-16,TYL,B2,B,致命,False,2.5,False,x-ai/grok-4.5,False,,2026-05-16,Inconclusive,Trending positive,1,upgrade,1,True,,1,0,2026-05-16,,311.89,hist_backfill,-0.039097,2026-05-09,,0.004361,0.00404,0.000577,-0.041842,-0.105742,-0.056077,0.019911,-0.007727,2,TYL@2026-W20,24,0.021569,-0.017208,0.067122,-0.063082,0.014269,-0.013692,-0.010315,-0.031527,0.004574,-0.110316,-0.046622,-0.009455,-0.018337,0.038248,-0.007325,-0.000402,-0.039811
TYL:B3:2026-05-15,TYL,B3,B,致命,False,2.5,False,x-ai/grok-4.5,False,,2026-05-15,partially_supported,Inconclusive,0,lateral,0,True,1,,1,2026-05-16,,311.89,hist_backfill,-0.039097,2026-05-09,,0.004361,0.00404,0.000577,-0.041842,-0.105742,-0.056077,0.019911,-0.007727,2,TYL@2026-W20,24,0.021569,-0.017208,0.067122,-0.063082,0.014269,-0.013692,-0.010315,-0.031527,0.004574,-0.110316,-0.046622,-0.009455,-0.018337,0.038248,-0.007325,-0.000402,-0.039811
TYL:B3:2026-05-16,TYL,B3,B,致命,False,2.5,False,x-ai/grok-4.5,False,,2026-05-16,Inconclusive,Trending negative,-1,downgrade,1,True,28,1,0,2026-05-16,,311.89,hist_backfill,-0.039097,2026-05-09,,0.004361,0.00404,0.000577,-0.041842,-0.105742,-0.056077,0.019911,-0.007727,2,TYL@2026-W20,24,0.021569,-0.017208,0.067122,-0.063082,0.014269,-0.013692,-0.010315,-0.031527,0.004574,-0.110316,-0.046622,-0.009455,-0.018337,0.038248,-0.007325,-0.000402,-0.039811
TYL:B3:2026-06-13,TYL,B3,B,致命,False,2.5,False,x-ai/grok-4.5,False,,2026-06-13,Trending negative,Approaching falsification,-1,downgrade,29,False,,28,0,2026-06-13,,298.84,hist_backfill,-0.042394,2026-06-06,,-0.066691,-0.014857,0.064449,0.035604,0.069167,0.069167,-0.005655,0.036006,2,TYL@2026-W24,1,0.018061,-0.084752,-0.028848,0.013991,-0.011015,0.075464,-0.004343,0.039947,-0.035788,0.104955,-0.062963,0.13213,-0.103216,0.097561,-0.062595,0.098601,-0.030902
TYL:C1:2026-05-15,TYL,C1,C,重創,False,1.6,False,x-ai/grok-4.5,False,,2026-05-15,supported,Validated,0,lateral,0,True,1,,1,2026-05-16,,311.89,hist_backfill,-0.039097,2026-05-09,,0.004361,0.00404,0.000577,-0.041842,-0.105742,-0.056077,0.019911,-0.007727,2,TYL@2026-W20,24,0.021569,-0.017208,0.067122,-0.063082,0.014269,-0.013692,-0.010315,-0.031527,0.004574,-0.110316,-0.046622,-0.009455,-0.018337,0.038248,-0.007325,-0.000402,-0.039811
TYL:C1:2026-05-16,TYL,C1,C,重創,False,1.6,False,x-ai/grok-4.5,False,,2026-05-16,Validated,Validated,0,lateral,1,True,,1,0,2026-05-16,,311.89,hist_backfill,-0.039097,2026-05-09,,0.004361,0.00404,0.000577,-0.041842,-0.105742,-0.056077,0.019911,-0.007727,2,TYL@2026-W20,24,0.021569,-0.017208,0.067122,-0.063082,0.014269,-0.013692,-0.010315,-0.031527,0.004574,-0.110316,-0.046622,-0.009455,-0.018337,0.038248,-0.007325,-0.000402,-0.039811
TYL:C2:2026-05-15,TYL,C2,C,重創,False,1.6,False,x-ai/grok-4.5,False,,2026-05-15,partially_supported,Inconclusive,0,lateral,0,True,1,,1,2026-05-16,,311.89,hist_backfill,-0.039097,2026-05-09,,0.004361,0.00404,0.000577,-0.041842,-0.105742,-0.056077,0.019911,-0.007727,2,TYL@2026-W20,24,0.021569,-0.017208,0.067122,-0.063082,0.014269,-0.013692,-0.010315,-0.031527,0.004574,-0.110316,-0.046622,-0.009455,-0.018337,0.038248,-0.007325,-0.000402,-0.039811
TYL:C2:2026-05-16,TYL,C2,C,重創,False,1.6,False,x-ai/grok-4.5,False,,2026-05-16,Inconclusive,Trending positive,1,upgrade,1,True,,1,0,2026-05-16,,311.89,hist_backfill,-0.039097,2026-05-09,,0.004361,0.00404,0.000577,-0.041842,-0.105742,-0.056077,0.019911,-0.007727,2,TYL@2026-W20,24,0.021569,-0.017208,0.067122,-0.063082,0.014269,-0.013692,-0.010315,-0.031527,0.004574,-0.110316,-0.046622,-0.009455,-0.018337,0.038248,-0.007325,-0.000402,-0.039811
TYL:C3:2026-05-15,TYL,C3,C,重創,False,1.6,False,x-ai/grok-4.5,False,,2026-05-15,partially_supported,Inconclusive,0,lateral,0,True,1,,1,2026-05-16,,311.89,hist_backfill,-0.039097,2026-05-09,,0.004361,0.00404,0.000577,-0.041842,-0.105742,-0.056077,0.019911,-0.007727,2,TYL@2026-W20,24,0.021569,-0.017208,0.067122,-0.063082,0.014269,-0.013692,-0.010315,-0.031527,0.004574,-0.110316,-0.046622,-0.009455,-0.018337,0.038248,-0.007325,-0.000402,-0.039811
TYL:C3:2026-05-16,TYL,C3,C,重創,False,1.6,False,x-ai/grok-4.5,False,,2026-05-16,Inconclusive,Trending positive,1,upgrade,1,True,,1,0,2026-05-16,,311.89,hist_backfill,-0.039097,2026-05-09,,0.004361,0.00404,0.000577,-0.041842,-0.105742,-0.056077,0.019911,-0.007727,2,TYL@2026-W20,24,0.021569,-0.017208,0.067122,-0.063082,0.014269,-0.013692,-0.010315,-0.031527,0.004574,-0.110316,-0.046622,-0.009455,-0.018337,0.038248,-0.007325,-0.000402,-0.039811
TYL:D1:2026-05-15,TYL,D1,D,明顯受損,False,0.9,False,x-ai/grok-4.5,False,,2026-05-15,partially_supported,Inconclusive,0,lateral,0,True,1,,1,2026-05-16,,311.89,hist_backfill,-0.039097,2026-05-09,,0.004361,0.00404,0.000577,-0.041842,-0.105742,-0.056077,0.019911,-0.007727,2,TYL@2026-W20,24,0.021569,-0.017208,0.067122,-0.063082,0.014269,-0.013692,-0.010315,-0.031527,0.004574,-0.110316,-0.046622,-0.009455,-0.018337,0.038248,-0.007325,-0.000402,-0.039811
TYL:D1:2026-05-16,TYL,D1,D,明顯受損,False,0.9,False,x-ai/grok-4.5,False,,2026-05-16,Inconclusive,Trending positive,1,upgrade,1,True,,1,0,2026-05-16,,311.89,hist_backfill,-0.039097,2026-05-09,,0.004361,0.00404,0.000577,-0.041842,-0.105742,-0.056077,0.019911,-0.007727,2,TYL@2026-W20,24,0.021569,-0.017208,0.067122,-0.063082,0.014269,-0.013692,-0.010315,-0.031527,0.004574,-0.110316,-0.046622,-0.009455,-0.018337,0.038248,-0.007325,-0.000402,-0.039811
TYL:D2:2026-05-15,TYL,D2,D,明顯受損,False,0.9,False,x-ai/grok-4.5,False,,2026-05-15,partially_supported,Inconclusive,0,lateral,0,True,1,,1,2026-05-16,,311.89,hist_backfill,-0.039097,2026-05-09,,0.004361,0.00404,0.000577,-0.041842,-0.105742,-0.056077,0.019911,-0.007727,2,TYL@2026-W20,24,0.021569,-0.017208,0.067122,-0.063082,0.014269,-0.013692,-0.010315,-0.031527,0.004574,-0.110316,-0.046622,-0.009455,-0.018337,0.038248,-0.007325,-0.000402,-0.039811
TYL:D2:2026-05-16,TYL,D2,D,明顯受損,False,0.9,False,x-ai/grok-4.5,False,,2026-05-16,Inconclusive,Trending positive,1,upgrade,1,True,56,1,0,2026-05-16,,311.89,hist_backfill,-0.039097,2026-05-09,,0.004361,0.00404,0.000577,-0.041842,-0.105742,-0.056077,0.019911,-0.007727,2,TYL@2026-W20,24,0.021569,-0.017208,0.067122,-0.063082,0.014269,-0.013692,-0.010315,-0.031527,0.004574,-0.110316,-0.046622,-0.009455,-0.018337,0.038248,-0.007325,-0.000402,-0.039811
TYL:D2:2026-07-11,TYL,D2,D,明顯受損,False,0.9,False,x-ai/grok-4.5,False,,2026-07-11,Trending positive,Inconclusive,-1,downgrade,57,False,,56,0,2026-07-11,0.6788,309.48,live,-0.027098,2026-07-09,-0.006,0.032409,0.032409,-0.039841,0.000388,,,,,2,TYL@2026-W28,1,-0.051283,0.083692,-0.066019,0.098428,-0.082329,0.042488,-0.070719,0.071107,-0.133121,,-0.041809,,,,,,-0.029494
TYL:D3:2026-05-15,TYL,D3,D,明顯受損,False,0.9,False,x-ai/grok-4.5,False,,2026-05-15,partially_supported,Inconclusive,0,lateral,0,True,1,,1,2026-05-16,,311.89,hist_backfill,-0.039097,2026-05-09,,0.004361,0.00404,0.000577,-0.041842,-0.105742,-0.056077,0.019911,-0.007727,2,TYL@2026-W20,24,0.021569,-0.017208,0.067122,-0.063082,0.014269,-0.013692,-0.010315,-0.031527,0.004574,-0.110316,-0.046622,-0.009455,-0.018337,0.038248,-0.007325,-0.000402,-0.039811
TYL:D3:2026-05-16,TYL,D3,D,明顯受損,False,0.9,False,x-ai/grok-4.5,False,,2026-05-16,Inconclusive,Trending positive,1,upgrade,1,True,,1,0,2026-05-16,,311.89,hist_backfill,-0.039097,2026-05-09,,0.004361,0.00404,0.000577,-0.041842,-0.105742,-0.056077,0.019911,-0.007727,2,TYL@2026-W20,24,0.021569,-0.017208,0.067122,-0.063082,0.014269,-0.013692,-0.010315,-0.031527,0.004574,-0.110316,-0.046622,-0.009455,-0.018337,0.038248,-0.007325,-0.000402,-0.039811
UNH:A3:2026-07-16,UNH,A3,A,致命,False,2.5,False,deepseek/deepseek-v3.2,True,,2026-07-16,Inconclusive,Trending positive,1,upgrade,0,False,,,1,2026-07-17,0.7697,423.38,live,-0.00292,2026-07-11,0.0303,0.006401,0.006401,0.000425,0.000425,-0.02121,,,,2,UNH@2026-W29,5,0.006401,0.0,0.006401,0.0,0.000425,-0.0,0.000425,-0.0,-0.02121,0.0,,,,,,,0.048363
UNH:B1:2026-07-16,UNH,B1,B,致命,False,2.5,True,deepseek/deepseek-v3.2,True,,2026-07-16,Inconclusive,Trending positive,1,upgrade,0,False,2,,1,2026-07-17,0.7697,423.38,live,-0.00292,2026-07-11,0.0303,0.006401,0.006401,0.000425,0.000425,-0.02121,,,,2,UNH@2026-W29,5,0.006401,0.0,0.006401,0.0,0.000425,-0.0,0.000425,-0.0,-0.02121,0.0,,,,,,,0.048363
UNH:B1:2026-07-18,UNH,B1,B,致命,False,2.5,True,deepseek/deepseek-v4-pro,True,,2026-07-18,Trending positive,Validated,1,upgrade,2,False,,2,0,2026-07-18,0.8,426.09,live,0.006401,2026-07-17,-0.0902,,-0.005938,-0.005938,-0.027436,,,,,2,UNH@2026-W29,5,0.030292,,-0.015403,0.009465,-0.006025,8.7e-05,-0.042566,0.01513,0.098491,,,,,,,,0.0
UNH:B2:2026-07-16,UNH,B2,B,致命,False,2.5,False,deepseek/deepseek-v3.2,True,,2026-07-16,Inconclusive,Validated,2,upgrade,0,False,,,1,2026-07-17,0.7697,423.38,live,-0.00292,2026-07-11,0.0303,0.006401,0.006401,0.000425,0.000425,-0.02121,,,,2,UNH@2026-W29,5,0.006401,0.0,0.006401,0.0,0.000425,-0.0,0.000425,-0.0,-0.02121,0.0,,,,,,,0.048363
UNH:D1:2026-07-16,UNH,D1,D,明顯受損,False,0.9,False,deepseek/deepseek-v3.2,True,,2026-07-16,Inconclusive,Trending positive,1,upgrade,0,False,,,1,2026-07-17,0.7697,423.38,live,-0.00292,2026-07-11,0.0303,0.006401,0.006401,0.000425,0.000425,-0.02121,,,,2,UNH@2026-W29,5,0.006401,0.0,0.006401,0.0,0.000425,-0.0,0.000425,-0.0,-0.02121,0.0,,,,,,,0.048363
UUUU:A1:2026-05-15,UUUU,A1,A,致命,False,2.5,False,x-ai/grok-4.5,False,,2026-05-15,partially_supported,Inconclusive,0,lateral,0,True,1,,1,2026-05-16,,18.41,hist_backfill,-0.138915,2026-05-09,,-0.020098,-0.01032,-0.183596,-0.183053,-0.100489,-0.205866,-0.249864,-0.262357,2,UUUU@2026-W20,32,0.021569,-0.041667,0.067122,-0.077442,0.014269,-0.197865,-0.010315,-0.172738,0.004574,-0.105063,-0.046622,-0.159244,-0.018337,-0.231527,-0.007325,-0.255032,-0.139629
UUUU:A1:2026-05-16,UUUU,A1,A,致命,False,2.5,False,x-ai/grok-4.5,False,,2026-05-16,Inconclusive,Trending positive,1,upgrade,1,True,,1,0,2026-05-16,,18.41,hist_backfill,-0.138915,2026-05-09,,-0.020098,-0.01032,-0.183596,-0.183053,-0.100489,-0.205866,-0.249864,-0.262357,2,UUUU@2026-W20,32,0.021569,-0.041667,0.067122,-0.077442,0.014269,-0.197865,-0.010315,-0.172738,0.004574,-0.105063,-0.046622,-0.159244,-0.018337,-0.231527,-0.007325,-0.255032,-0.139629
UUUU:A2:2026-05-15,UUUU,A2,A,致命,False,2.5,False,x-ai/grok-4.5,False,,2026-05-15,partially_supported,Inconclusive,0,lateral,0,True,1,,1,2026-05-16,,18.41,hist_backfill,-0.138915,2026-05-09,,-0.020098,-0.01032,-0.183596,-0.183053,-0.100489,-0.205866,-0.249864,-0.262357,2,UUUU@2026-W20,32,0.021569,-0.041667,0.067122,-0.077442,0.014269,-0.197865,-0.010315,-0.172738,0.004574,-0.105063,-0.046622,-0.159244,-0.018337,-0.231527,-0.007325,-0.255032,-0.139629
UUUU:A2:2026-05-16,UUUU,A2,A,致命,False,2.5,False,x-ai/grok-4.5,False,,2026-05-16,Inconclusive,Trending negative,-1,downgrade,1,True,,1,0,2026-05-16,,18.41,hist_backfill,-0.138915,2026-05-09,,-0.020098,-0.01032,-0.183596,-0.183053,-0.100489,-0.205866,-0.249864,-0.262357,2,UUUU@2026-W20,32,0.021569,-0.041667,0.067122,-0.077442,0.014269,-0.197865,-0.010315,-0.172738,0.004574,-0.105063,-0.046622,-0.159244,-0.018337,-0.231527,-0.007325,-0.255032,-0.139629
UUUU:A3:2026-05-15,UUUU,A3,A,致命,False,2.5,False,x-ai/grok-4.5,False,,2026-05-15,partially_supported,Inconclusive,0,lateral,0,True,1,,1,2026-05-16,,18.41,hist_backfill,-0.138915,2026-05-09,,-0.020098,-0.01032,-0.183596,-0.183053,-0.100489,-0.205866,-0.249864,-0.262357,2,UUUU@2026-W20,32,0.021569,-0.041667,0.067122,-0.077442,0.014269,-0.197865,-0.010315,-0.172738,0.004574,-0.105063,-0.046622,-0.159244,-0.018337,-0.231527,-0.007325,-0.255032,-0.139629
UUUU:A3:2026-05-16,UUUU,A3,A,致命,False,2.5,False,x-ai/grok-4.5,False,,2026-05-16,Inconclusive,Trending positive,1,upgrade,1,True,,1,0,2026-05-16,,18.41,hist_backfill,-0.138915,2026-05-09,,-0.020098,-0.01032,-0.183596,-0.183053,-0.100489,-0.205866,-0.249864,-0.262357,2,UUUU@2026-W20,32,0.021569,-0.041667,0.067122,-0.077442,0.014269,-0.197865,-0.010315,-0.172738,0.004574,-0.105063,-0.046622,-0.159244,-0.018337,-0.231527,-0.007325,-0.255032,-0.139629
UUUU:A4:2026-05-15,UUUU,A4,A,致命,False,2.5,False,x-ai/grok-4.5,False,,2026-05-15,challenged,Approaching falsification,0,lateral,0,True,1,,1,2026-05-16,,18.41,hist_backfill,-0.138915,2026-05-09,,-0.020098,-0.01032,-0.183596,-0.183053,-0.100489,-0.205866,-0.249864,-0.262357,2,UUUU@2026-W20,32,0.021569,-0.041667,0.067122,-0.077442,0.014269,-0.197865,-0.010315,-0.172738,0.004574,-0.105063,-0.046622,-0.159244,-0.018337,-0.231527,-0.007325,-0.255032,-0.139629
UUUU:A4:2026-05-16,UUUU,A4,A,致命,False,2.5,False,x-ai/grok-4.5,False,,2026-05-16,Approaching falsification,Trending negative,1,upgrade,1,True,,1,0,2026-05-16,,18.41,hist_backfill,-0.138915,2026-05-09,,-0.020098,-0.01032,-0.183596,-0.183053,-0.100489,-0.205866,-0.249864,-0.262357,2,UUUU@2026-W20,32,0.021569,-0.041667,0.067122,-0.077442,0.014269,-0.197865,-0.010315,-0.172738,0.004574,-0.105063,-0.046622,-0.159244,-0.018337,-0.231527,-0.007325,-0.255032,-0.139629
UUUU:B1:2026-05-15,UUUU,B1,B,致命,False,2.5,False,x-ai/grok-4.5,False,,2026-05-15,partially_supported,Inconclusive,0,lateral,0,True,1,,1,2026-05-16,,18.41,hist_backfill,-0.138915,2026-05-09,,-0.020098,-0.01032,-0.183596,-0.183053,-0.100489,-0.205866,-0.249864,-0.262357,2,UUUU@2026-W20,32,0.021569,-0.041667,0.067122,-0.077442,0.014269,-0.197865,-0.010315,-0.172738,0.004574,-0.105063,-0.046622,-0.159244,-0.018337,-0.231527,-0.007325,-0.255032,-0.139629
UUUU:B1:2026-05-16,UUUU,B1,B,致命,False,2.5,False,x-ai/grok-4.5,False,,2026-05-16,Inconclusive,Trending positive,1,upgrade,1,True,,1,0,2026-05-16,,18.41,hist_backfill,-0.138915,2026-05-09,,-0.020098,-0.01032,-0.183596,-0.183053,-0.100489,-0.205866,-0.249864,-0.262357,2,UUUU@2026-W20,32,0.021569,-0.041667,0.067122,-0.077442,0.014269,-0.197865,-0.010315,-0.172738,0.004574,-0.105063,-0.046622,-0.159244,-0.018337,-0.231527,-0.007325,-0.255032,-0.139629
UUUU:B2:2026-05-15,UUUU,B2,B,致命,False,2.5,True,x-ai/grok-4.5,False,,2026-05-15,partially_supported,Inconclusive,0,lateral,0,True,1,,1,2026-05-16,,18.41,hist_backfill,-0.138915,2026-05-09,,-0.020098,-0.01032,-0.183596,-0.183053,-0.100489,-0.205866,-0.249864,-0.262357,2,UUUU@2026-W20,32,0.021569,-0.041667,0.067122,-0.077442,0.014269,-0.197865,-0.010315,-0.172738,0.004574,-0.105063,-0.046622,-0.159244,-0.018337,-0.231527,-0.007325,-0.255032,-0.139629
UUUU:B2:2026-05-16,UUUU,B2,B,致命,False,2.5,True,x-ai/grok-4.5,False,,2026-05-16,Inconclusive,Trending negative,-1,downgrade,1,True,,1,0,2026-05-16,,18.41,hist_backfill,-0.138915,2026-05-09,,-0.020098,-0.01032,-0.183596,-0.183053,-0.100489,-0.205866,-0.249864,-0.262357,2,UUUU@2026-W20,32,0.021569,-0.041667,0.067122,-0.077442,0.014269,-0.197865,-0.010315,-0.172738,0.004574,-0.105063,-0.046622,-0.159244,-0.018337,-0.231527,-0.007325,-0.255032,-0.139629
UUUU:B3:2026-05-15,UUUU,B3,B,致命,False,2.5,False,x-ai/grok-4.5,False,,2026-05-15,partially_supported,Inconclusive,0,lateral,0,True,1,,1,2026-05-16,,18.41,hist_backfill,-0.138915,2026-05-09,,-0.020098,-0.01032,-0.183596,-0.183053,-0.100489,-0.205866,-0.249864,-0.262357,2,UUUU@2026-W20,32,0.021569,-0.041667,0.067122,-0.077442,0.014269,-0.197865,-0.010315,-0.172738,0.004574,-0.105063,-0.046622,-0.159244,-0.018337,-0.231527,-0.007325,-0.255032,-0.139629
UUUU:B3:2026-05-16,UUUU,B3,B,致命,False,2.5,False,x-ai/grok-4.5,False,,2026-05-16,Inconclusive,Trending negative,-1,downgrade,1,True,35,1,0,2026-05-16,,18.41,hist_backfill,-0.138915,2026-05-09,,-0.020098,-0.01032,-0.183596,-0.183053,-0.100489,-0.205866,-0.249864,-0.262357,2,UUUU@2026-W20,32,0.021569,-0.041667,0.067122,-0.077442,0.014269,-0.197865,-0.010315,-0.172738,0.004574,-0.105063,-0.046622,-0.159244,-0.018337,-0.231527,-0.007325,-0.255032,-0.139629
UUUU:B3:2026-06-20,UUUU,B3,B,致命,False,2.5,False,x-ai/grok-4.5,False,,2026-06-20,Trending negative,Trending positive,2,upgrade,36,False,7,35,0,2026-06-20,,16.56,hist_backfill,0.101064,2026-06-13,,-0.11715,-0.166063,-0.179952,-0.306159,-0.306159,-0.317633,-0.309179,,2,UUUU@2026-W25,1,-0.045262,-0.071888,-0.025514,-0.140549,0.0,-0.179952,-0.057767,-0.248392,-0.075728,-0.230431,-0.116193,-0.20144,-0.102168,-0.207011,-0.128313,,0.083003
UUUU:B3:2026-06-27,UUUU,B3,B,致命,False,2.5,False,x-ai/grok-4.5,False,,2026-06-27,Trending positive,Approaching falsification,-3,downgrade,43,False,,7,0,2026-06-27,,14.62,hist_backfill,-0.11715,2026-06-20,,-0.055404,-0.071135,-0.21409,-0.21409,-0.227086,-0.21751,,,2,UUUU@2026-W26,1,0.016429,-0.071833,0.031256,-0.102391,-0.007387,-0.206703,-0.013485,-0.200605,-0.048075,-0.179011,-0.043423,-0.174087,-0.076047,,-0.031527,,-0.071888
UUUU:B4:2026-05-15,UUUU,B4,B,致命,False,2.5,False,x-ai/grok-4.5,False,,2026-05-15,supported,Validated,0,lateral,0,True,1,,1,2026-05-16,,18.41,hist_backfill,-0.138915,2026-05-09,,-0.020098,-0.01032,-0.183596,-0.183053,-0.100489,-0.205866,-0.249864,-0.262357,2,UUUU@2026-W20,32,0.021569,-0.041667,0.067122,-0.077442,0.014269,-0.197865,-0.010315,-0.172738,0.004574,-0.105063,-0.046622,-0.159244,-0.018337,-0.231527,-0.007325,-0.255032,-0.139629
UUUU:B4:2026-05-16,UUUU,B4,B,致命,False,2.5,False,x-ai/grok-4.5,False,,2026-05-16,Validated,Validated,0,lateral,1,True,,1,0,2026-05-16,,18.41,hist_backfill,-0.138915,2026-05-09,,-0.020098,-0.01032,-0.183596,-0.183053,-0.100489,-0.205866,-0.249864,-0.262357,2,UUUU@2026-W20,32,0.021569,-0.041667,0.067122,-0.077442,0.014269,-0.197865,-0.010315,-0.172738,0.004574,-0.105063,-0.046622,-0.159244,-0.018337,-0.231527,-0.007325,-0.255032,-0.139629
UUUU:C1:2026-05-15,UUUU,C1,C,重創,False,1.6,False,x-ai/grok-4.5,False,,2026-05-15,partially_supported,Inconclusive,0,lateral,0,True,1,,1,2026-05-16,,18.41,hist_backfill,-0.138915,2026-05-09,,-0.020098,-0.01032,-0.183596,-0.183053,-0.100489,-0.205866,-0.249864,-0.262357,2,UUUU@2026-W20,32,0.021569,-0.041667,0.067122,-0.077442,0.014269,-0.197865,-0.010315,-0.172738,0.004574,-0.105063,-0.046622,-0.159244,-0.018337,-0.231527,-0.007325,-0.255032,-0.139629
UUUU:C1:2026-05-16,UUUU,C1,C,重創,False,1.6,False,x-ai/grok-4.5,False,,2026-05-16,Inconclusive,Inconclusive,0,lateral,1,True,,1,0,2026-05-16,,18.41,hist_backfill,-0.138915,2026-05-09,,-0.020098,-0.01032,-0.183596,-0.183053,-0.100489,-0.205866,-0.249864,-0.262357,2,UUUU@2026-W20,32,0.021569,-0.041667,0.067122,-0.077442,0.014269,-0.197865,-0.010315,-0.172738,0.004574,-0.105063,-0.046622,-0.159244,-0.018337,-0.231527,-0.007325,-0.255032,-0.139629
UUUU:C2:2026-05-15,UUUU,C2,C,重創,False,1.6,False,x-ai/grok-4.5,False,,2026-05-15,partially_supported,Inconclusive,0,lateral,0,True,1,,1,2026-05-16,,18.41,hist_backfill,-0.138915,2026-05-09,,-0.020098,-0.01032,-0.183596,-0.183053,-0.100489,-0.205866,-0.249864,-0.262357,2,UUUU@2026-W20,32,0.021569,-0.041667,0.067122,-0.077442,0.014269,-0.197865,-0.010315,-0.172738,0.004574,-0.105063,-0.046622,-0.159244,-0.018337,-0.231527,-0.007325,-0.255032,-0.139629
UUUU:C2:2026-05-16,UUUU,C2,C,重創,False,1.6,False,x-ai/grok-4.5,False,,2026-05-16,Inconclusive,Trending negative,-1,downgrade,1,True,,1,0,2026-05-16,,18.41,hist_backfill,-0.138915,2026-05-09,,-0.020098,-0.01032,-0.183596,-0.183053,-0.100489,-0.205866,-0.249864,-0.262357,2,UUUU@2026-W20,32,0.021569,-0.041667,0.067122,-0.077442,0.014269,-0.197865,-0.010315,-0.172738,0.004574,-0.105063,-0.046622,-0.159244,-0.018337,-0.231527,-0.007325,-0.255032,-0.139629
UUUU:C3:2026-05-15,UUUU,C3,C,重創,False,1.6,False,x-ai/grok-4.5,False,,2026-05-15,partially_supported,Inconclusive,0,lateral,0,True,1,,1,2026-05-16,,18.41,hist_backfill,-0.138915,2026-05-09,,-0.020098,-0.01032,-0.183596,-0.183053,-0.100489,-0.205866,-0.249864,-0.262357,2,UUUU@2026-W20,32,0.021569,-0.041667,0.067122,-0.077442,0.014269,-0.197865,-0.010315,-0.172738,0.004574,-0.105063,-0.046622,-0.159244,-0.018337,-0.231527,-0.007325,-0.255032,-0.139629
UUUU:C3:2026-05-16,UUUU,C3,C,重創,False,1.6,False,x-ai/grok-4.5,False,,2026-05-16,Inconclusive,Trending positive,1,upgrade,1,True,,1,0,2026-05-16,,18.41,hist_backfill,-0.138915,2026-05-09,,-0.020098,-0.01032,-0.183596,-0.183053,-0.100489,-0.205866,-0.249864,-0.262357,2,UUUU@2026-W20,32,0.021569,-0.041667,0.067122,-0.077442,0.014269,-0.197865,-0.010315,-0.172738,0.004574,-0.105063,-0.046622,-0.159244,-0.018337,-0.231527,-0.007325,-0.255032,-0.139629
UUUU:C4:2026-05-15,UUUU,C4,C,重創,False,1.6,False,x-ai/grok-4.5,False,,2026-05-15,partially_supported,Inconclusive,0,lateral,0,True,1,,1,2026-05-16,,18.41,hist_backfill,-0.138915,2026-05-09,,-0.020098,-0.01032,-0.183596,-0.183053,-0.100489,-0.205866,-0.249864,-0.262357,2,UUUU@2026-W20,32,0.021569,-0.041667,0.067122,-0.077442,0.014269,-0.197865,-0.010315,-0.172738,0.004574,-0.105063,-0.046622,-0.159244,-0.018337,-0.231527,-0.007325,-0.255032,-0.139629
UUUU:C4:2026-05-16,UUUU,C4,C,重創,False,1.6,False,x-ai/grok-4.5,False,,2026-05-16,Inconclusive,Trending positive,1,upgrade,1,True,,1,0,2026-05-16,,18.41,hist_backfill,-0.138915,2026-05-09,,-0.020098,-0.01032,-0.183596,-0.183053,-0.100489,-0.205866,-0.249864,-0.262357,2,UUUU@2026-W20,32,0.021569,-0.041667,0.067122,-0.077442,0.014269,-0.197865,-0.010315,-0.172738,0.004574,-0.105063,-0.046622,-0.159244,-0.018337,-0.231527,-0.007325,-0.255032,-0.139629
UUUU:D1:2026-05-15,UUUU,D1,D,致命,False,2.5,False,x-ai/grok-4.5,False,,2026-05-15,supported,Validated,0,lateral,0,True,1,,1,2026-05-16,,18.41,hist_backfill,-0.138915,2026-05-09,,-0.020098,-0.01032,-0.183596,-0.183053,-0.100489,-0.205866,-0.249864,-0.262357,2,UUUU@2026-W20,32,0.021569,-0.041667,0.067122,-0.077442,0.014269,-0.197865,-0.010315,-0.172738,0.004574,-0.105063,-0.046622,-0.159244,-0.018337,-0.231527,-0.007325,-0.255032,-0.139629
UUUU:D1:2026-05-16,UUUU,D1,D,致命,False,2.5,False,x-ai/grok-4.5,False,,2026-05-16,Validated,Validated,0,lateral,1,True,,1,0,2026-05-16,,18.41,hist_backfill,-0.138915,2026-05-09,,-0.020098,-0.01032,-0.183596,-0.183053,-0.100489,-0.205866,-0.249864,-0.262357,2,UUUU@2026-W20,32,0.021569,-0.041667,0.067122,-0.077442,0.014269,-0.197865,-0.010315,-0.172738,0.004574,-0.105063,-0.046622,-0.159244,-0.018337,-0.231527,-0.007325,-0.255032,-0.139629
UUUU:D2:2026-05-15,UUUU,D2,D,致命,False,2.5,False,x-ai/grok-4.5,False,,2026-05-15,supported,Validated,0,lateral,0,True,1,,1,2026-05-16,,18.41,hist_backfill,-0.138915,2026-05-09,,-0.020098,-0.01032,-0.183596,-0.183053,-0.100489,-0.205866,-0.249864,-0.262357,2,UUUU@2026-W20,32,0.021569,-0.041667,0.067122,-0.077442,0.014269,-0.197865,-0.010315,-0.172738,0.004574,-0.105063,-0.046622,-0.159244,-0.018337,-0.231527,-0.007325,-0.255032,-0.139629
UUUU:D2:2026-05-16,UUUU,D2,D,致命,False,2.5,False,x-ai/grok-4.5,False,,2026-05-16,Validated,Validated,0,lateral,1,True,,1,0,2026-05-16,,18.41,hist_backfill,-0.138915,2026-05-09,,-0.020098,-0.01032,-0.183596,-0.183053,-0.100489,-0.205866,-0.249864,-0.262357,2,UUUU@2026-W20,32,0.021569,-0.041667,0.067122,-0.077442,0.014269,-0.197865,-0.010315,-0.172738,0.004574,-0.105063,-0.046622,-0.159244,-0.018337,-0.231527,-0.007325,-0.255032,-0.139629
UUUU:D3:2026-05-15,UUUU,D3,D,致命,False,2.5,False,x-ai/grok-4.5,False,,2026-05-15,partially_supported,Inconclusive,0,lateral,0,True,1,,1,2026-05-16,,18.41,hist_backfill,-0.138915,2026-05-09,,-0.020098,-0.01032,-0.183596,-0.183053,-0.100489,-0.205866,-0.249864,-0.262357,2,UUUU@2026-W20,32,0.021569,-0.041667,0.067122,-0.077442,0.014269,-0.197865,-0.010315,-0.172738,0.004574,-0.105063,-0.046622,-0.159244,-0.018337,-0.231527,-0.007325,-0.255032,-0.139629
UUUU:D3:2026-05-16,UUUU,D3,D,致命,False,2.5,False,x-ai/grok-4.5,False,,2026-05-16,Inconclusive,Trending positive,1,upgrade,1,True,,1,0,2026-05-16,,18.41,hist_backfill,-0.138915,2026-05-09,,-0.020098,-0.01032,-0.183596,-0.183053,-0.100489,-0.205866,-0.249864,-0.262357,2,UUUU@2026-W20,32,0.021569,-0.041667,0.067122,-0.077442,0.014269,-0.197865,-0.010315,-0.172738,0.004574,-0.105063,-0.046622,-0.159244,-0.018337,-0.231527,-0.007325,-0.255032,-0.139629
UUUU:D4:2026-05-15,UUUU,D4,D,致命,False,2.5,False,x-ai/grok-4.5,False,,2026-05-15,partially_supported,Inconclusive,0,lateral,0,True,1,,1,2026-05-16,,18.41,hist_backfill,-0.138915,2026-05-09,,-0.020098,-0.01032,-0.183596,-0.183053,-0.100489,-0.205866,-0.249864,-0.262357,2,UUUU@2026-W20,32,0.021569,-0.041667,0.067122,-0.077442,0.014269,-0.197865,-0.010315,-0.172738,0.004574,-0.105063,-0.046622,-0.159244,-0.018337,-0.231527,-0.007325,-0.255032,-0.139629
UUUU:D4:2026-05-16,UUUU,D4,D,致命,False,2.5,False,x-ai/grok-4.5,False,,2026-05-16,Inconclusive,Trending positive,1,upgrade,1,True,,1,0,2026-05-16,,18.41,hist_backfill,-0.138915,2026-05-09,,-0.020098,-0.01032,-0.183596,-0.183053,-0.100489,-0.205866,-0.249864,-0.262357,2,UUUU@2026-W20,32,0.021569,-0.041667,0.067122,-0.077442,0.014269,-0.197865,-0.010315,-0.172738,0.004574,-0.105063,-0.046622,-0.159244,-0.018337,-0.231527,-0.007325,-0.255032,-0.139629
V:A1:2026-05-15,V,A1,A,致命,False,2.5,False,x-ai/grok-4.5,False,,2026-05-15,supported,Validated,0,lateral,74,True,1,,1,2026-05-16,,325.75,hist_backfill,0.021833,2026-05-09,,0.009609,0.001873,-0.006692,-0.010315,0.004574,0.032172,0.111681,0.071282,2,V@2026-W20,26,0.021569,-0.01196,0.067122,-0.065249,0.014269,-0.020961,-0.010315,-0.0,0.004574,-0.0,-0.046622,0.078794,-0.018337,0.130018,-0.007325,0.078607,0.021119
V:A1:2026-05-16,V,A1,A,致命,False,2.5,False,x-ai/grok-4.5,False,,2026-05-16,Validated,Validated,0,lateral,75,True,,1,0,2026-05-16,,325.75,hist_backfill,0.021833,2026-05-09,,0.009609,0.001873,-0.006692,-0.010315,0.004574,0.032172,0.111681,0.071282,2,V@2026-W20,26,0.021569,-0.01196,0.067122,-0.065249,0.014269,-0.020961,-0.010315,-0.0,0.004574,-0.0,-0.046622,0.078794,-0.018337,0.130018,-0.007325,0.078607,0.021119
V:A2:2026-04-27,V,A2,A,致命,False,2.5,False,x-ai/grok-4.5,False,,2026-04-27,,,,,56,False,18,,5,2026-05-02,,328.03,hist_backfill,0.060145,2026-04-25,,-0.028168,-0.006951,0.002591,-0.005091,-0.013596,-0.017194,-0.002408,0.024998,2,V@2026-W18,2,0.02504,-0.053208,0.025309,-0.03226,0.027459,-0.024868,0.086468,-0.091559,0.034863,-0.048459,0.039942,-0.057136,0.043864,-0.046272,0.01026,0.014738,0.044532
V:A2:2026-05-15,V,A2,A,致命,False,2.5,False,x-ai/grok-4.5,False,,2026-05-15,supported,Validated,0,lateral,74,True,1,18,1,2026-05-16,,325.75,hist_backfill,0.021833,2026-05-09,,0.009609,0.001873,-0.006692,-0.010315,0.004574,0.032172,0.111681,0.071282,2,V@2026-W20,26,0.021569,-0.01196,0.067122,-0.065249,0.014269,-0.020961,-0.010315,-0.0,0.004574,-0.0,-0.046622,0.078794,-0.018337,0.130018,-0.007325,0.078607,0.021119
V:A2:2026-05-16,V,A2,A,致命,False,2.5,False,x-ai/grok-4.5,False,,2026-05-16,Validated,Validated,0,lateral,75,True,,1,0,2026-05-16,,325.75,hist_backfill,0.021833,2026-05-09,,0.009609,0.001873,-0.006692,-0.010315,0.004574,0.032172,0.111681,0.071282,2,V@2026-W20,26,0.021569,-0.01196,0.067122,-0.065249,0.014269,-0.020961,-0.010315,-0.0,0.004574,-0.0,-0.046622,0.078794,-0.018337,0.130018,-0.007325,0.078607,0.021119
V:A3:2026-05-15,V,A3,A,致命,False,2.5,True,x-ai/grok-4.5,False,,2026-05-15,supported,Validated,0,lateral,74,True,1,,1,2026-05-16,,325.75,hist_backfill,0.021833,2026-05-09,,0.009609,0.001873,-0.006692,-0.010315,0.004574,0.032172,0.111681,0.071282,2,V@2026-W20,26,0.021569,-0.01196,0.067122,-0.065249,0.014269,-0.020961,-0.010315,-0.0,0.004574,-0.0,-0.046622,0.078794,-0.018337,0.130018,-0.007325,0.078607,0.021119
V:A3:2026-05-16,V,A3,A,致命,False,2.5,True,x-ai/grok-4.5,False,,2026-05-16,Validated,Validated,0,lateral,75,True,,1,0,2026-05-16,,325.75,hist_backfill,0.021833,2026-05-09,,0.009609,0.001873,-0.006692,-0.010315,0.004574,0.032172,0.111681,0.071282,2,V@2026-W20,26,0.021569,-0.01196,0.067122,-0.065249,0.014269,-0.020961,-0.010315,-0.0,0.004574,-0.0,-0.046622,0.078794,-0.018337,0.130018,-0.007325,0.078607,0.021119
V:B1:2026-05-15,V,B1,B,重創,False,1.6,False,x-ai/grok-4.5,False,,2026-05-15,supported,Validated,0,lateral,74,True,1,,1,2026-05-16,,325.75,hist_backfill,0.021833,2026-05-09,,0.009609,0.001873,-0.006692,-0.010315,0.004574,0.032172,0.111681,0.071282,2,V@2026-W20,26,0.021569,-0.01196,0.067122,-0.065249,0.014269,-0.020961,-0.010315,-0.0,0.004574,-0.0,-0.046622,0.078794,-0.018337,0.130018,-0.007325,0.078607,0.021119
V:B1:2026-05-16,V,B1,B,重創,False,1.6,False,x-ai/grok-4.5,False,,2026-05-16,Validated,Validated,0,lateral,75,True,,1,0,2026-05-16,,325.75,hist_backfill,0.021833,2026-05-09,,0.009609,0.001873,-0.006692,-0.010315,0.004574,0.032172,0.111681,0.071282,2,V@2026-W20,26,0.021569,-0.01196,0.067122,-0.065249,0.014269,-0.020961,-0.010315,-0.0,0.004574,-0.0,-0.046622,0.078794,-0.018337,0.130018,-0.007325,0.078607,0.021119
V:B2:2026-05-15,V,B2,B,重創,False,1.6,False,x-ai/grok-4.5,False,,2026-05-15,supported,Validated,0,lateral,74,True,1,,1,2026-05-16,,325.75,hist_backfill,0.021833,2026-05-09,,0.009609,0.001873,-0.006692,-0.010315,0.004574,0.032172,0.111681,0.071282,2,V@2026-W20,26,0.021569,-0.01196,0.067122,-0.065249,0.014269,-0.020961,-0.010315,-0.0,0.004574,-0.0,-0.046622,0.078794,-0.018337,0.130018,-0.007325,0.078607,0.021119
V:B2:2026-05-16,V,B2,B,重創,False,1.6,False,x-ai/grok-4.5,False,,2026-05-16,Validated,Validated,0,lateral,75,True,,1,0,2026-05-16,,325.75,hist_backfill,0.021833,2026-05-09,,0.009609,0.001873,-0.006692,-0.010315,0.004574,0.032172,0.111681,0.071282,2,V@2026-W20,26,0.021569,-0.01196,0.067122,-0.065249,0.014269,-0.020961,-0.010315,-0.0,0.004574,-0.0,-0.046622,0.078794,-0.018337,0.130018,-0.007325,0.078607,0.021119
V:B3:2026-05-15,V,B3,B,重創,False,1.6,False,x-ai/grok-4.5,False,,2026-05-15,partially_supported,Inconclusive,0,lateral,74,True,1,,1,2026-05-16,,325.75,hist_backfill,0.021833,2026-05-09,,0.009609,0.001873,-0.006692,-0.010315,0.004574,0.032172,0.111681,0.071282,2,V@2026-W20,26,0.021569,-0.01196,0.067122,-0.065249,0.014269,-0.020961,-0.010315,-0.0,0.004574,-0.0,-0.046622,0.078794,-0.018337,0.130018,-0.007325,0.078607,0.021119
V:B3:2026-05-16,V,B3,B,重創,False,1.6,False,x-ai/grok-4.5,False,,2026-05-16,Inconclusive,Trending positive,1,upgrade,75,True,,1,0,2026-05-16,,325.75,hist_backfill,0.021833,2026-05-09,,0.009609,0.001873,-0.006692,-0.010315,0.004574,0.032172,0.111681,0.071282,2,V@2026-W20,26,0.021569,-0.01196,0.067122,-0.065249,0.014269,-0.020961,-0.010315,-0.0,0.004574,-0.0,-0.046622,0.078794,-0.018337,0.130018,-0.007325,0.078607,0.021119
V:B4:2026-03-02,V,B4,B,重創,False,1.6,False,x-ai/grok-4.5,False,,2026-03-02,,,,,0,False,74,,5,2026-03-07,,317.36,hist_backfill,-0.008684,2026-02-28,,-0.032203,-0.049597,-0.068818,-0.05218,-0.040963,-0.001071,-0.025019,0.033621,2,V@2026-W10,1,-0.013939,-0.018264,-0.038013,-0.011584,-0.06636,-0.002458,-0.041298,-0.010882,-0.029382,-0.011581,0.076721,-0.077792,0.060864,-0.085883,0.088091,-0.05447,0.016753
V:B4:2026-05-15,V,B4,B,重創,False,1.6,False,x-ai/grok-4.5,False,,2026-05-15,partially_supported,Inconclusive,0,lateral,74,True,1,74,1,2026-05-16,,325.75,hist_backfill,0.021833,2026-05-09,,0.009609,0.001873,-0.006692,-0.010315,0.004574,0.032172,0.111681,0.071282,2,V@2026-W20,26,0.021569,-0.01196,0.067122,-0.065249,0.014269,-0.020961,-0.010315,-0.0,0.004574,-0.0,-0.046622,0.078794,-0.018337,0.130018,-0.007325,0.078607,0.021119
V:B4:2026-05-16,V,B4,B,重創,False,1.6,False,x-ai/grok-4.5,False,,2026-05-16,Inconclusive,Trending positive,1,upgrade,75,True,,1,0,2026-05-16,,325.75,hist_backfill,0.021833,2026-05-09,,0.009609,0.001873,-0.006692,-0.010315,0.004574,0.032172,0.111681,0.071282,2,V@2026-W20,26,0.021569,-0.01196,0.067122,-0.065249,0.014269,-0.020961,-0.010315,-0.0,0.004574,-0.0,-0.046622,0.078794,-0.018337,0.130018,-0.007325,0.078607,0.021119
V:C1:2026-05-15,V,C1,C,輕微,False,0.4,False,x-ai/grok-4.5,False,,2026-05-15,supported,Validated,0,lateral,74,True,1,,1,2026-05-16,,325.75,hist_backfill,0.021833,2026-05-09,,0.009609,0.001873,-0.006692,-0.010315,0.004574,0.032172,0.111681,0.071282,2,V@2026-W20,26,0.021569,-0.01196,0.067122,-0.065249,0.014269,-0.020961,-0.010315,-0.0,0.004574,-0.0,-0.046622,0.078794,-0.018337,0.130018,-0.007325,0.078607,0.021119
V:C1:2026-05-16,V,C1,C,輕微,False,0.4,False,x-ai/grok-4.5,False,,2026-05-16,Validated,Validated,0,lateral,75,True,,1,0,2026-05-16,,325.75,hist_backfill,0.021833,2026-05-09,,0.009609,0.001873,-0.006692,-0.010315,0.004574,0.032172,0.111681,0.071282,2,V@2026-W20,26,0.021569,-0.01196,0.067122,-0.065249,0.014269,-0.020961,-0.010315,-0.0,0.004574,-0.0,-0.046622,0.078794,-0.018337,0.130018,-0.007325,0.078607,0.021119
V:C2:2026-05-15,V,C2,C,輕微,False,0.4,False,x-ai/grok-4.5,False,,2026-05-15,supported,Validated,0,lateral,74,True,1,,1,2026-05-16,,325.75,hist_backfill,0.021833,2026-05-09,,0.009609,0.001873,-0.006692,-0.010315,0.004574,0.032172,0.111681,0.071282,2,V@2026-W20,26,0.021569,-0.01196,0.067122,-0.065249,0.014269,-0.020961,-0.010315,-0.0,0.004574,-0.0,-0.046622,0.078794,-0.018337,0.130018,-0.007325,0.078607,0.021119
V:C2:2026-05-16,V,C2,C,輕微,False,0.4,False,x-ai/grok-4.5,False,,2026-05-16,Validated,Validated,0,lateral,75,True,,1,0,2026-05-16,,325.75,hist_backfill,0.021833,2026-05-09,,0.009609,0.001873,-0.006692,-0.010315,0.004574,0.032172,0.111681,0.071282,2,V@2026-W20,26,0.021569,-0.01196,0.067122,-0.065249,0.014269,-0.020961,-0.010315,-0.0,0.004574,-0.0,-0.046622,0.078794,-0.018337,0.130018,-0.007325,0.078607,0.021119
V:C3:2026-05-15,V,C3,C,輕微,False,0.4,False,x-ai/grok-4.5,False,,2026-05-15,supported,Validated,0,lateral,74,True,1,,1,2026-05-16,,325.75,hist_backfill,0.021833,2026-05-09,,0.009609,0.001873,-0.006692,-0.010315,0.004574,0.032172,0.111681,0.071282,2,V@2026-W20,26,0.021569,-0.01196,0.067122,-0.065249,0.014269,-0.020961,-0.010315,-0.0,0.004574,-0.0,-0.046622,0.078794,-0.018337,0.130018,-0.007325,0.078607,0.021119
V:C3:2026-05-16,V,C3,C,輕微,False,0.4,False,x-ai/grok-4.5,False,,2026-05-16,Validated,Validated,0,lateral,75,True,,1,0,2026-05-16,,325.75,hist_backfill,0.021833,2026-05-09,,0.009609,0.001873,-0.006692,-0.010315,0.004574,0.032172,0.111681,0.071282,2,V@2026-W20,26,0.021569,-0.01196,0.067122,-0.065249,0.014269,-0.020961,-0.010315,-0.0,0.004574,-0.0,-0.046622,0.078794,-0.018337,0.130018,-0.007325,0.078607,0.021119
V:D1:2026-05-15,V,D1,D,邊緣,False,0.15,False,x-ai/grok-4.5,False,,2026-05-15,supported,Validated,0,lateral,74,True,1,,1,2026-05-16,,325.75,hist_backfill,0.021833,2026-05-09,,0.009609,0.001873,-0.006692,-0.010315,0.004574,0.032172,0.111681,0.071282,2,V@2026-W20,26,0.021569,-0.01196,0.067122,-0.065249,0.014269,-0.020961,-0.010315,-0.0,0.004574,-0.0,-0.046622,0.078794,-0.018337,0.130018,-0.007325,0.078607,0.021119
V:D1:2026-05-16,V,D1,D,邊緣,False,0.15,False,x-ai/grok-4.5,False,,2026-05-16,Validated,Validated,0,lateral,75,True,,1,0,2026-05-16,,325.75,hist_backfill,0.021833,2026-05-09,,0.009609,0.001873,-0.006692,-0.010315,0.004574,0.032172,0.111681,0.071282,2,V@2026-W20,26,0.021569,-0.01196,0.067122,-0.065249,0.014269,-0.020961,-0.010315,-0.0,0.004574,-0.0,-0.046622,0.078794,-0.018337,0.130018,-0.007325,0.078607,0.021119
V:D2:2026-05-15,V,D2,D,邊緣,False,0.15,False,x-ai/grok-4.5,False,,2026-05-15,partially_supported,Inconclusive,0,lateral,74,True,1,,1,2026-05-16,,325.75,hist_backfill,0.021833,2026-05-09,,0.009609,0.001873,-0.006692,-0.010315,0.004574,0.032172,0.111681,0.071282,2,V@2026-W20,26,0.021569,-0.01196,0.067122,-0.065249,0.014269,-0.020961,-0.010315,-0.0,0.004574,-0.0,-0.046622,0.078794,-0.018337,0.130018,-0.007325,0.078607,0.021119
V:D2:2026-05-16,V,D2,D,邊緣,False,0.15,False,x-ai/grok-4.5,False,,2026-05-16,Inconclusive,Trending positive,1,upgrade,75,True,,1,0,2026-05-16,,325.75,hist_backfill,0.021833,2026-05-09,,0.009609,0.001873,-0.006692,-0.010315,0.004574,0.032172,0.111681,0.071282,2,V@2026-W20,26,0.021569,-0.01196,0.067122,-0.065249,0.014269,-0.020961,-0.010315,-0.0,0.004574,-0.0,-0.046622,0.078794,-0.018337,0.130018,-0.007325,0.078607,0.021119
V:D3:2026-04-27,V,D3,D,邊緣,False,0.15,False,x-ai/grok-4.5,False,,2026-04-27,,,,,56,False,18,,5,2026-05-02,,328.03,hist_backfill,0.060145,2026-04-25,,-0.028168,-0.006951,0.002591,-0.005091,-0.013596,-0.017194,-0.002408,0.024998,2,V@2026-W18,2,0.02504,-0.053208,0.025309,-0.03226,0.027459,-0.024868,0.086468,-0.091559,0.034863,-0.048459,0.039942,-0.057136,0.043864,-0.046272,0.01026,0.014738,0.044532
V:D3:2026-05-15,V,D3,D,邊緣,False,0.15,False,x-ai/grok-4.5,False,,2026-05-15,supported,Validated,0,lateral,74,True,1,18,1,2026-05-16,,325.75,hist_backfill,0.021833,2026-05-09,,0.009609,0.001873,-0.006692,-0.010315,0.004574,0.032172,0.111681,0.071282,2,V@2026-W20,26,0.021569,-0.01196,0.067122,-0.065249,0.014269,-0.020961,-0.010315,-0.0,0.004574,-0.0,-0.046622,0.078794,-0.018337,0.130018,-0.007325,0.078607,0.021119
V:D3:2026-05-16,V,D3,D,邊緣,False,0.15,False,x-ai/grok-4.5,False,,2026-05-16,Validated,Validated,0,lateral,75,True,,1,0,2026-05-16,,325.75,hist_backfill,0.021833,2026-05-09,,0.009609,0.001873,-0.006692,-0.010315,0.004574,0.032172,0.111681,0.071282,2,V@2026-W20,26,0.021569,-0.01196,0.067122,-0.065249,0.014269,-0.020961,-0.010315,-0.0,0.004574,-0.0,-0.046622,0.078794,-0.018337,0.130018,-0.007325,0.078607,0.021119
XE:A1:2026-05-15,XE,A1,A,重創,False,1.6,False,x-ai/grok-4.5,False,,2026-05-15,partially_supported,Inconclusive,0,lateral,7,True,1,,1,2026-05-16,,27.3,hist_backfill,-0.095427,2026-05-09,,0.037363,-0.014286,-0.215385,-0.319048,-0.210256,-0.308425,-0.367399,-0.415385,2,XE@2026-W20,24,0.021569,0.015794,0.067122,-0.081408,0.014269,-0.229654,-0.010315,-0.308733,0.004574,-0.21483,-0.046622,-0.261803,-0.018337,-0.349062,-0.007325,-0.40806,-0.096141
XE:A1:2026-05-16,XE,A1,A,重創,False,1.6,False,x-ai/grok-4.5,False,,2026-05-16,Inconclusive,Trending positive,1,upgrade,8,True,,1,0,2026-05-16,,27.3,hist_backfill,-0.095427,2026-05-09,,0.037363,-0.014286,-0.215385,-0.319048,-0.210256,-0.308425,-0.367399,-0.415385,2,XE@2026-W20,24,0.021569,0.015794,0.067122,-0.081408,0.014269,-0.229654,-0.010315,-0.308733,0.004574,-0.21483,-0.046622,-0.261803,-0.018337,-0.349062,-0.007325,-0.40806,-0.096141
XE:A2:2026-05-15,XE,A2,A,重創,False,1.6,False,x-ai/grok-4.5,False,,2026-05-15,partially_supported,Inconclusive,0,lateral,7,True,1,,1,2026-05-16,,27.3,hist_backfill,-0.095427,2026-05-09,,0.037363,-0.014286,-0.215385,-0.319048,-0.210256,-0.308425,-0.367399,-0.415385,2,XE@2026-W20,24,0.021569,0.015794,0.067122,-0.081408,0.014269,-0.229654,-0.010315,-0.308733,0.004574,-0.21483,-0.046622,-0.261803,-0.018337,-0.349062,-0.007325,-0.40806,-0.096141
XE:A2:2026-05-16,XE,A2,A,重創,False,1.6,False,x-ai/grok-4.5,False,,2026-05-16,Inconclusive,Trending positive,1,upgrade,8,True,,1,0,2026-05-16,,27.3,hist_backfill,-0.095427,2026-05-09,,0.037363,-0.014286,-0.215385,-0.319048,-0.210256,-0.308425,-0.367399,-0.415385,2,XE@2026-W20,24,0.021569,0.015794,0.067122,-0.081408,0.014269,-0.229654,-0.010315,-0.308733,0.004574,-0.21483,-0.046622,-0.261803,-0.018337,-0.349062,-0.007325,-0.40806,-0.096141
XE:A3:2026-05-15,XE,A3,A,重創,False,1.6,False,x-ai/grok-4.5,False,,2026-05-15,partially_supported,Inconclusive,0,lateral,7,True,1,,1,2026-05-16,,27.3,hist_backfill,-0.095427,2026-05-09,,0.037363,-0.014286,-0.215385,-0.319048,-0.210256,-0.308425,-0.367399,-0.415385,2,XE@2026-W20,24,0.021569,0.015794,0.067122,-0.081408,0.014269,-0.229654,-0.010315,-0.308733,0.004574,-0.21483,-0.046622,-0.261803,-0.018337,-0.349062,-0.007325,-0.40806,-0.096141
XE:A3:2026-05-16,XE,A3,A,重創,False,1.6,False,x-ai/grok-4.5,False,,2026-05-16,Inconclusive,Trending positive,1,upgrade,8,True,,1,0,2026-05-16,,27.3,hist_backfill,-0.095427,2026-05-09,,0.037363,-0.014286,-0.215385,-0.319048,-0.210256,-0.308425,-0.367399,-0.415385,2,XE@2026-W20,24,0.021569,0.015794,0.067122,-0.081408,0.014269,-0.229654,-0.010315,-0.308733,0.004574,-0.21483,-0.046622,-0.261803,-0.018337,-0.349062,-0.007325,-0.40806,-0.096141
XE:B1:2026-05-15,XE,B1,B,致命,False,2.5,False,x-ai/grok-4.5,False,,2026-05-15,challenged,Approaching falsification,0,lateral,7,True,1,,1,2026-05-16,,27.3,hist_backfill,-0.095427,2026-05-09,,0.037363,-0.014286,-0.215385,-0.319048,-0.210256,-0.308425,-0.367399,-0.415385,2,XE@2026-W20,24,0.021569,0.015794,0.067122,-0.081408,0.014269,-0.229654,-0.010315,-0.308733,0.004574,-0.21483,-0.046622,-0.261803,-0.018337,-0.349062,-0.007325,-0.40806,-0.096141
XE:B1:2026-05-16,XE,B1,B,致命,False,2.5,False,x-ai/grok-4.5,False,,2026-05-16,Approaching falsification,Trending negative,1,upgrade,8,True,77,1,0,2026-05-16,,27.3,hist_backfill,-0.095427,2026-05-09,,0.037363,-0.014286,-0.215385,-0.319048,-0.210256,-0.308425,-0.367399,-0.415385,2,XE@2026-W20,24,0.021569,0.015794,0.067122,-0.081408,0.014269,-0.229654,-0.010315,-0.308733,0.004574,-0.21483,-0.046622,-0.261803,-0.018337,-0.349062,-0.007325,-0.40806,-0.096141
XE:B1:2026-08-01,XE,B1,B,致命,False,2.5,False,x-ai/grok-4.3,False,weekly,2026-08-01,Trending negative,Trending positive,2,upgrade,85,False,,77,0,2026-08-01,0.6329,16.31,live,0.024497,2026-07-25,,,,,,,,,,2,XE@2026-W31,1,,,,,,,,,,,,,,,,,0.023266
XE:B2:2026-05-15,XE,B2,B,致命,False,2.5,False,x-ai/grok-4.5,False,,2026-05-15,partially_supported,Inconclusive,0,lateral,7,True,1,,1,2026-05-16,,27.3,hist_backfill,-0.095427,2026-05-09,,0.037363,-0.014286,-0.215385,-0.319048,-0.210256,-0.308425,-0.367399,-0.415385,2,XE@2026-W20,24,0.021569,0.015794,0.067122,-0.081408,0.014269,-0.229654,-0.010315,-0.308733,0.004574,-0.21483,-0.046622,-0.261803,-0.018337,-0.349062,-0.007325,-0.40806,-0.096141
XE:B2:2026-05-16,XE,B2,B,致命,False,2.5,False,x-ai/grok-4.5,False,,2026-05-16,Inconclusive,Trending positive,1,upgrade,8,True,,1,0,2026-05-16,,27.3,hist_backfill,-0.095427,2026-05-09,,0.037363,-0.014286,-0.215385,-0.319048,-0.210256,-0.308425,-0.367399,-0.415385,2,XE@2026-W20,24,0.021569,0.015794,0.067122,-0.081408,0.014269,-0.229654,-0.010315,-0.308733,0.004574,-0.21483,-0.046622,-0.261803,-0.018337,-0.349062,-0.007325,-0.40806,-0.096141
XE:B3:2026-05-15,XE,B3,B,致命,False,2.5,False,x-ai/grok-4.5,False,,2026-05-15,partially_supported,Inconclusive,0,lateral,7,True,1,,1,2026-05-16,,27.3,hist_backfill,-0.095427,2026-05-09,,0.037363,-0.014286,-0.215385,-0.319048,-0.210256,-0.308425,-0.367399,-0.415385,2,XE@2026-W20,24,0.021569,0.015794,0.067122,-0.081408,0.014269,-0.229654,-0.010315,-0.308733,0.004574,-0.21483,-0.046622,-0.261803,-0.018337,-0.349062,-0.007325,-0.40806,-0.096141
XE:B3:2026-05-16,XE,B3,B,致命,False,2.5,False,x-ai/grok-4.5,False,,2026-05-16,Inconclusive,Trending positive,1,upgrade,8,True,,1,0,2026-05-16,,27.3,hist_backfill,-0.095427,2026-05-09,,0.037363,-0.014286,-0.215385,-0.319048,-0.210256,-0.308425,-0.367399,-0.415385,2,XE@2026-W20,24,0.021569,0.015794,0.067122,-0.081408,0.014269,-0.229654,-0.010315,-0.308733,0.004574,-0.21483,-0.046622,-0.261803,-0.018337,-0.349062,-0.007325,-0.40806,-0.096141
XE:C1:2026-05-08,XE,C1,C,致命,False,2.5,False,x-ai/grok-4.5,False,,2026-05-08,partially_supported,challenged,-2,downgrade,0,True,7,,1,2026-05-09,,30.18,hist_backfill,-0.011464,2026-05-02,,-0.095427,-0.06163,-0.10835,-0.290258,-0.384029,-0.28562,-0.37442,-0.427767,2,XE@2026-W19,2,0.000714,-0.096141,0.022903,-0.084533,0.063736,-0.172086,0.022851,-0.313109,0.018774,-0.402803,0.039023,-0.324643,-0.014805,-0.359615,-0.010483,-0.417284,-0.036504
XE:C1:2026-05-15,XE,C1,C,致命,False,2.5,False,x-ai/grok-4.5,False,,2026-05-15,challenged,Approaching falsification,0,lateral,7,True,1,7,1,2026-05-16,,27.3,hist_backfill,-0.095427,2026-05-09,,0.037363,-0.014286,-0.215385,-0.319048,-0.210256,-0.308425,-0.367399,-0.415385,2,XE@2026-W20,24,0.021569,0.015794,0.067122,-0.081408,0.014269,-0.229654,-0.010315,-0.308733,0.004574,-0.21483,-0.046622,-0.261803,-0.018337,-0.349062,-0.007325,-0.40806,-0.096141
XE:C1:2026-05-16,XE,C1,C,致命,False,2.5,False,x-ai/grok-4.5,False,,2026-05-16,Approaching falsification,Trending negative,1,upgrade,8,True,,1,0,2026-05-16,,27.3,hist_backfill,-0.095427,2026-05-09,,0.037363,-0.014286,-0.215385,-0.319048,-0.210256,-0.308425,-0.367399,-0.415385,2,XE@2026-W20,24,0.021569,0.015794,0.067122,-0.081408,0.014269,-0.229654,-0.010315,-0.308733,0.004574,-0.21483,-0.046622,-0.261803,-0.018337,-0.349062,-0.007325,-0.40806,-0.096141
XE:C2:2026-05-15,XE,C2,C,致命,False,2.5,False,x-ai/grok-4.5,False,,2026-05-15,partially_supported,Inconclusive,0,lateral,7,True,1,,1,2026-05-16,,27.3,hist_backfill,-0.095427,2026-05-09,,0.037363,-0.014286,-0.215385,-0.319048,-0.210256,-0.308425,-0.367399,-0.415385,2,XE@2026-W20,24,0.021569,0.015794,0.067122,-0.081408,0.014269,-0.229654,-0.010315,-0.308733,0.004574,-0.21483,-0.046622,-0.261803,-0.018337,-0.349062,-0.007325,-0.40806,-0.096141
XE:C2:2026-05-16,XE,C2,C,致命,False,2.5,False,x-ai/grok-4.5,False,,2026-05-16,Inconclusive,Trending positive,1,upgrade,8,True,,1,0,2026-05-16,,27.3,hist_backfill,-0.095427,2026-05-09,,0.037363,-0.014286,-0.215385,-0.319048,-0.210256,-0.308425,-0.367399,-0.415385,2,XE@2026-W20,24,0.021569,0.015794,0.067122,-0.081408,0.014269,-0.229654,-0.010315,-0.308733,0.004574,-0.21483,-0.046622,-0.261803,-0.018337,-0.349062,-0.007325,-0.40806,-0.096141
XE:C3:2026-05-15,XE,C3,C,致命,False,2.5,False,x-ai/grok-4.5,False,,2026-05-15,partially_supported,Inconclusive,0,lateral,7,True,1,,1,2026-05-16,,27.3,hist_backfill,-0.095427,2026-05-09,,0.037363,-0.014286,-0.215385,-0.319048,-0.210256,-0.308425,-0.367399,-0.415385,2,XE@2026-W20,24,0.021569,0.015794,0.067122,-0.081408,0.014269,-0.229654,-0.010315,-0.308733,0.004574,-0.21483,-0.046622,-0.261803,-0.018337,-0.349062,-0.007325,-0.40806,-0.096141
XE:C3:2026-05-16,XE,C3,C,致命,False,2.5,False,x-ai/grok-4.5,False,,2026-05-16,Inconclusive,Inconclusive,0,lateral,8,True,,1,0,2026-05-16,,27.3,hist_backfill,-0.095427,2026-05-09,,0.037363,-0.014286,-0.215385,-0.319048,-0.210256,-0.308425,-0.367399,-0.415385,2,XE@2026-W20,24,0.021569,0.015794,0.067122,-0.081408,0.014269,-0.229654,-0.010315,-0.308733,0.004574,-0.21483,-0.046622,-0.261803,-0.018337,-0.349062,-0.007325,-0.40806,-0.096141
XE:D1:2026-05-09,XE,D1,D,重創,False,1.6,False,x-ai/grok-4.5,False,,2026-05-09,supported,partially_supported,-2,downgrade,1,True,6,,0,2026-05-09,,30.18,hist_backfill,-0.011464,2026-05-02,,-0.095427,-0.06163,-0.10835,-0.290258,-0.384029,-0.28562,-0.37442,-0.427767,2,XE@2026-W19,2,0.000714,-0.096141,0.022903,-0.084533,0.063736,-0.172086,0.022851,-0.313109,0.018774,-0.402803,0.039023,-0.324643,-0.014805,-0.359615,-0.010483,-0.417284,-0.036504
XE:D1:2026-05-15,XE,D1,D,重創,False,1.6,False,x-ai/grok-4.5,False,,2026-05-15,partially_supported,Inconclusive,0,lateral,7,True,1,6,1,2026-05-16,,27.3,hist_backfill,-0.095427,2026-05-09,,0.037363,-0.014286,-0.215385,-0.319048,-0.210256,-0.308425,-0.367399,-0.415385,2,XE@2026-W20,24,0.021569,0.015794,0.067122,-0.081408,0.014269,-0.229654,-0.010315,-0.308733,0.004574,-0.21483,-0.046622,-0.261803,-0.018337,-0.349062,-0.007325,-0.40806,-0.096141
XE:D1:2026-05-16,XE,D1,D,重創,False,1.6,False,x-ai/grok-4.5,False,,2026-05-16,Inconclusive,Trending positive,1,upgrade,8,True,,1,0,2026-05-16,,27.3,hist_backfill,-0.095427,2026-05-09,,0.037363,-0.014286,-0.215385,-0.319048,-0.210256,-0.308425,-0.367399,-0.415385,2,XE@2026-W20,24,0.021569,0.015794,0.067122,-0.081408,0.014269,-0.229654,-0.010315,-0.308733,0.004574,-0.21483,-0.046622,-0.261803,-0.018337,-0.349062,-0.007325,-0.40806,-0.096141
XE:D2:2026-05-15,XE,D2,D,重創,False,1.6,False,x-ai/grok-4.5,False,,2026-05-15,partially_supported,Inconclusive,0,lateral,7,True,1,,1,2026-05-16,,27.3,hist_backfill,-0.095427,2026-05-09,,0.037363,-0.014286,-0.215385,-0.319048,-0.210256,-0.308425,-0.367399,-0.415385,2,XE@2026-W20,24,0.021569,0.015794,0.067122,-0.081408,0.014269,-0.229654,-0.010315,-0.308733,0.004574,-0.21483,-0.046622,-0.261803,-0.018337,-0.349062,-0.007325,-0.40806,-0.096141
XE:D2:2026-05-16,XE,D2,D,重創,False,1.6,False,x-ai/grok-4.5,False,,2026-05-16,Inconclusive,Trending positive,1,upgrade,8,True,,1,0,2026-05-16,,27.3,hist_backfill,-0.095427,2026-05-09,,0.037363,-0.014286,-0.215385,-0.319048,-0.210256,-0.308425,-0.367399,-0.415385,2,XE@2026-W20,24,0.021569,0.015794,0.067122,-0.081408,0.014269,-0.229654,-0.010315,-0.308733,0.004574,-0.21483,-0.046622,-0.261803,-0.018337,-0.349062,-0.007325,-0.40806,-0.096141
XE:D3:2026-05-15,XE,D3,D,重創,False,1.6,False,x-ai/grok-4.5,False,,2026-05-15,partially_supported,Inconclusive,0,lateral,7,True,1,,1,2026-05-16,,27.3,hist_backfill,-0.095427,2026-05-09,,0.037363,-0.014286,-0.215385,-0.319048,-0.210256,-0.308425,-0.367399,-0.415385,2,XE@2026-W20,24,0.021569,0.015794,0.067122,-0.081408,0.014269,-0.229654,-0.010315,-0.308733,0.004574,-0.21483,-0.046622,-0.261803,-0.018337,-0.349062,-0.007325,-0.40806,-0.096141
XE:D3:2026-05-16,XE,D3,D,重創,False,1.6,False,x-ai/grok-4.5,False,,2026-05-16,Inconclusive,Trending positive,1,upgrade,8,True,,1,0,2026-05-16,,27.3,hist_backfill,-0.095427,2026-05-09,,0.037363,-0.014286,-0.215385,-0.319048,-0.210256,-0.308425,-0.367399,-0.415385,2,XE@2026-W20,24,0.021569,0.015794,0.067122,-0.081408,0.014269,-0.229654,-0.010315,-0.308733,0.004574,-0.21483,-0.046622,-0.261803,-0.018337,-0.349062,-0.007325,-0.40806,-0.096141
